method,year,journal,title,patterns,judgment
digital_history,2021,History in Africa,"Mapping Senufo: Reframing Questions, Reevaluating Sources, and Reimagining a Digital Monograph",\bdigital(?:e|en|es|er|ly|i[sz]\w*)?\b,correct
digital_history,2019,The American Historical Review,"Peering down the Memory Hole: Censorship, Digitization, and the Fragility of Our Knowledge Base",\bdigiti[sz]\w*,correct
digital_history,2005,Journal of Economic History,"The Ties that Divide: A Network Analysis of the International Monetary System, 1890–1910",\bnetwork analysis\b,correct
digital_history,2003,Journal for Maritime Research,"Historical research in the ‘digital era’: Techniques, and the more obvious pros and cons",\bdigital(?:e|en|es|er|ly|i[sz]\w*)?\b,correct
digital_history,2016,Law and History Review,"The Old Bailey Proceedings, 1674–1913: Text Mining for Evidence of Court Behavior",\btext[- ]?mining\b,correct
digital_history,2022,Journal of Medieval Iberian Studies,Ruling patterns in three dimensions: materiality and the art of the digitized Iberian bible,\bdigiti[sz]\w*,correct
digital_history,2021,History in Africa,Freedom Narratives: The West African Person as the Central Focus for a Digital Humanities Database,\bdigital(?:e|en|es|er|ly|i[sz]\w*)?\b,correct
digital_history,2024,Ambix,"Fire, Vulcanus , Archeus , and Alchemy: A Hybrid Close-Distant Reading of Paracelsus’s Thought on Active Agents",\bdistant reading\b,correct
digital_history,2011,Berichte zur Wissenschaftsgeschichte,LONI & Co: Die epistemische Spezifität digitaler Wissensräume in der kognitiven Neurowissenschaft,\bdigital(?:e|en|es|er|ly|i[sz]\w*)?\b,wrong
digital_history,2020,Le Mouvement social,De l’audiovisuel au numérique : tous acteurs de la communication ?,\bnum[ée]riques?\b,wrong
digital_history,2024,Rethinking History,"Dissolving boundaries: work, activity, and voluntariness in digitized capitalism",\bdigiti[sz]\w*,wrong
digital_history,2026,Journal of the Society of Architectural Historians,Piecing Together a Lost (Seljuk) Palace: Photographic Research and Digital Reconstruction,\bdigital(?:e|en|es|er|ly|i[sz]\w*)?\b,correct
digital_history,2021,The Economic History Review,"Cyberpunk Victoria: The credibility of computers and the first digital revolution, 1848–83",\bdigital(?:e|en|es|er|ly|i[sz]\w*)?\b,wrong
digital_history,2023,Early Modern Low Countries,"Reasoning with Turbulence A Quantitative Analysis of Extraordinary Times in the Digitised Resolutions of the Dutch States-General, 1705-1796",\bdigiti[sz]\w*,correct
digital_history,2025,The Public Historian,Motion Comics as Digital Public History,\bdigital(?:e|en|es|er|ly|i[sz]\w*)?\b,correct
digital_history,2016,Berichte zur Wissenschaftsgeschichte,Die Sammlung José Guadalupe Posada des Ibero‐Amerikanischen Instituts der Stiftung Preußischer Kulturbesitz – eine Fallstudie zur Digitalisierung und deren Auswirkungen auf die bibliothekarische Arbei,\bdigital(?:e|en|es|er|ly|i[sz]\w*)?\b,correct
digital_history,2021,Journal of Digital History,The Nameless Crowds: Using Quantitative Data and Digital Tools to Study the Ancient Vocabulary of the Crowd in Tacitus,\bdigital(?:e|en|es|er|ly|i[sz]\w*)?\b,correct
digital_history,2020,History in Africa,Preserving and Digitizing Djenné’s Manuscript Collections: The Politics of Space and Agency in Central Mali,\bdigiti[sz]\w*,correct
digital_history,2024,Journal of Digital History,In search of an interpretative environment for digital traces: the building of Arvest,\bdigital(?:e|en|es|er|ly|i[sz]\w*)?\b,correct
digital_history,2022,Contributions to the History of Concepts,Digital Conceptual History and the Emergence of a Globalized Climate Imaginary,\bdigital(?:e|en|es|er|ly|i[sz]\w*)?\b,correct
digital_history,2011,History Compass,"Emotions, Digital Tools and Public Histories: Digital Storytelling using Windows Movie Maker in the History Tertiary Classroom",\bdigital(?:e|en|es|er|ly|i[sz]\w*)?\b,correct
digital_history,2020,Acta Baltica Historiae et Philosophiae Scientiarum,‘End of Theory’ in the Era of Big Data: Methodological Practices and Challenges in Social Media Studies,\bbig data\b,correct
digital_history,2019,Isis,Computational History of Knowledge: Challenges and Opportunities,\bcomputational\b,correct
digital_history,2013,Cultural & Social History,Confronting the Digital Or How Academic History Writing Lost the Plot,\bdigital(?:e|en|es|er|ly|i[sz]\w*)?\b,correct
digital_history,2025,Transactions of the Royal Historical Society,What is Digital Global History Now?,\bdigital(?:e|en|es|er|ly|i[sz]\w*)?\b,correct
digital_history,2007,East Central Europe,Historical Studies of Elite Groups in the Age of Computer Science: The Case of Post-Feudal Hungary Etudes historiques des elites à l'age du numerique : Le cas de le Hongrie post feodale Historische St,\bnum[ée]riques?\b,correct
digital_history,2024,Past & Present,The Atmosphere in Spatial History: Digital Evidence and Visual Argument,\bdigital(?:e|en|es|er|ly|i[sz]\w*)?\b,correct
digital_history,2022,Journal of Digital History,Replicating the Kinora: 3D modelling and printing as heuristics in digital media history,\bdigital(?:e|en|es|er|ly|i[sz]\w*)?\b,correct
digital_history,2021,Sport in History,"#hoops #basketballhistory @Hoops_Heritage: examining possibilities for basketball heritage within the context of higher education, critical museology and digital redirections",\bdigital(?:e|en|es|er|ly|i[sz]\w*)?\b,wrong
digital_history,2021,Journal of World History,Between Oceans and Continents: Slavery in Portuguese Mozambique through Digital Methods in Collaborative Research,\bdigital(?:e|en|es|er|ly|i[sz]\w*)?\b,correct
quant,2011,History of Political Economy,Corrado Gini (1884–1965): The Leading Figure of the Italian Group in the Econometric Society,\beconometric\w*,wrong
quant,1941,Journal of Economic History,Statistics and Economic History,\bstatistic\w*,correct
quant,2012,History Compass,"Lies, Damned Lies and Statistics? Nineteenth Century Crime Statistics for England and Wales as a Historical Source",\bstatistic\w*,correct
quant,1971,"Annales. Économies, sociétés, civilisations",Les primitifs du Rousseauisme : une analyse sociologique et quantitative de la correspondance de J.-J. Rousseau,\bquantitativ\w*,correct
quant,2020,Russian History,The Lady Vanishes: The Death of Anastasiia and Ivan’s Regression to Ancestral Evil,\bregression\w*,wrong
quant,2009,Slavery & Abolition,"American Slavery in Recent Brazilian Scholarship, with Emphasis on Quantitative Socio-economic Studies",\bquantitativ\w*,correct
quant,1987,The British Journal for the History of Science,Editing the Darwin Correspondence: A Quantitative Perspective,\bquantitativ\w*,correct
quant,2026,Global Environment,"Rationalising planetary relations: The planetary health diet, quantification and multispecies communities",\bquantif\w*,wrong
quant,2021,History of Political Economy,Exploring the History of Statistical Inference in Economics,\bstatistic\w*,wrong
quant,2025,Business History,Stability in search of explanations: Quantifying Italian businesswomen in the twentieth century,\bquantif\w*,correct
quant,2019,Journal of Interdisciplinary History,The History of Quantification in History: The JIH as a Case Study,\bquantif\w*,correct
quant,1991,Social History of Medicine,"Disease, Febrile Poisons, and Statistics: The Census as a Medical Survey, 1841–1911",\bstatistic\w*,wrong
quant,2020,Quinto Sol,Three profiles of statistical offic ials of the Argentine State under classical Peronism (1944 - 1955),\bstatistic\w*,wrong
quant,1990,"Annales. Économies, sociétés, civilisations",Des Catégories aux Liens Individuels : L'Analyse Statistique de L'Espace Social,\bstatistique\w*,correct
quant,2000,Medical History,"Medical statistics, patronage and the state: The development of the MRC Statistical Unit, 1911–1948",\bstatistic\w*,wrong
quant,1978,History of Political Economy,"Carl Snyder, Pioneer Economic Statistician and Monetarist",\bstatistic\w*,wrong
quant,2014,Journal of Religious History,"The Baha'i Faith: Distribution Statistics, 1925–1949",\bstatistic\w*,correct
quant,1988,Historical Methods,An Introduction to the Use of Ecological and Robust Regression in Historical Research,\bregression\w*,correct
quant,2022,Journal of Migration History,Local Migration of Peasants in the Late Middle Ages: a Quantitative Analysis of the Cheb City-State 1442–1456,\bquantitativ\w*,correct
quant,2023,Early Modern Low Countries,"Reasoning with Turbulence A Quantitative Analysis of Extraordinary Times in the Digitised Resolutions of the Dutch States-General, 1705-1796",\bquantitativ\w*,correct
quant,1951,The Economic History Review,STATISTICAL TRENDS AND HISTORICAL CHANGES,\bstatistic\w*,correct
quant,2017,The Economic History Review,"Trends in morbidity: national statistics on sickness claims among the working population in Sweden, 1892–1954",\bstatistic\w*,correct
quant,2014,South African Historical Journal,The Quantitative Cape: A Review of the New Historiography of the Dutch Cape Colony,\bquantitativ\w*,correct
quant,2008,Journal of Economic History,Economic Growth in the Lower Yangzi Region of China in 1911–1937: A Quantitative and Historical Analysis,\bquantitativ\w*,correct
quant,2001,History of Political Economy,March to Numbers: The Statistical Style of Lucien March,\bstatistic\w*,wrong
quant,1977,Tijdschrift voor Rechtsgeschiedenis,Rechtsgeschichte Und Quantitative Geschichte,\bquantitativ\w*,correct
quant,2014,Historical Methods,Microdata on the Belgian Population for 1961–2001: Documenting and Reconstructing the 1961 Census Sample,\bmicrodata\b,correct
quant,1998,Le Mouvement social,Surpopulation ou insalubrité: deux statistiques pour décrire l'habitat populaire (1880-1914),\bstatistique\w*,correct
quant,2021,Journal of Digital History,The Nameless Crowds: Using Quantitative Data and Digital Tools to Study the Ancient Vocabulary of the Crowd in Tacitus,\bquantitativ\w*,correct
quant,2020,History of Political Economy,Engineering the “Statistical Control of Business”,\bstatistic\w*,wrong
oral,1985,The Journal of African History,Islam in the Oral Traditions of Mali: Bilali and Surakata,\boral tradition\w*,correct
oral,2019,Itinerario,"“Historians Should Explore Rather Than Sticking with What They Know”: Interview with Professor Harold Cook, Brown University",\binterview\w*,wrong
oral,2001,Itinerario,‘Asia in the Making of Europe’. An Interview with Edwin Van Kley,\binterview\w*,wrong
oral,1972,Labour History Review,Essay in Oral History,\boral histor\w*,correct
oral,2009,Global Environment,On Nature and Power . Interview with Joachim Radkau,\binterview\w*,wrong
oral,2012,Journal of Historical Sociology,Between Craft and Method: Meaning and Inter‐subjectivity in Oral History Analysis,\boral histor\w*,correct
oral,2017,Itinerario,"“If we go along with the mood of the moment, our books become tombstones in graveyards no one visits anymore”: Interview with Tony Hopkins",\binterview\w*,wrong
oral,1991,Itinerario,On Discovering the Expansion of Europe. Interview with George D. Winius,\binterview\w*,wrong
oral,2002,Itinerario,The Historian Who Does Not Act in a Correct Philological Way is Ethically Unacceptable: An Interview with B.N. Teensma,\binterview\w*,wrong
oral,2012,Global Environment,"Displacement, Migration, and Environmental Change. An Interview with Anthony Oliver-Smith",\binterview\w*,wrong
oral,1985,History Workshop Journal,"Oral Testimony, the Law and the Making of History: the ‘April 7’ Murder Trial",\boral testimon\w*,correct
oral,2016,Ming Studies,Interviews with Ming Scholars,\binterview\w*,wrong
oral,1998,Radical History Review,Locating the Black Intellectual: An Interview with Harold Cruse,\binterview\w*,wrong
oral,1986,Radical History Review,Carlo Ginzburg: An Interview,\binterview\w*,wrong
oral,1987,Pacific Historical Review,The Earl Warren Oral History Project: An Appraisal,\boral histor\w*,correct
oral,1983,History Workshop Journal,‘To Recondition Human Material…’: an Account of a British Labour Camp in the 1930s An Interview with William Heard,\binterview\w*,correct
oral,1978,Radical History Review,“We Want Integrity”: an Interview with Al Sisti,\binterview\w*,correct
oral,1999,South African Historical Journal,"Interview with Elizabeth van Heyningen, Nigel Worden and Vivian Bickford-Smith",\binterview\w*,wrong
oral,2007,Journal of the History of Ideas,Intellectual History and Democracy: An Interview with Pierre Rosanvallon,\binterview\w*,wrong
oral,2017,Cahiers du Monde Russe,"Interview with Richard Pipes May 14, 2015",\binterview\w*,wrong
oral,2022,Paedagogica Historica,"Towards a racial justice project: oral history methodology, critical race theory, and African American education",\boral histor\w*,correct
oral,1990,Journal of Women's History,Women and Work in the Third World: Indonesian Women's Oral Histories,\boral histor\w*,correct
oral,2020,Rethinking History,"Interviewing everyman: William Sheridan Allen, Theodore Rosengarten, and the allure of pseudonymous history",\binterview\w*,correct
oral,2006,Itinerario,"‘Slavery, Migration, and the Atlantic World’ An Interview with Piet Emmer",\binterview\w*,wrong
oral,1990,Radical History Review,Oral History and South African Historians,\boral histor\w*,correct
oral,2023,History Workshop Journal,When History Empowers: Recovering the Life Stories of the Begums of Bhopal for Women’s Learning and Gender Equality,\blife stor(?:y|ies)\b,correct
oral,2026,Berichte zur Wissenschaftsgeschichte,"Controlling the Field: Memory, Labor, and Ethics in Oral Histories of Brazilian Human Genetics**",\boral histor\w*,correct
oral,2024,History of Retailing and Consumption,‘The Store’ Oral History Project,\boral histor\w*,correct
oral,2007,History of Political Economy,Oral History and the Historical Reconstruction of Chicago Economics,\boral histor\w*,correct
oral,2019,The British Journal for the History of Science,What oral historians and historians of science can learn from each other,\boral histor\w*,correct
spatialhistory,2013,Contemporary European History,Spatial Legacies of the Welfare State: Housing and Beyond,\bspatial(?:ity|ities|ly)?\b,correct
spatialhistory,2009,Imago Mundi,"Cartography in Antiquity and the Middle Ages: Fresh Perspectives, New Methods. Edited by Richard J. A. Talbert and Richard W. Unger. Pictura et Scriptura: textes, images, et herméneutique des mappae m",\bspatial(?:ity|ities|ly)?\b,wrong
spatialhistory,2015,Urban History,"Marketplaces and central spaces: markets and the rise of competing spatial ideals in Danish city centres, c. 1850–1900",\bspatial(?:ity|ities|ly)?\b,correct
spatialhistory,2015,Twentieth-Century China,"THE SPATIAL LEGACY OF INFORMAL EMPIRE: OIL, THE SOVIET UNION, AND THE CONTOURS OF ECONOMIC DEVELOPMENT IN CHINA'S FAR WEST",\bspatial(?:ity|ities|ly)?\b,correct
spatialhistory,2022,Social Science History,Situating Politics: Spatial Heterogeneity and the Study of Political History,\bspatial(?:ity|ities|ly)?\b,correct
spatialhistory,2020,Urban History,An urban–rural continuum? A spatial comparison in mid-eighteenth-century northern Germany,\bspatial(?:ity|ities|ly)?\b,correct
spatialhistory,2026,Historical Methods,Creating and sustaining public engagement in spatial humanities and deep mapping projects,\bspatial(?:ity|ities|ly)?\b,correct
spatialhistory,2007,Paedagogica Historica,Disruptive Dynamics: The Spatial Dimensions of the Spanish Networks in the Spread of Monitorial Schooling (1815–1825),\bspatial(?:ity|ities|ly)?\b,correct
spatialhistory,2023,Revolutionary Russia,"Spaces of Revolution: The Spatial Tactics of Urban Socialism in a Siberian City, c. 1895–1905",\bspatial(?:ity|ities|ly)?\b,correct
spatialhistory,1994,Urban History Review,"Mapping the Changes: The spatial development of Industrial Montreal, 1861–1929",\bspatial(?:ity|ities|ly)?\b,correct
spatialhistory,2002,The American Historical Review,Fictions of Privacy: House Chapels and the Spatial Accommodation of Religious Dissent in Early Modern Europe,\bspatial(?:ity|ities|ly)?\b,correct
spatialhistory,2012,Journal of Historical Geography,"A history of transboundary storm water flows: flooding, tunnels, and the spatial incongruity of the U.S.–Mexico border",\bspatial(?:ity|ities|ly)?\b,correct
spatialhistory,1979,Journal of the Society of Architectural Historians,Spatial Innovations in the Chevet of Saint-Germain-des-Prés,\bspatial(?:ity|ities|ly)?\b,wrong
spatialhistory,2012,Western Historical Quarterly,Divided Waters: Heiltsuk Spatial Management of Herring Fisheries and the Politics of Native Sovereignty,\bspatial(?:ity|ities|ly)?\b,correct
spatialhistory,2026,International Journal of Korean History,Cultural Fluctuations and the Spatial Realignment of Chin-bŏn in the Northern Liaodong and Southwestern Jilin Borderlands during the Early Iron Age,\bspatial(?:ity|ities|ly)?\b,correct
spatialhistory,2010,Journal of global History,Global history and the spatial turn: from the impact of area studies to the study of critical junctures of globalization,\bspatial(?:ity|ities|ly)?\b,correct
spatialhistory,2020,Historical Methods,Routes as latent information—spatial analysis of historical pathways on the peripheries of the Victorian gold fields,\bspatial(?:ity|ities|ly)?\b,correct
spatialhistory,1977,Pacific Historical Review,"Work and Restlessness: Occupational and Spatial Mobility among Mexicanos in Los Angeles, 1918-1928",\bspatial(?:ity|ities|ly)?\b,wrong
spatialhistory,2014,Historical Methods,The East-West Gradient in Spatial Population Development Within Germany Temporary GDR Legacy Versus Longstanding Spatial Disparities,\bspatial(?:ity|ities|ly)?\b,correct
spatialhistory,2014,European History Quarterly,The Spatial Turn of Social and Cultural History: A Review of the Current Field,\bspatial(?:ity|ities|ly)?\b,correct
spatialhistory,2007,Social Science History,Modernization and Inequality in Pre-Famine Ireland: An Exploratory Spatial Analysis,\bspatial(?:ity|ities|ly)?\b,correct
spatialhistory,2021,French Historical Studies,The French Revolution and the New Spatial Format for Empire,\bspatial(?:ity|ities|ly)?\b,correct
spatialhistory,2024,Planning Perspectives,Spatial planning in post-colonial Morocco: an institutional design for decolonization,\bspatial(?:ity|ities|ly)?\b,wrong
spatialhistory,2008,Technology and Culture,"The City from Thirty Thousand Feet: Embodiment, Creativity, and the Use of Geographic Information Systems as Urban Planning Tools",\bgeographic(?:al)? information system\w*,correct
spatialhistory,2020,Journal of Historical Geography,Mining meaning: telling spatial histories of the Britannia Mine,\bspatial(?:ity|ities|ly)?\b,correct
spatialhistory,2018,Planning Perspectives,Institutionalizing EU strategic spatial planning into domestic planning systems: trajectories of change in Italy and England,\bspatial(?:ity|ities|ly)?\b,wrong
spatialhistory,2003,Technology and Culture,"The ""Freer Men"" of Ham Radio: How a Technical Hobby Provided Social and Spatial Distance",\bspatial(?:ity|ities|ly)?\b,wrong
spatialhistory,2013,Histoire Urbaine,"Visiting the theatre Spatial regulation and segregation around theatre halls: Amsterdam and The Hague, 1750-1900",\bspatial(?:ity|ities|ly)?\b,correct
spatialhistory,2019,Past & Present,History Without Scale: The Micro-Spatial Perspective*,\bspatial(?:ity|ities|ly)?\b,correct
spatialhistory,2024,Past & Present,The Atmosphere in Spatial History: Digital Evidence and Visual Argument,\bspatial(?:ity|ities|ly)?\b,correct
micro,2025,Journal of Contemporary History,"Dictatorship, War, and the Transition to Democracy: A Microhistory of the Town of Correa (Santa Fe)",\bmicro-?histor\w*,correct
micro,2004,Family and Community History,"INFANT MORTALITY IN ASYLUM ROAD,KINGSTON UPON THAMES,1872-1911: AN EXERCISE IN MICROHISTORY",\bmicro-?histor\w*,correct
micro,2010,Cultural & Social History,Microhistory and the Histories of Everyday Life,\bmicro-?histor\w*,correct
micro,2007,Continuity and Change,Microhistory in early modern London: John Bedford (1601–1667),\bmicro-?histor\w*,correct
micro,2019,Past & Present,"Sea Otters and Iron: A Global Microhistory of Value and Exchange at Nootka Sound, 1774–1792*",\bmicro-?histor\w*,correct
micro,2026,Revue historique,Dossier médical d’hospitalisation et pratiques de soin en psychiatrie. Étude micro-historique d’un dossier issu de l’hôpital Sainte-Anne à la fin du xix e siècle,\bmicro-?histor\w*,correct
micro,2021,Anuario de Estudios Americanos,Anochece en Santa Ana: microhistoria de un barangay filipino y su conexión con el mundo globalizado de la segunda mitad del siglo XVII,\bmicro-?histor\w*,correct
micro,2007,East Central Europe,The Joy of Everyday Life: Microhistory and the History of Everyday Life in the Socialist Dictatorships La joie du quotiden : L'histoire sociale entre oppression et resistance Die Freude des Täglichen:,\bmicro-?histor\w*,correct
micro,2018,"Annales. Histoire, Sciences Sociales — English Edition",Global Microhistory: A Case to Follow,\bmicro-?histor\w*,correct
micro,1999,Family and Community History,INDUSTRIALIZATION IN BRITAIN: THE CHALLENGE OF MICRO-HISTORY,\bmicro-?histor\w*,correct
micro,2018,"Annales. Histoire, Sciences Sociales — English Edition","A Life Lived Across Continents: The Global Microhistory of an Armenian Agent of the Compagnie des Indes Orientales, 1666–1688",\bmicro-?histor\w*,correct
micro,2023,French Colonial History,"Une ville-mine d'Algérie par les archives de ses protagonistes (Aïn Mokra, mi-XIXe siècle—fin XIXe siècle) : Jalons d'une micro-histoire en situation coloniale",\bmicro-?histoire\w*,correct
micro,2011,Journal of Egyptian History,"Controlled Damage: The Mechanics and Micro-History of the Damnatio Memoriae Carried Out in KV-23, the Tomb of Ay",\bmicro-?histor\w*,correct
micro,2024,Management and Organizational History,A microhistory of architecture historical imagination and the Bauhaus,\bmicro-?histor\w*,correct
micro,2025,Management and Organizational History,Reframing the past: microhistory’s analytical promise for management and organizational history,\bmicro-?histor\w*,correct
micro,2024,Management and Organizational History,Take-off in Bogotá: a microhistory of the World Bank’s early missions in Colombia (1948–1957),\bmicro-?histor\w*,correct
micro,2003,Slavery & Abolition,"Hearing Voices: Microhistory, Dialogicality and the Recovery of Popular Culture on an Eighteenth-Century Virginia Plantation",\bmicro-?histor\w*,correct
micro,2023,Journal of Management History,ANTi-microhistory of social innovation: humanistic education at Robert Owen’s New Harmony experiment,\bmicro-?histor\w*,correct
micro,2006,Journal of Social History,To Study the Fragments/Whole: Microhistory and the Atlantic World,\bmicro-?histor\w*,correct
micro,2024,Management and Organizational History,Governing the factory: microhistories of the present,\bmicro-?histor\w*,correct
micro,2001,The Journal of African History,"TRANSCENDING THE LIMITS OF MICROHISTORY: Rogues, Rebels and Runaways: Eighteenth-Century Cape Characters. By NIGEL PENN. Hilversum: Verloren, 1999. Pp. viii + 195. F35, paperback (ISBN 90-6550-054-5).",\bmicro-?histor\w*,correct
micro,2010,Speculum,The Floods of 589 and Climate Change at the Beginning of the Middle Ages: An Italian Microhistory,\bmicro-?histor\w*,correct
micro,2016,History Workshop Journal,Visions in a Ninth-Century Village: an Early Medieval Microhistory,\bmicro-?histor\w*,correct
micro,2018,"Annales. Économies, sociétés, civilisations",La microhistoire globale : affaire(s) à suivre,\bmicro-?histoire\w*,correct
micro,2023,Oxford Art Journal,A Microhistory of Heritage Creation Processes: The Impressionists Exhibited at the Orangerie (1930–1937),\bmicro-?histor\w*,correct
micro,2011,Modern Intellectual History,THE WARREN COMMISSION AND THE DONS: AN ANGLO-AMERICAN MICROHISTORY,\bmicro-?histor\w*,correct
micro,2025,Law and History Review,Women on the Death Railway: A Microhistory of Victimization and Agency,\bmicro-?histor\w*,correct
micro,2019,Past & Present,Introduction: Seeing the World like a Microhistorian*,\bmicro-?histor\w*,correct
micro,2014,Journal of Contemporary History,"Between Empire and Nation: A Micro-Historical Approach to Japanese Repatriation and the Korean Economy During the US Occupation of Korea, 1945–6",\bmicro-?histor\w*,correct
micro,2023,Twentieth-Century China,"The Making of ""Evil Tyrant Landlords"": A Microhistory of Moralized Class Division during Land Reform in Beijing's Suburbs, 1949",\bmicro-?histor\w*,correct
