method,doi,matched_pattern,judgment
digital_history,10.1017/jch.2021.31,\bnetwork analysis\b,correct
digital_history,10.1111/1468-0424.12702,\bdigital(?:e|en|es|er|ly|i[sz]\w*)?\b,correct
digital_history,10.1017/s0018246x12000635,\bdigital(?:e|en|es|er|ly|i[sz]\w*)?\b,correct
digital_history,10.1017/s0010417522000378,\bdigital(?:e|en|es|er|ly|i[sz]\w*)?\b,wrong
digital_history,10.1111/emed.12619,\bcorpus linguistic\w*,correct
digital_history,10.1108/jmh-09-2025-0163,\bdigital(?:e|en|es|er|ly|i[sz]\w*)?\b,wrong
digital_history,10.1163/22141332-00702009,\bdigital(?:e|en|es|er|ly|i[sz]\w*)?\b,correct
digital_history,10.1002/bewi.70001,\bdigital(?:e|en|es|er|ly|i[sz]\w*)?\b,wrong
digital_history,10.1177/22308075231226368,\bdigital(?:e|en|es|er|ly|i[sz]\w*)?\b,wrong
digital_history,10.1515/hzhz-2021-0025,\bdigital(?:e|en|es|er|ly|i[sz]\w*)?\b,correct
digital_history,10.1111/hith.12113,\bcomputational\b,wrong
digital_history,10.3406/rhr.1971.9698,\bnum[ée]riques?\b,wrong
digital_history,10.1111/j.1468-0289.2010.00591.x,\bdigiti[sz]\w*,correct
digital_history,10.1017/s000708742510109x,\bdigital(?:e|en|es|er|ly|i[sz]\w*)?\b,wrong
digital_history,10.1163/23519924-00201006,\bdigiti[sz]\w*,correct
digital_history,10.1215/01636545-2375232,\bdigital(?:e|en|es|er|ly|i[sz]\w*)?\b,wrong
digital_history,10.1111/1750-0206.12412,\bdigital(?:e|en|es|er|ly|i[sz]\w*)?\b,correct
digital_history,10.1017/s0010417525000052,\bnetwork analysis\b,correct
digital_history,10.1215/01636545-2402018,\bdigital(?:e|en|es|er|ly|i[sz]\w*)?\b,correct
digital_history,10.1017/s001041751100048x,\bdigital(?:e|en|es|er|ly|i[sz]\w*)?\b,wrong
quant,10.1215/00141801-2010-002,\bquantitativ\w*,correct
quant,10.1017/jbr.2017.61,\bquantitativ\w*,wrong
quant,10.3406/ahess.1978.293909,\bquantitativ\w*,correct
quant,10.3280/mer2012-040003,\bquantitativ\w*,wrong
quant,10.1111/ehr.13094,\bquantitativ\w*,correct
quant,10.1017/s0018246x12000635,\bquantitativ\w*,correct
quant,10.1017/s0010417522000378,\bquantif\w*,wrong
quant,10.1353/tech.0.0049,\bquantitativ\w*,wrong
quant,10.3406/rnord.1978.3473,\bquantitativ\w*,correct
quant,10.1017/s0963926820000176,\bquantitativ\w*,correct
quant,10.1111/emed.12619,\bquantitativ\w*,correct
quant,10.3917/gmcc.220.0097,\bquantitativ\w*,wrong
quant,10.1017/ssh.2015.84,\bmicrodata\b,correct
quant,10.1111/j.1468-0289.2008.00427.x,\bquantitativ\w*,correct
quant,10.1002/jhbs.21592,\bstatistical (?:analys[ie]s|methods?|model\w*|approach\w*|evidence|stud(?:y|ies)|investigation\w*)\b,correct
quant,10.1111/ehr.13227,\bmicrodata\b,correct
quant,10.1093/tcbh/hwac010,\bquantitativ\w*,correct
quant,10.1111/j.1468-0289.2011.00616.x,\bquantitativ\w*,correct
quant,10.3406/ahess.1972.422587,\banalyse statistique\b,correct
quant,10.7202/1017629ar,\bquantitativ\w*,correct
oral,10.1017/s0145553200012049,\blife stor(?:y|ies)\b,correct
oral,10.2307/3171507,\boral tradition\w*,correct
oral,10.1111/1468-0424.12685,\boral testimon\w*,correct
oral,10.1017/s002185370001937x,\boral tradition\w*,correct
oral,10.1017/s0960777325000244,\boral histor\w*,correct
oral,10.1017/s0963926814000595,\boral testimon\w*,correct
oral,10.1162/jcws_a_00948,\boral histor\w*,correct
oral,10.1017/s0021853724000331,\boral histor\w*,correct
oral,10.1093/tcbh/hwad050,\boral histor\w*,correct
oral,10.1177/0096144220968078,\boral testimon\w*,correct
oral,10.5406/21558450.50.3.08,\boral histor\w*,correct
oral,10.1163/187633003x00117,\boral tradition\w*,wrong
oral,10.1163/23519924-08010003,\boral histor\w*,correct
oral,10.1093/ahr/rhad050,\boral testimon\w*,correct
oral,10.1111/1468-0424.12531,\boral histor\w*,correct
oral,10.1017/s0147547916000090,\boral histor\w*,correct
oral,10.1017/s0960777312000306,\boral histor\w*,correct
oral,10.1093/jhmas/jrad024,\boral histor\w*,correct
oral,10.3138/jh-2020-0075,\boral histor\w*,correct
oral,10.1017/mah.2026.10098,\boral histor\w*,correct
spatialhistory,10.3138/uhr-2022-0032,\bspatial(?:ity|ities|ly)?\b(?! planning| mobility),correct
spatialhistory,10.1525/jsah.2023.82.4.449,\bspatial(?:ity|ities|ly)?\b(?! planning| mobility),wrong
spatialhistory,10.1017/s0021853717000032,(?-i:\bH?GIS\b),correct
spatialhistory,10.1017/s0963926820000176,(?-i:\bH?GIS\b),correct
spatialhistory,10.3167/choc.2020.150206,\bspatial(?:ity|ities|ly)?\b(?! planning| mobility),correct
spatialhistory,10.1177/0096144210374015,\bspatial(?:ity|ities|ly)?\b(?! planning| mobility),correct
spatialhistory,10.1002/jhbs.21592,\bspatial(?:ity|ities|ly)?\b(?! planning| mobility),wrong
spatialhistory,10.7202/1019498ar,\bspatial(?:ity|ities|ly)?\b(?! planning| mobility),correct
spatialhistory,10.1353/jwh.2024.a935011,\bspatial(?:ity|ities|ly)?\b(?! planning| mobility),correct
spatialhistory,10.1353/jwh.2006.0016,\bspatial(?:ity|ities|ly)?\b(?! planning| mobility),correct
spatialhistory,10.1017/s0145553200011214,(?-i:\bH?GIS\b),correct
spatialhistory,10.1177/0096144208322463,\bspatial(?:ity|ities|ly)?\b(?! planning| mobility),correct
spatialhistory,10.17104/1611-8944-2018-1-40,\bspatial(?:ity|ities|ly)?\b(?! planning| mobility),correct
spatialhistory,10.1162/002219502317345565,\bspatial(?:ity|ities|ly)?\b(?! planning| mobility),wrong
spatialhistory,10.1017/s0956793312000192,\bspatial(?:ity|ities|ly)?\b(?! planning| mobility),correct
spatialhistory,10.1177/0096144218765456,\bspatial(?:ity|ities|ly)?\b(?! planning| mobility),correct
spatialhistory,10.1111/j.1468-0424.2009.01569.x,\bspatial(?:ity|ities|ly)?\b(?! planning| mobility),wrong
spatialhistory,10.1111/hith.12136,\bspatial(?:ity|ities|ly)?\b(?! planning| mobility),wrong
spatialhistory,10.1017/s0020859009990344,\bspatial(?:ity|ities|ly)?\b(?! planning| mobility),correct
spatialhistory,10.1215/00141801-2414163,\bspatial(?:ity|ities|ly)?\b(?! planning| mobility),correct
