run,target,item,judgment
mentions-v1,none:transnational_history,hnet:review:classic:13093,wrong
mentions-v1,none:transnational_history,hnet:review:classic:12755,wrong
mentions-v1,none:transnational_history,hnet:review:classic:10242,correct
mentions-v1,none:transnational_history,hnet:review:classic:10242,correct
mentions-v1,none:transnational_history,hnet:review:classic:10511,wrong
mentions-v1,none:transnational_history,hnet:review:classic:10511,wrong
mentions-v1,none:transnational_history,hnet:review:classic:10889,wrong
mentions-v1,none:transnational_history,hnet:review:classic:10568,correct
mentions-v1,none:transnational_history,hnet:review:classic:13787,correct
mentions-v1,none:transnational_history,hnet:review:classic:13303,wrong
mentions-v1,none:transnational_history,hnet:review:classic:11433,wrong
mentions-v1,none:transnational_history,hnet:review:classic:12635,correct
mentions-v1,memory,hnet:review:classic:17549,wrong
mentions-v1,memory,hnet:review:classic:17317,correct
mentions-v1,memory,hnet:review:classic:13932,correct
mentions-v1,memory,hnet:review:classic:13932,correct
mentions-v1,memory,hnet:review:classic:15231,correct
mentions-v1,memory,hnet:review:classic:17584,correct
mentions-v1,memory,hnet:review:classic:17584,correct
mentions-v1,memory,hnet:review:classic:11664,correct
mentions-v1,memory,hnet:review:classic:11381,correct
mentions-v1,memory,hnet:review:classic:11381,correct
mentions-v1,memory,hnet:review:classic:11381,correct
mentions-v1,memory,hnet:review:classic:11381,correct
mentions-v1,psychohistory,hnet:review:classic:18017,correct
mentions-v1,psychohistory,hnet:review:classic:15398,wrong
mentions-v1,psychohistory,hnet:review:classic:11170,wrong
mentions-v1,psychohistory,hnet:review:classic:11170,wrong
mentions-v1,psychohistory,hnet:review:classic:11170,wrong
mentions-v1,psychohistory,hnet:review:classic:11170,wrong
mentions-v1,psychohistory,hnet:review:classic:11170,wrong
mentions-v1,psychohistory,hnet:review:classic:11170,wrong
mentions-v1,psychohistory,hnet:review:classic:11170,wrong
mentions-v1,psychohistory,hnet:review:classic:11170,wrong
mentions-v1,psychohistory,hnet:review:classic:11170,wrong
mentions-v1,psychohistory,hnet:review:classic:11170,wrong
mentions-v1,annales,hnet:review:classic:16542,correct
mentions-v1,annales,hnet:review:classic:16542,correct
mentions-v1,annales,hnet:review:classic:2009,correct
mentions-v1,annales,hnet:review:classic:28151,correct
mentions-v1,annales,hnet:review:classic:28151,correct
mentions-v1,annales,hnet:review:classic:19832,correct
mentions-v1,annales,hnet:review:classic:19916,correct
mentions-v1,annales,hnet:review:classic:23662,correct
mentions-v1,annales,hnet:review:classic:22321,correct
mentions-v1,annales,hnet:review:classic:22321,correct
mentions-v1,annales,hnet:review:classic:22321,correct
mentions-v1,annales,hnet:review:classic:22321,correct
mentions-v1,micro,hnet:review:classic:14782,correct
mentions-v1,micro,hnet:review:classic:10416,correct
mentions-v1,micro,hnet:review:classic:10416,correct
mentions-v1,micro,hnet:review:classic:15948,correct
mentions-v1,micro,hnet:review:classic:18302,correct
mentions-v1,micro,hnet:review:classic:10501,correct
mentions-v1,micro,hnet:review:classic:19520,correct
mentions-v1,micro,hnet:review:classic:19254,correct
mentions-v1,micro,hnet:review:classic:16115,correct
mentions-v1,micro,hnet:review:classic:1656,correct
mentions-v1,micro,hnet:review:classic:17638,correct
mentions-v1,micro,hnet:review:classic:19021,correct
mentions-v2,none:transnational_history,hnet:review:classic:26707,wrong
mentions-v2,none:transnational_history,hnet:review:classic:26707,wrong
mentions-v2,none:transnational_history,hnet:review:classic:25986,correct
mentions-v2,none:transnational_history,hnet:review:classic:23579,wrong
mentions-v2,none:transnational_history,hnet:review:classic:10242,correct
mentions-v2,none:transnational_history,hnet:review:classic:10242,correct
mentions-v2,none:transnational_history,hnet:review:classic:10568,correct
mentions-v2,none:transnational_history,hnet:review:classic:25750,correct
mentions-v2,none:transnational_history,hnet:review:classic:26922,wrong
mentions-v2,none:transnational_history,hnet:review:classic:26922,wrong
mentions-v2,none:transnational_history,hnet:review:classic:20135,correct
mentions-v2,none:transnational_history,hnet:review:classic:19872,correct
mentions-v2,psychohistory,hnet:review:classic:26406,correct
mentions-v2,psychohistory,hnet:review:classic:26406,correct
mentions-v2,psychohistory,hnet:review:classic:26406,correct
mentions-v2,psychohistory,hnet:review:classic:18017,correct
mentions-v2,psychohistory,hnet:review:classic:29637,correct
mentions-v2,psychohistory,hnet:review:classic:41485,correct
mentions-v2,psychohistory,hnet:review:classic:12761,correct
mentions-v2,psychohistory,hnet:review:classic:21442,correct
mentions-v2,psychohistory,hnet:review:classic:38553,correct
mentions-v2,psychohistory,hnet:review:classic:45221,correct
mentions-v2,psychohistory,hnet:review:classic:17228,correct
mentions-v2,psychohistory,hnet:review:classic:18847,correct
mentions-v1,person:kuhn (surname-only match),hnet:review:classic:1308,wrong
mentions-v1,person:kuhn (surname-only match),hnet:review:classic:1308,wrong
mentions-v1,person:kuhn (surname-only match),hnet:review:classic:1308,wrong
mentions-v1,person:kuhn (surname-only match),hnet:review:classic:1308,wrong
mentions-v1,person:kuhn (surname-only match),hnet:review:classic:1308,wrong
mentions-v1,person:kuhn (surname-only match),hnet:review:classic:10067,wrong
mentions-v1,person:kuhn (surname-only match),hnet:review:classic:12783,wrong
mentions-v1,person:kuhn (surname-only match),hnet:review:classic:12783,wrong
mentions-v1,person:kuhn (surname-only match),hnet:review:classic:12783,wrong
mentions-v1,person:kuhn (surname-only match),hnet:review:classic:12783,wrong
mentions-v1,person:kuhn (surname-only match),hnet:review:classic:12783,wrong
mentions-v1,person:kuhn (surname-only match),hnet:review:classic:12783,wrong
