uri,date_status,window_years,dates,citation,candidate_people,contributions,subject_labels
http://www.sudoc.fr/242543472/id,catalogued_year_in_window,2020,2020,"Atlas de l'Égypte contemporaine  / sous la direction de Hala Bayoumi et Karine Bennafla  ; cartes réalisées par Claire Gillette  ; Nadine Abdalla, Sherif Abdelghany, Véronique Alary [et al.] / Paris : CNRS éditions , DL 2020",Annalaura Turiano,http://www.idref.fr/198374852/id aut,Atlas; Cartes; Égypte -- 19e siècle; Égypte -- 20e siècle; Égypte -- 2011-....
http://www.sudoc.fr/243277059/id,catalogued_year_in_window,2020,2020,"Ballet Class  : An American History  / Melissa R. Klapper / New York : Oxford University Press , 2020",Melissa Klapper,http://www.idref.fr/125338309/id aut,
http://www.sudoc.fr/243308825/id,catalogued_year_in_window,2020,2020,"Female Husbands  : a trans history  / Jen Manion,... / Cambridge : Cambridge University Press , 2020",Jen Manion,http://www.idref.fr/09228079X/id aut,Époux; Transidentité
http://www.sudoc.fr/243310161/id,catalogued_year_in_window,2020,2020,"Dialect and Nationalism in China, 1860-1960  / Gina Anne Tam / Cambridge : Cambridge University Press , 2020",Gina Anne Tam,http://www.idref.fr/249596415/id aut,Chine -- 1949-1976 (Chine maoïste); Chine -- 1912-1949 (République); Chine -- 1644-1912 (Dynastie mandchoue); Langues chinoises; Langage et culture
http://www.sudoc.fr/24504762X/id,catalogued_year_in_window,2020,2020,"The Unquiet River  : A Biography of the Brahmaputra  / Arupjyoti Saikia / Oxford : Oxford University Press , 2020",Arupjyoti Saikia,http://www.idref.fr/170714969/id aut,
http://www.sudoc.fr/248493957/id,catalogued_year_in_window,2020,2020,"Les Amazones  : quand les femmes étaient les égales des hommes, VIIIe siècle av. J.-C.-Ier siècle apr. J.-C.  / Adrienne Mayor  ; traduit de l'anglais (États-Unis) par Philippe Pignarre  ; préface de Violaine Sebillotte Cuchet / Paris : La Découverte poche , DL 2020",Violaine Sebillotte-Cuchet,http://www.idref.fr/108540952/id aui,Femmes -- Dans l'art; Amazones; Femmes; Guerriers; Guerrières
http://www.sudoc.fr/248840800/id,catalogued_year_in_window,2020,2020,"Ballet Class  : An American History  / Melissa R. Klapper / Oxford : Oxford University Press , 2020",Melissa Klapper,http://www.idref.fr/125338309/id aut,
http://www.sudoc.fr/250493292/id,catalogued_year_in_window,2020,2020,"Leur écologie et la nôtre  : anthologie d'écologie politique  / André Gorz  ; textes introduits et présentés par Françoise Gollain et Willy Gianinazzi / Paris : Éditions du Seuil , DL 2020",Willy Gianinazzi,http://www.idref.fr/030400201/id pbd,Capitalisme; Écologie politique
http://www.sudoc.fr/250799952/id,catalogued_year_in_window,2020,2020,"Le travail en Europe occidentale  : 1830-1939  / Marion Fontaine, François Jarrige, Nicolas Patin... [et al.] / Neuilly : Atlande , DL 2020",Marion Fontaine,http://www.idref.fr/148532616/id aut,Questions d'examens; Conditions de travail; Révolution industrielle; Travail; Manuels d'enseignement supérieur
http://www.sudoc.fr/252657071/id,catalogued_year_in_window,2020,2020,"Early Modern Cultural Studies  / editorial board; Stephen J. Campbell, Brian Cummings, Natalie Zemon Davis, ... [et 12 al.] / Turnhout : Brepols , 2020-",Natalie Zemon Davis,http://www.idref.fr/026814102/id pbd,Culture
http://www.sudoc.fr/25326510X/id,catalogued_year_in_window,2020,2020,"Saints and sanctity in Judaism, Christianity, and Islam  : striving for remembrance  / edited by Alexandre Coello de la Rosa and Linda G. Jones / Abingdon, Oxon : Routledge, an imprint of the Taylor & Francis Group , 2020",Linda Gale Jones,http://www.idref.fr/174631510/id edt,Christianisme; Islam; Judaïsme
http://www.sudoc.fr/253403375/id,catalogued_year_in_window,2020,2020,"Histoire des féminismes français  / Jean Rabaut / Paris : Cairn , 2020",Jean Rabaut,http://www.idref.fr/027086917/id aut,Féminisme; Femmes
http://www.sudoc.fr/253968003/id,catalogued_year_in_window,2020,2020,"Saints and sanctity in Judaism, Christianity, and Islam  : striving for remembrance  / edited by Alexandre Coello de la Rosa and Linda G. Jones / Abingdon : Routledge , 2020",Linda Gale Jones,http://www.idref.fr/174631510/id pbd,Christianisme; Islam; Judaïsme
http://www.sudoc.fr/254082165/id,catalogued_year_in_window,2020,2020,"Propaganda and (un)covered identities in treatises and sermons  : Christians, Jews, and Muslims in the premodern Mediterranean  / Cándida Ferrero Hernández, Linda G. Jones (eds.) / Bellaterra : Universitat Autònoma de Barcelona, Servei de Publicacions , 2020",Linda Gale Jones,http://www.idref.fr/174631510/id pbd,Christianisme -- Relations -- Islam; Islam -- Relations -- Judaïsme; Histoire religieuse; Christianisme -- Relations -- Judaïsme
http://www.sudoc.fr/254200230/id,catalogued_year_in_window,2020,2020,"Polygamous ways of life past and present in Africa and Europe  = = Polygame Lebensweisen in Vergangenheit und Gegenwart in Afrika und Europa :   / herausgegeben von/edited by Henry Kam Kah, Bea Lundt / Wien : Lit , 2020",Bea Lundt,http://www.idref.fr/033208719/id pbd,Polygamie
http://www.sudoc.fr/254403468/id,catalogued_year_in_window,2020,2020,"A cultural history of peace  Volume 5, In the age of Empire  / general editor, Ronald Edsforth  / edited by Ingrid Sharp / London [etc.] : Bloomsbury Academic , 2020",Ingrid Sharp,http://www.idref.fr/112933602/id pbd,Paix
http://www.sudoc.fr/254823750/id,catalogued_year_in_window,2020,2020,"Les Amazones  : quand les femmes étaient les égales des hommes, VIIIe siècle av. J.-C.-Ier siècle apr. J.-C.  / Adrienne Mayor  ; traduit de l'anglais (États-Unis) par Philippe Pignarre  ; préface de Violaine Sebillotte Cuchet / Paris : La Découverte , 2020",Violaine Sebillotte-Cuchet,http://www.idref.fr/108540952/id aui,Femmes -- Dans l'art; Amazones; Femmes; Guerriers; Guerrières
http://www.sudoc.fr/256059896/id,catalogued_year_in_window,2021,2021,"Le comité d'entente des écoles d'infirmières (1949-2019)  : un corps intermédiaire dans la formation professionnelle  / Christian Chevandier / Mont-Saint-Aignan : Publications des Universités de Rouen et du Havre , DL 2021",Christian Chevandier,http://www.idref.fr/032291485/id aut,Soins infirmiers -- Étude et enseignement; Instituts de formation en soins infirmiers; Histoire des soins infirmiers; Écoles d'infirmières
http://www.sudoc.fr/256830967/id,catalogued_year_in_window,2020,2020,"On the judgment of history  / Joan Wallach Scott / New York : Columbia University Press , 2020",Joan Wallach Scott,http://www.idref.fr/027129446/id aut,"Philosophie de l'histoire; Historiographie; Nationalisme; Racisme; Nuremberg, Procès de (1945-1946); Commissions vérité et réconciliation"
http://www.sudoc.fr/257788670/id,catalogued_year_in_window,2021,2021,"Les activités collectives et le politique dans les cités grecques  / Pauline Schmitt Pantel  ; texte envoyé par Violaine Sebillotte Cuchet / Paris : Éditions de la Sorbonne , 2021",Violaine Sebillotte-Cuchet,http://www.idref.fr/108540952/id aui,Pratiques politiques; Participation sociale; Cités-États
http://www.sudoc.fr/258485108/id,catalogued_year_in_window,2020,2020,"Horse breeds and human society  : purity, identity and the making of the modern horse  / edited by Kristen Guest and Monica Mattfeld / Abingdon, Oxon : Routledge , 2020",Monica Mattfeld,http://www.idref.fr/220008817/id edt,Cheval -- Élevage; Relations homme-animal
http://www.sudoc.fr/258750421/id,catalogued_year_in_window,2021,2021,"L'histoire de France  : à travers ses personnages  / Antoine Auger,... Marion Fontaine,... Guillaume Picon,... / Vanves : Hachette éducation , DL 2021",Marion Fontaine,http://www.idref.fr/148532616/id aut,France -- Histoire; Individu et histoire
http://www.sudoc.fr/25896426X/id,catalogued_year_in_window,2021,2021,"Embodiment, identity, and gender in the early modern age  / edited by Amy E. Leonard and David M. Whitford / London : Routledge, Taylor & Francis Group , 2021",Amy Leonard,http://www.idref.fr/095014683/id pbd,Femmes -- Conditions sociales; Rôle selon le sexe; Sexualité; Identité de genre; Études sur le genre
http://www.sudoc.fr/260368512/id,catalogued_year_in_window,2021,2021,"Histoire du mouvement ouvrier  : 1830-1953  / Edouard Dolléans / Paris : République des Lettres , 2021",Édouard Dolléans,http://www.idref.fr/031569536/id aut,
http://www.sudoc.fr/260733970/id,catalogued_year_in_window,2022,2022,"Artémise  : une femme capitaine de vaisseaux dans l'Antiquité grecque  / Violaine Sebillotte-Cuchet / Paris : Fayard , DL 2022",Violaine Sebillotte-Cuchet,http://www.idref.fr/108540952/id aut,Rôle selon le sexe; Biographie; Capitaines de navire; Femmes -- Activité politique; Identité de genre; Sexisme en politique; Artémise (04..-04.. av. J.-C. ; reine de Carie)
http://www.sudoc.fr/261152920/id,catalogued_year_in_window,2022,2022,"L'autre guerre  : les visages de l'arrière-front  / Photographies de Raoul Berthelé,  textes de Louis Teyssedou  ; préface de Rémy Cazals / Ivry-sur-Seine : Editions de l'Atelier , 2022",Rémy Cazals,http://www.idref.fr/026773546/id aui,Guerre mondiale (1914-1918); Guerre mondiale (1914-1918) -- France; Amiens (Somme); Photographie
http://www.sudoc.fr/261615114/id,catalogued_year_in_window,2022,2022,"Le retour de Martin Guerre  / Natalie Zemon Davis  / Alexandre Dumas  ; préface de Carlo Ginzburg / Paris : Tallandier , DL 2022",Natalie Zemon Davis,http://www.idref.fr/026814102/id aut,"Ariège (France); Conditions morales; Conditions sociales; Imposteurs et impostures; Guerre, Martin (15..-1599); Du Tilh, Arnault (1...-1560)"
http://www.sudoc.fr/26222738X/id,catalogued_year_in_window,2022,2022,"Œuvres  / [Louise] Labé  ; présentation, notes, dossier, index et bibliographie de Michèle Clément et Michel Jourde  ; [avant-propos de Natalie Zemon Davis]/ [Nouvelle édition] / Paris : Flammarion , DL 2022",Natalie Zemon Davis,http://www.idref.fr/026814102/id aui,Poésie française -- 16e siècle
http://www.sudoc.fr/26245324X/id,catalogued_year_in_window,2022,2022,"Georges Sorel, philosophe de l'autonomie  / Willy Gianinazzi / Nancy : Arbre bleu éditions , 2022",Willy Gianinazzi,http://www.idref.fr/030400201/id aut,"Sorel, Georges (1847-1922); Philosophie politique; Action directe; Autonomie (philosophie); Syndicalisme révolutionnaire; Socialisme"
http://www.sudoc.fr/262825848/id,catalogued_year_in_window,2021,2021,"La politique des classes populaires  / Marion Fontaine, Cyril Lemieux, [et autres] / Lormont : Le Bord de L'eau , DL 2021",Marion Fontaine,http://www.idref.fr/148532616/id aut,Politique et gouvernement; Classes populaires
http://www.sudoc.fr/262961547/id,catalogued_year_in_window,2022,2022,"Luttes sociales au temps des corporations  / Jean Jacques  ; préface Jean Michel Kay / Paris : Les Amis de Spartacus , DL 2022",Jean-Jacques Soudeille,http://www.idref.fr/027064549/id aut,Corporations; Conflits sociaux
http://www.sudoc.fr/263249662/id,catalogued_year_in_window,2022,2022,"Mémoires d'une tragédie  : les policiers du 13 novembre  2015  / Christian Chevandier / Paris : Robert Laffont , DL 2022",Christian Chevandier,http://www.idref.fr/032291485/id aut,Attentats du 13 novembre -- France
http://www.sudoc.fr/263518256/id,catalogued_year_in_window,2022,2022,"Coconut colonialism  : workers and the globalization of Samoa  / Holger Droessler / Cambridge, Massachusetts : Harvard University Press , 2022",Holger Droessler,http://www.idref.fr/260251658/id aut,Samoa (îles); Noix de coco; Mondialisation; Transnationalisme
http://www.sudoc.fr/263549232/id,catalogued_year_in_window,2022,2022,"Écrire l'histoire environnementale au XXIe siècle  : sources, méthodes, pratiques  / sous la direction de Stéphane Frioux et Renaud Bécot  ; Déborah Abhervé, Fabien Bartolotti, Corinne Beck... [et autres] / Rennes : Presses universitaires de Rennes , DL 2022",Christoph Sonnlechner,http://www.idref.fr/159821096/id aut,Nature -- Effets de l'homme; Écologie humaine; Environnement; Actes de congrès
http://www.sudoc.fr/263655423/id,catalogued_year_in_window,2020,2020,"In the name of history  / Joan Wallach Scott / Budapest : Central European university press , 2020",Joan Wallach Scott,http://www.idref.fr/027129446/id aut,Philosophie de l'histoire
http://www.sudoc.fr/263872904/id,catalogued_year_in_window,2022,2022,"Cities in a Sunburnt Country  : Water and the Making of Urban Australia  / Margaret Cook, Lionel Frost, Andrea Gaynor, Jenny Gregory, Ruth A. Morgan, Martin Shanahan, Peter Spearritt / Cambridge, United Kingdom : Cambridge University Press , 2022",Ruth Morgan,http://www.idref.fr/085947067/id aut,Australie; Égouts; Urbanisme; Approvisionnement urbain en eau
http://www.sudoc.fr/264347676/id,catalogued_year_in_window,2021,2021,"The professor and the plumber  : conversations about equality and inequality  / Eric W. Sager  ; illustrations by Hanna Melin / Victoria, British Colombia : Friesen press , 2021",Eric W. Sager,http://www.idref.fr/077783123/id aut,Classes sociales; Égalité
http://www.sudoc.fr/264432630/id,catalogued_year_in_window,2022,2022,"Les carnets de guerre du sergent vaguemestre Félix Braud (1914-1917)  / sous la direction d'Agnès Guillaume et Thierry Hardier  ; préface de Rémy Cazals / [Noyon] : FSE collège Éluard , DL 2022",Rémy Cazals,http://www.idref.fr/026773546/id aui,"Récits personnels français; Guerre mondiale (1914-1918) -- Opérations militaires -- France; Poilus (Guerre mondiale, 1914-1918); France. Armée. Régiment d'infanterie territoriale (072)"
http://www.sudoc.fr/264600290/id,catalogued_year_in_window,2022,2022,"Why vulnerability still matters  : the politics of disaster risk creation  / edited by Greg Bankoff and Dorothea Hilhorst / Abingdon, Oxon : Routledge , 2022",Greg Bankoff,http://www.idref.fr/063804727/id pbd,Catastrophes naturelles; Catastrophes naturelles -- Lutte contre; Secours aux victimes de catastrophes
http://www.sudoc.fr/265279518/id,catalogued_year_in_window,2020,2020,"Nature at war  : American environments and World War II  / edited by Thomas Robertson,... Richard P. Tucker,... Nicholas B. Breyfogle,... Peter Mansoor,... / Cambridge, United Kingdom : Cambridge University Press , 2020",Nicholas B. Breyfogle,http://www.idref.fr/088897451/id pbd,États-Unis -- 1933-1945 (Présidences de Franklin Delano Roosevelt); Guerre mondiale (1939-1945) -- Aspect économique; Mobilisation industrielle; Guerre mondiale (1939-1945)
http://www.sudoc.fr/265406730/id,catalogued_year_in_window,2022,2022,"Iris Marion Young  : gender, justice, and the politics of difference  / edited by Michaele L. Ferguson and Andrew Valls / London : Routledge, Taylor & Francis Group , 2022",Michaele L. Ferguson,http://www.idref.fr/144279150/id pbd,"Femmes et politique; Théorie féministe; Justice (philosophie); Young, Iris Marion (1949-2006)"
http://www.sudoc.fr/267031513/id,catalogued_year_in_window,2022,2022,"La voix du socialisme  / Jean Jaurès  ; édition établie par Marion Fontaine, Alain Chatriot, Fabien Conord... [et al.] / Paris : Fayard , DL 2022",Marion Fontaine,http://www.idref.fr/148532616/id edt,Guerre et socialisme; Politique et gouvernement -- France -- 1870-1914; Socialisme
http://www.sudoc.fr/267211295/id,catalogued_year_in_window,2023,2023,"L'épreuve des frontières sociales  / sous la direction de Marion Fontaine & Emmanuel Pedler / Paris : Éditions de l'École des hautes études en sciences sociales , DL 2023",Marion Fontaine,http://www.idref.fr/148532616/id pbd,Classes sociales; Anthropologie; Diversité culturelle; Géographie sociale
http://www.sudoc.fr/267510438/id,catalogued_year_in_window,2022,2022,"Missions and preaching  : connected and decompartmentalised perspectives from the Middle East and North Africa (19th-21st century)  / edited by Norig Neveu, Karène Sanchez Summerer, Annalaura Turiano / Leiden : Brill , [2022]",Annalaura Turiano,http://www.idref.fr/198374852/id pbd,Missions
http://www.sudoc.fr/267535511/id,catalogued_year_in_window,2023,2023,"Les romantiques  : l'Angleterre à l'âge des révolutions  / E.P. Thompson  ; introduction et traduction de Marion Leclair et Edward Lee-Six / Paris : les éditions sociales , 2023",E. P. Thompson,http://www.idref.fr/027162028/id aut,Politique et littérature; Grande-Bretagne -- 1714-1837; Mouvements contestataires; Littérature et révolution; Romantisme -- Grande-Bretagne; Vie intellectuelle -- Grande-Bretagne -- 18e siècle; Vie intellectuelle -- Grande-Bretagne -- 19e siècle
http://www.sudoc.fr/26788219X/id,catalogued_year_in_window,2022,2022,"Four hundred souls  : a community history of African America, 1619-2019  / edited by Ibram X. Kendi and Keisha N. Blain/ One World trade paperback edition. / New York : One World , 2022",Keisha N. Blain,http://www.idref.fr/234104791/id pbd,États-Unis; Noires américaines
http://www.sudoc.fr/268462844/id,catalogued_year_in_window,2023,2023,"Jean Jaurès ou Le pari de l'éducation  / sous la direction de Gilles Candar et Rémy Pech  ; avec les contributions de Rémy Cazals, Guy Dreux, Jean-Michel Ducomte... [et al.] / Toulouse : Privat , DL 2023",Rémy Cazals,http://www.idref.fr/026773546/id aut,"Laïcité; Éducation et État; Jaurès, Jean (1859-1914); Éducation à la citoyenneté; Éducation; Ouvrages de vulgarisation; Livres documentaires"
http://www.sudoc.fr/268721092/id,catalogued_year_in_window,2022,2022,"Lectures / Paris : Société d'études jaurésiennes , 2022",Marion Fontaine,http://www.idref.fr/148532616/id pbd,"Jaurès, Jean (1859-1914); Pensée politique et sociale"
http://www.sudoc.fr/270171150/id,catalogued_year_in_window,2023,2023,"Dialogues autour du patrimoine  : l'histoire, un enjeu de communication ?  / Jessica de Bideran, Julie Deramond, Patrick Fraysse (dir.)  ; Mélanie Bourdaa, Elsa Cavalié, Rémy Cazals... [et autres] / Avignon : Éditions universitaires d'Avignon , DL 2023",Rémy Cazals; Marion Fontaine,http://www.idref.fr/026773546/id aut; http://www.idref.fr/148532616/id aut,Diffusion de la culture; Patrimoine culturel; Tourisme historique; Reconstitutions historiques; Médias et histoire
http://www.sudoc.fr/270804633/id,catalogued_year_in_window,2023,2023,"La démocratie au travail  / Marion Fontaine, Nathan Cazeneuve, [et al.] / Lormont : Le Bord de L'eau , DL 2023",Marion Fontaine,http://www.idref.fr/148532616/id aut,Organisation du travail; Politique et gouvernement
http://www.sudoc.fr/271458526/id,catalogued_year_in_window,2022,2022,"Psychoanalysis and history  / Brian Connolly and Joan Wallach Scott,special issue editors / [Durham (North Carolina)] : Duke University Press , 2022",Joan Wallach Scott,http://www.idref.fr/027129446/id pbd,Complexe d'Oedipe; Psychanalyse; Psychanalyse et politique; Historiographie; Traumatisme psychique; Fin du monde; Paranoïa; Articles de périodiques
http://www.sudoc.fr/272413453/id,catalogued_year_in_window,2023,2023,"Les classes populaires à l'écart du politique ?  : actes du colloque organisé [par la Fondation Gabriel-Péri] les 11 et 12 mars 2022 à l'auditorium de l'Hôtel de Ville de Paris  / coordination Louise Gaxie / Pantin : Les éditions de la Fondation Gabriel Péri , DL 2023",Marion Fontaine,http://www.idref.fr/148532616/id aut,Sociologie politique; Participation politique; Actes de congrès; Classes populaires
http://www.sudoc.fr/27241638X/id,catalogued_year_in_window,2023,2023,"Expansion in history  / series editor George Bryan Souza,... / Leiden : Brill , 2023-....",George Bryan Souza,http://www.idref.fr/131468529/id pbd,Collections éditoriales
http://www.sudoc.fr/273081233/id,catalogued_year_in_window,2023,2023,"Hydraulic societies  : water, power, and control in East and Central Asian history  / edited by Nicholas B. Breyfogle and Philip C. Brown / Corvallis, Or. : Oregon State University press , 2023",Nicholas B. Breyfogle,http://www.idref.fr/088897451/id pbd,Gestion des ressources en eau; Approvisionnement en eau
http://www.sudoc.fr/273259512/id,catalogued_year_in_window,2023,2023,"Planting seeds of knowledge  : agriculture and education in rural societies in the twentieth century  / edited by Heinrich Hartmann and Julia Tischler / New York (N.Y.) : Berghahn Books , 2023",Julia Tischler,http://www.idref.fr/248997793/id pbd,Agriculture -- Recherche; Enseignement agricole; Enseignement en milieu rural
http://www.sudoc.fr/273381520/id,catalogued_year_in_window,2023,2023,"A history of crime in Australia  : Australian underworlds  / Nancy Cushing / London : Routledge, Taylor & Francis Group , 2023",Nancy Cushing,http://www.idref.fr/250377586/id aut,Droit pénal; Criminalité
http://www.sudoc.fr/273742892/id,catalogued_year_in_window,2023,2023,"Guerre à la guerre !  / Jean Jaurès  ; édition établie par Marion Fontaine et Christophe Prochasson / [Paris] : Fayard , DL 2023",Marion Fontaine,http://www.idref.fr/148532616/id edt,Guerre et socialisme; Histoire -- Sources; Guerre mondiale (1914-1918) -- Mouvements contestataires; Socialisme
http://www.sudoc.fr/274467224/id,catalogued_year_in_window,2023,2023,"Revisiting rape in Antiquity  : sexualized violence in Greek and Roman worlds  / edited by Susan Deacy, José Malheiro Magalhães and Jean Zacharski Menzies / London [etc.] : Bloomsbury academic , 2023",Susan Deacy,http://www.idref.fr/035257334/id pbd,Violences sexuelles; Viol
http://www.sudoc.fr/276507967/id,catalogued_year_in_window,2023,2023,"Histoire de la fédération CGT des services publics  Tome II, 1975-1995  / Dominique Durand  ; [préface de Stéphane Sirot] / Ivry-sur-Seine : les Éditions de l'Atelier-les Éditions ouvrières , DL 2023",Stéphane Sirot,http://www.idref.fr/035462744/id aui,Services publics; Confédération générale du travail (France). Fédération des services publics
http://www.sudoc.fr/276630203/id,catalogued_year_in_window,2024,2024,"Medieval riverscapes  : environment and memory in Northwest Europe, c. 300-1100  / Ellen F. Arnold,... / Cambridge [etc.] : Cambridge University Press , 2024",Ellen Fenzel Arnold,http://www.idref.fr/168373254/id aut,Civilisation médiévale; Nature -- Effets de l'homme; Cours d'eau
http://www.sudoc.fr/27666258X/id,catalogued_year_in_window,2022,2022,"Socialist women and the Great War, 1914-21  : protest, revolution and commemoration  / edited by Corinne Painter, Ingrid Sharp and Matthew Stibbe / London, UK : Bloomsbury Academic , 2022",Ingrid Sharp,http://www.idref.fr/112933602/id pbd,Guerre mondiale (1914-1918); Femmes -- Activité politique; Guerre mondiale (1914-1918) et société; Femmes socialistes
http://www.sudoc.fr/277050014/id,catalogued_year_in_window,2022,2022,"Listening to the languages of the people  : Lazare Sainéan on Romanian, Yiddish, and French  / Natalie Zemon Davis / Budapest : Central European University Press , 2022",Natalie Zemon Davis,http://www.idref.fr/026814102/id aut,"Biographie; Philologues; Sainéan, Lazare (1859-1934 ; linguiste); Philologie"
http://www.sudoc.fr/27852589X/id,catalogued_year_in_window,2021,2021,"La dé-formation de la classe ouvrière ?  : ecrire l'histoire du monde et du mouvement ouvriers aujourd'hui  : Dossier préparé en vue de l'obtention de l'habilitation à diriger des recherches en Histoire  / Marion Fontaine  ; Paul-André Rosental, garant /  , 2021",Marion Fontaine,http://www.idref.fr/148532616/id aut,Thèses et écrits académiques; Mineurs (ouvriers); Société industrielle; Politique minière
http://www.sudoc.fr/280171676/id,catalogued_year_in_window,2024,2024,"Marie-Louise Puech  : pacifisme, féminisme, résistance  / Rémy Cazals / [Maisons-Laffitte] : Éditions Ampelos , [2024]",Rémy Cazals,http://www.idref.fr/026773546/id aut,"Biographie; Puech, Marie-Louise (1876-1966)"
http://www.sudoc.fr/280438788/id,catalogued_year_in_window,2024,2024,"Histoire de l'Europe  Tome I, Origines et héritages, de la préhistoire au Ve siècle  / sous la direction de Violaine Sebillotte Cuchet et de Benjamin Deruelle  ; Anca Dan, Jean-Paul Demoule, Antoine Pietrobelli... [et al.] / Paris : Passés composés , DL 2024",Violaine Sebillotte-Cuchet,http://www.idref.fr/108540952/id aut,Préhistoire; Europe -- Jusqu'à 476; Civilisation -- Europe
http://www.sudoc.fr/280895666/id,catalogued_year_in_window,2024,2024,"Hommes et femmes dans l'Antiquité grecque et romaine  / Sandra Boehringer, Violaine Sebillotte Cuchet/ 2e édition / Malakoff : Armand Colin , DL 2024",Violaine Sebillotte-Cuchet,http://www.idref.fr/108540952/id pbd,Rôle selon le sexe; Relations hommes-femmes; Études sur le genre
http://www.sudoc.fr/280909306/id,catalogued_year_in_window,2024,2024,"Guerre et paix dans le monde du XIXe au XXIe siècle  / sous la direction de Rémy Pech et Gilles Candar  ; avec les contributions de Sylvain Venayre, Rémy Cazals, Nadine Picaudou-Catusse ... [et al.] / Toulouse : Privat , DL 2024",Rémy Cazals,http://www.idref.fr/026773546/id aut,"Guerre; Jaurès, Jean (1859-1914); Relations internationales -- Histoire; Paix"
http://www.sudoc.fr/280993439/id,catalogued_year_in_window,2021,2021,"Banana cultures  : agriculture, consumption, and environmental change in Honduras and the United States  / John Soluri / Austin : University of Texas Press , 2021",John Soluri,http://www.idref.fr/104617160/id aut,Bananes; Environnement
http://www.sudoc.fr/281504164/id,catalogued_year_in_window,2024,2024,"Une brève histoire de la Terre  : quatre milliards d'années en huit chapitres  / Andrew H. Knoll  / traduit de l'anglais par Corinne Smith / [Paris] : LLL, les Liens qui libèrent , DL 2024",Andrew H. Knoll,http://www.idref.fr/076349071/id aut,Terre -- Origines; Environnement; Géologie; Géologie historique; Origine de la vie
http://www.sudoc.fr/281774862/id,catalogued_year_in_window,2024,2024,"100 fiches pour comprendre l'histoire grecque  : VIIIe-Ier siècle av. J.-C.  / Violaine Sebillotte Cuchet,.../ 6e édition / [Paris] : Bréal , DL 2024",Violaine Sebillotte-Cuchet,http://www.idref.fr/108540952/id aut,Grèce -- 800-500 av. J.-C. (Époque archaïque); Grèce -- 499-323 av. J.-C. (Époque classique); Grèce -- 323-146 av. J.-C. (Époque hellénistique); Manuels d'enseignement supérieur
http://www.sudoc.fr/282239405/id,catalogued_year_in_window,2023,2023,"Electric Indiana  : the rise and fall of the world's greatest interurban railway center, 1893-1941  / Carlos Arnaldo Schwantes / Bloomington (Ind.) : Indiana University Press , 2023",Carlos A. Schwantes,http://www.idref.fr/028923391/id aut,Métros
http://www.sudoc.fr/28233226X/id,catalogued_year_in_window,2025,2025,"Water in world history  / Ellen F. Arnold / New York (N.Y.) : Routledge , 2025",Ellen Fenzel Arnold,http://www.idref.fr/168373254/id aut,Nature -- Effets de l'homme; Gestion des ressources en eau; Hydrologie; Eau et civilisation; Approvisionnement en eau; Sécurité de l'eau
http://www.sudoc.fr/282505075/id,catalogued_year_in_window,2024,2024,"The Routledge handbook of environmental history  / edited by Emily O'Gorman, William San Martín, Mark Carey and Sandra Swart / Abingdon, Oxon : Routledge , 2024",Mark Carey,http://www.idref.fr/148945821/id pbd,Protection de l'environnement; Écologie humaine; Environnement
http://www.sudoc.fr/283368063/id,catalogued_year_in_window,2025,2025,"Missionnaires italiens et enseignement en Égypte (1890-1970)  : de la pastorale migratoire à la coopération technique  / Annalaura Turiano / Le Caire : Institut français d'archéologie orientale , 2025",Annalaura Turiano,http://www.idref.fr/198374852/id aut,Société salésienne de saint Jean Bosco; Missionnaires italiens; Relations extérieures -- Italie; Écoles professionnelles
http://www.sudoc.fr/283415975/id,catalogued_year_in_window,2021,2021,"Banana cultures  : agriculture, consumption, and environmental change in Honduras and the United States  / John Soluri / Austin : University of Texas Press , 2021",John Soluri,http://www.idref.fr/104617160/id aut,Bananes; Environnement
http://www.sudoc.fr/284170208/id,catalogued_year_in_window,2025,2025,"Les femmes d'Athènes  : l'Antiquité grecque était-elle misogyne ?  / Violaine Sebillotte Cuchet / Paris : PUF , DL 2025",Violaine Sebillotte-Cuchet,http://www.idref.fr/108540952/id aut,Femmes -- Conditions sociales; Relations hommes-femmes; Grèce -- Jusqu'à 395; Femmes; Misogynie
http://www.sudoc.fr/285725823/id,catalogued_year_in_window,2025,2025,"Sciences sociales aux bords du récit  / sous la direction de Marion Fontaine, Laurent Jeanpierre / Paris : Éditions de l'École des hautes études en sciences sociales , DL 2025",Marion Fontaine,http://www.idref.fr/148532616/id pbd,Sciences sociales -- Méthodologie; Historiographie; Narration; Sciences sociales -- Recherche
http://www.sudoc.fr/28573105X/id,catalogued_year_in_window,2025,2025,"Écrire... publier...  : réflexions sur les témoignages de 1914-1918  / de Rémy Cazals / [Senones] : Edhisto , DL 2025",Rémy Cazals,http://www.idref.fr/026773546/id aut,Guerre mondiale (1914-1918); Guerre mondiale (1914-1918) -- Littérature et guerre
http://www.sudoc.fr/286645890/id,catalogued_year_in_window,2025,2025,"Medieval Riverscapes  : Environment and Memory in Northwest Europe, c. 300-1100  / Ellen F. Arnold / Cambridge : Cambridge University Press , 2025",Ellen Fenzel Arnold,http://www.idref.fr/168373254/id aut,
http://www.sudoc.fr/289389143/id,catalogued_year_in_window,2023,2023,"A brief history of earth  : four billion years in eight chapters  / Andrew H. Knoll / New York : Mariner Books , 2023",Andrew H. Knoll,http://www.idref.fr/076349071/id aut,Terre; Géologie historique
http://www.sudoc.fr/292110189/id,catalogued_year_in_window,2025,2025,"Jaurès détective  : affaire Dreyfus  / Rémy Cazals / [Senones] : Edhisto , DL 2025",Rémy Cazals,http://www.idref.fr/026773546/id aut,"Dreyfus, Affaire (1894-1906); Jaurès, Jean (1859-1914); Erreur judiciaire"
http://www.sudoc.fr/292362137/id,catalogued_year_in_window,2025,2025,"Une brève histoire de la Terre  : quatre milliards d'années en huit chapitres  / Andrew H. Knoll  ; traduit de l'anglais par Corinne Smith / [Paris] : Les liens qui libèrent , DL 2025",Andrew H. Knoll,http://www.idref.fr/076349071/id aut,Terre -- Origines; Géologie historique
http://www.sudoc.fr/29253941X/id,catalogued_year_in_window,2023,2023,"The quest for modern Assam  : a history, 1942-2000  / Arupjyoti Saikia / Gurugram : Penguin Allen Lane , 2023",Arupjyoti Saikia,http://www.idref.fr/170714969/id aut,Assam (Inde); Inde (nord-est)
http://www.sudoc.fr/293922276/id,catalogued_year_in_window,2025,2025,"Action philanthropique et développement au Proche-Orient  : acteurs, pratiques et expertises (XXe-XXIe siècles)  / sous la direction de Malak Labib et Annalaura Turiano / Aix-en-Provence : Presses Universitaires de Provence (PUP) , DL 2025",Annalaura Turiano,http://www.idref.fr/198374852/id pbd,Oeuvres de bienfaisance; Proche-Orient -- 20e siècle
http://www.sudoc.fr/295187344/id,catalogued_year_in_window,2026,2026,"La construction des États au Moyen-Orient  : 1920-2011  / avec des textes de Sylvia Chiffoleau, Norig Neveu, Matthieu Rey, Imane-Hélène Chames-Eddine, Anne-Claire de Gayffier-Bonneville, Anna-Laura Turiano, Manon-Nour Tannous, Philippe Lemarchand,... [et autres] / Neuilly : Atlande , DL 2026",Annalaura Turiano,http://www.idref.fr/198374852/id aut,Moyen-Orient -- 20e siècle; Questions d'examens; Moyen-Orient -- Histoire
http://www.sudoc.fr/297674617/id,catalogued_year_in_window,2026,2026,"Les jeunesses communistes  / Dirigé par Guillaume Roubaud-Quashie  ; [Posteface de Michel Dreyfus] / Neuilly : Atlande , 2026",Christian Chevandier,http://www.idref.fr/032291485/id aut,Communisme
http://www.sudoc.fr/298848945/id,catalogued_year_in_window,2026,2026,"Pierre Mauroy  : une vie en socialisme  / Marion Fontaine & Mathieu Fulla / Bordeaux : le Bord de l'eau , DL 2026",Marion Fontaine,http://www.idref.fr/148532616/id aut,"Mauroy, Pierre (1928-2013); Actes de congrès"
