journal_key,label,identity_status,publication_role,publication_records,distinct_orcids
journal_b40c762271d3a12e,Journal of Archaeological Science: Reports,bibliographic_metadata_checked,periodical_candidate,2029,3224
journal_a4aa55469a081a29,Journal of Cultural Heritage,bibliographic_metadata_checked,periodical_candidate,1244,2298
journal_9ef951fd69ac0a2e,Journal of Archaeological Science,bibliographic_metadata_checked,periodical_candidate,1057,1513
journal_535eb538f9cf8d74,Archaeometry,bibliographic_metadata_checked,periodical_candidate,646,1131
journal_ffe6ec8afaa57a68,Political Geography,bibliographic_metadata_checked,periodical_candidate,890,1115
journal_3f383aa8e45b2601,Journal of British Studies,bibliographic_metadata_checked,periodical_candidate,921,825
journal_e0d2a256525c4052,Journal of Islamic Thought and Civilization,bibliographic_metadata_checked,periodical_candidate,276,688
journal_f90e40c76fcee7a9,Journal of Peace Research,bibliographic_metadata_checked,periodical_candidate,530,665
journal_8540ac46959ae754,Memory Studies,bibliographic_metadata_checked,periodical_candidate,571,641
journal_7a867a2039a5d1cc,Archaeological Prospection,bibliographic_metadata_checked,periodical_candidate,346,634
journal_68a91263afc40b49,Quaestio Rossica,bibliographic_metadata_checked,periodical_candidate,715,629
journal_8acff51a63f56fbb,Nationalities Papers,bibliographic_metadata_checked,periodical_candidate,678,627
journal_87f5474406e9e28c,Journal of Conflict Resolution,bibliographic_metadata_checked,periodical_candidate,517,596
journal_5c9361edb40521aa,Journal of Language and Politics,bibliographic_metadata_checked,periodical_candidate,541,568
journal_afe1ad984fab520f,International Journal of Heritage Studies,bibliographic_metadata_checked,periodical_candidate,433,566
journal_f68038c2fadc6417,Europe-Asia Studies,bibliographic_metadata_checked,periodical_candidate,592,561
journal_78af5311fd3dff5a,The American Historical Review,bibliographic_metadata_checked,periodical_candidate,548,525
journal_150d0bd388355565,Lucentum,bibliographic_metadata_checked,periodical_candidate,408,515
journal_efceea525a4eea2c,Journal of Religious History,bibliographic_metadata_checked,periodical_candidate,659,510
journal_99bd1c5b0a0c9c98,Public Opinion Quarterly,bibliographic_metadata_checked,periodical_candidate,295,499
journal_50d38721b9dc530b,Nations and Nationalism,bibliographic_metadata_checked,research_journal,451,486
journal_d89f848191e82249,European Accounting Review,bibliographic_metadata_checked,periodical_candidate,271,480
journal_437ea6b27ea852c8,Latin American Antiquity,bibliographic_metadata_checked,periodical_candidate,410,463
journal_dd5aeee8c86c93fa,Estudos Ibero-Americanos,bibliographic_metadata_checked,periodical_candidate,355,449
initial:historical_journal,The Historical Journal,issn_and_title_checked,initial_collection_context,447,441
journal_5b5389388885c1fc,Hispania Sacra,bibliographic_metadata_checked,periodical_candidate,457,438
journal_a00c9347fa743603,Gender & History,publisher_metadata_checked,research_journal,418,435
journal_a43b2d9e9ee6d8b0,Planning Perspectives,bibliographic_metadata_checked,periodical_candidate,381,427
journal_c5dba6a3a05835fd,Journal of Heritage Tourism,bibliographic_metadata_checked,periodical_candidate,265,422
journal_0f2e6daed59d611b,Paedagogica Historica,bibliographic_metadata_checked,periodical_candidate,362,416
journal_8ace63409371c1e4,Araucaria,bibliographic_metadata_checked,periodical_candidate,396,416
journal_e27750ccb34e167a,American Antiquity,bibliographic_metadata_checked,periodical_candidate,385,407
journal_2b11cba378549b6e,Social Forces,bibliographic_metadata_checked,periodical_candidate,327,392
journal_321a8cfc8ab54ea0,Contemporary European History,bibliographic_metadata_checked,periodical_candidate,410,384
journal_671685ac69c70324,Central Asian Survey,bibliographic_metadata_checked,periodical_candidate,292,381
journal_0ab656c2753f6d74,History Australia,bibliographic_metadata_checked,periodical_candidate,427,377
journal_22357afdb3343d11,Estudios Fronterizos,bibliographic_metadata_checked,periodical_candidate,217,373
journal_7b35c15d5248d085,Journal of Historical Geography,bibliographic_metadata_checked,periodical_candidate,379,372
journal_97cc033e49a4f22b,Urban History,bibliographic_metadata_checked,research_journal,408,372
journal_c183402b09c409fc,Journal of Balkan and Near Eastern Studies,bibliographic_metadata_checked,periodical_candidate,307,368
journal_25ba15ab35981ed0,Modern Asian Studies,bibliographic_metadata_checked,periodical_candidate,372,365
journal_87d68803415b7a75,Cultura de los Cuidados,bibliographic_metadata_checked,periodical_candidate,173,365
journal_760e708b76e13ae9,Journal of Intercultural Studies,bibliographic_metadata_checked,periodical_candidate,257,352
journal_7e0d413e53aebefb,History Compass,bibliographic_metadata_checked,periodical_candidate,347,344
journal_ad06128b0cf01cb0,Asian Studies Review,bibliographic_metadata_checked,periodical_candidate,307,342
journal_fc4740973050fcb1,Contemporary Social Science,bibliographic_metadata_checked,periodical_candidate,210,339
journal_f057c9596fcd4f95,British Journal of Middle Eastern Studies,bibliographic_metadata_checked,periodical_candidate,312,332
journal_c234c6c00846d8e3,Centaurus,bibliographic_metadata_checked,periodical_candidate,369,329
journal_69b32aaa614295f7,Business History,bibliographic_metadata_checked,periodical_candidate,299,320
journal_06d93b627ca5596b,Anuario de Estudios Americanos,bibliographic_metadata_checked,periodical_candidate,306,317
journal_03730bc252490e14,Social Science History,bibliographic_metadata_checked,research_journal,245,315
journal_6c752854d3e747af,Journal of Australian Studies,bibliographic_metadata_checked,periodical_candidate,296,312
journal_8dd065a0e32535b3,Revista de Indias,bibliographic_metadata_checked,periodical_candidate,291,310
initial:contemporary_history,Journal of Contemporary History,issn_and_title_checked,initial_collection_context,309,309
journal_c40d92e0554dd3b7,Journal of Agricultural and Environmental Ethics,bibliographic_metadata_checked,periodical_candidate,272,306
journal_f13d6292fe84a3b8,Anuario de Historia de la Iglesia,bibliographic_metadata_checked,periodical_candidate,576,305
journal_2e04fa56f6705ec2,Anuario de Estudios Medievales,bibliographic_metadata_checked,periodical_candidate,322,303
journal_f4a6e588434009fd,Theory and Society,bibliographic_metadata_checked,periodical_candidate,264,303
journal_fb2e541ced15c90d,The English Historical Review,bibliographic_metadata_checked,periodical_candidate,370,298
journal_2b8522c13948819d,Journal of Urban History,bibliographic_metadata_checked,periodical_candidate,281,294
journal_153a83fc0e0d029e,Journal of Philosophy of Education,bibliographic_metadata_checked,periodical_candidate,337,291
journal_c0d048742d49392f,South Asia: Journal of South Asian Studies,bibliographic_metadata_checked,periodical_candidate,278,288
journal_ed2cb7d73b4f641f,Historical Archaeology,bibliographic_metadata_checked,periodical_candidate,342,286
journal_1b4c993862f3c909,History of the Human Sciences,bibliographic_metadata_checked,periodical_candidate,284,285
journal_275dc7c9ecaeb6a0,Turkish Studies,bibliographic_metadata_checked,periodical_candidate,234,281
journal_59799c9b9484a549,Co-herencia,bibliographic_metadata_checked,periodical_candidate,265,275
journal_99c0d48d2806ce7a,International Journal of Latin American Religions,bibliographic_metadata_checked,periodical_candidate,237,273
journal_a3290bc9067147eb,Civil Wars,bibliographic_metadata_checked,periodical_candidate,232,271
journal_bb801268105cb9a0,Records of the Australian Museum,bibliographic_metadata_checked,periodical_candidate,167,271
journal_a85eacc64ad71f33,Australian Feminist Studies,bibliographic_metadata_checked,periodical_candidate,189,270
journal_d972a540a617fa2f,African Archaeological Review,bibliographic_metadata_checked,periodical_candidate,215,270
journal_b07a7af7b61dace6,Australian Historical Studies,bibliographic_metadata_checked,periodical_candidate,283,268
journal_4f86aafee1743ee1,Culture & History Digital Journal,bibliographic_metadata_checked,periodical_candidate,208,260
journal_b8e0193eff375137,Archival Science,bibliographic_metadata_checked,periodical_candidate,208,260
journal_decbe0c0ca8507c0,Ethnopolitics,bibliographic_metadata_checked,periodical_candidate,218,260
journal_f6eda6c777ce6ed8,Archives of Natural History,bibliographic_metadata_checked,periodical_candidate,285,256
journal_8a4b09f2f0b39a7c,National Identities,bibliographic_metadata_checked,periodical_candidate,203,253
journal_6d9388bf4f2e1a99,Social History of Medicine,bibliographic_metadata_checked,research_journal,261,251
journal_aa1243d525819115,The Economic History Review,bibliographic_metadata_checked,research_journal,226,250
journal_03fcc30800ae6fd9,International Journal of Maritime History,bibliographic_metadata_checked,periodical_candidate,273,249
journal_fe3758f7a5626a04,European Review of History,bibliographic_metadata_checked,periodical_candidate,242,249
journal_e23a14b81e6fe8de,Belleten,bibliographic_metadata_checked,periodical_candidate,215,245
journal_3a97286e11f6b5f5,Iranian Studies,bibliographic_metadata_checked,periodical_candidate,274,242
journal_4a2df654932baf41,Australian Journal of Politics and History,bibliographic_metadata_checked,periodical_candidate,269,242
journal_753cd47a79a46a0e,The Russian Review,bibliographic_metadata_checked,periodical_candidate,258,240
journal_092251cbb28322b7,Israel Affairs,bibliographic_metadata_checked,periodical_candidate,236,239
journal_e873131cb889010f,Baltic Region,bibliographic_metadata_checked,periodical_candidate,158,237
journal_042f6649722e2ad5,Journal of Jewish Studies,bibliographic_metadata_checked,periodical_candidate,291,231
journal_d9b4415efa8a311d,Fronteras de la Historia,bibliographic_metadata_checked,periodical_candidate,228,230
journal_ec3bc593890aed44,Mundo Agrario,bibliographic_metadata_checked,periodical_candidate,126,228
journal_5de8246e0b40b7e2,Labor History,bibliographic_metadata_checked,periodical_candidate,196,224
journal_731a611a5e11ed74,Levant,bibliographic_metadata_checked,periodical_candidate,146,223
journal_a60d063c840e1fcd,The Journal of African History,bibliographic_metadata_checked,periodical_candidate,241,221
journal_d20fc27000f3d220,Global Constitutionalism,bibliographic_metadata_checked,periodical_candidate,226,220
journal_49979ff565de49b8,Middle East Critique,bibliographic_metadata_checked,periodical_candidate,202,218
journal_88c72e3a99b114da,Journal of Southern African Studies,bibliographic_metadata_checked,periodical_candidate,213,217
journal_5151e0dbe69f8f82,Russia in Global Affairs,bibliographic_metadata_checked,periodical_candidate,295,214
journal_c97a546045c469c8,South African Historical Journal,bibliographic_metadata_checked,periodical_candidate,244,214
journal_25b3b25c0672ff34,Environment and History,bibliographic_metadata_checked,research_journal,167,212
journal_2c835362abb13fca,Journal of the History of the Behavioral Sciences,bibliographic_metadata_checked,periodical_candidate,230,207
journal_c6b43684f97d61b4,Temas Americanistas,bibliographic_metadata_checked,periodical_candidate,186,207
journal_f7c6373292ea9e23,Political Theory,bibliographic_metadata_checked,periodical_candidate,214,207
journal_965407575171492b,Revista de Estudios Sociales,bibliographic_metadata_checked,periodical_candidate,89,206
journal_ba5a5f5e7d8fd9c7,Internet Histories,bibliographic_metadata_checked,periodical_candidate,180,204
journal_d607b2b37a8c04f3,History of European Ideas,bibliographic_metadata_checked,periodical_candidate,280,204
journal_016ce76060061eb0,Anuario Colombiano de Historia Social y de la Cultura,bibliographic_metadata_checked,periodical_candidate,181,203
journal_5c93f5735857ea16,Australian Journal of Human Rights,bibliographic_metadata_checked,periodical_candidate,161,203
journal_923835d8437c75d6,African and Asian Studies,bibliographic_metadata_checked,periodical_candidate,142,199
journal_22bcfbc8d91ac05e,Capital and Class,bibliographic_metadata_checked,periodical_candidate,187,198
journal_1e179fb66763df00,Rethinking History,bibliographic_metadata_checked,periodical_candidate,178,197
journal_0b541c9b34dc482a,Journal on European History of Law,bibliographic_metadata_checked,periodical_candidate,294,196
journal_8ab78befbed06155,History of Education Quarterly,bibliographic_metadata_checked,periodical_candidate,223,194
journal_a1f77646ec5a2cb0,Journal of Human Rights Practice,bibliographic_metadata_checked,periodical_candidate,172,191
journal_64cf927ba34d3582,Central European History,bibliographic_metadata_checked,periodical_candidate,189,189
journal_c63c8868b0afed92,New Perspectives on Turkey,bibliographic_metadata_checked,periodical_candidate,178,188
journal_6fcb20cb67be1401,History and Anthropology,bibliographic_metadata_checked,research_journal,172,186
journal_2ac1462c9693f873,Archives and Records,bibliographic_metadata_checked,periodical_candidate,126,184
journal_1f31b643beaca0dd,Modern American History,bibliographic_metadata_checked,periodical_candidate,191,183
journal_7b5c2ffb02e23f47,New Testament Studies,bibliographic_metadata_checked,periodical_candidate,201,182
journal_a5f90a52a2369794,Contemporary Jewry,bibliographic_metadata_checked,periodical_candidate,208,182
journal_afe11d5314b46820,Vetus Testamentum,bibliographic_metadata_checked,periodical_candidate,192,181
journal_3f8d7dbf4663e4be,History of Psychology,bibliographic_metadata_checked,periodical_candidate,197,180
journal_86ee003c94c7951e,Journal of Chinese History,bibliographic_metadata_checked,periodical_candidate,210,180
journal_0464df6ee029429f,International Journal of Iberian Studies,bibliographic_metadata_checked,periodical_candidate,183,179
journal_9995c59a0d9b2657,Defence Studies,bibliographic_metadata_checked,periodical_candidate,154,178
journal_c32b7f6d5e83b5a4,Italian Studies,bibliographic_metadata_checked,periodical_candidate,190,178
journal_931c8262801c6e24,Critical Military Studies,bibliographic_metadata_checked,periodical_candidate,170,177
journal_3ad0b129b00ae4ae,Intellectual History Review,bibliographic_metadata_checked,periodical_candidate,188,174
journal_3ff498241f0fb6c6,First World War Studies,bibliographic_metadata_checked,periodical_candidate,204,174
journal_370a07187220dddc,Journal for Eighteenth-Century Studies,bibliographic_metadata_checked,periodical_candidate,187,173
journal_73cfe4dd8669d4b5,Journal of Genocide Research,bibliographic_metadata_checked,periodical_candidate,173,173
journal_0428730c47903c7d,French Cultural Studies,bibliographic_metadata_checked,periodical_candidate,184,172
journal_0b58a47e76ed8836,Journal of Eastern African Studies,bibliographic_metadata_checked,periodical_candidate,144,172
journal_25fe68c2c0186186,Explorations in Economic History,bibliographic_metadata_checked,periodical_candidate,164,172
journal_335e5d13a7dbd1b4,International Journal of Cultural Property,bibliographic_metadata_checked,periodical_candidate,164,172
journal_805acfa65470a411,Enterprise and Society,bibliographic_metadata_checked,periodical_candidate,171,172
journal_97051773a44b0c60,Journal of Anthropological Archaeology,bibliographic_metadata_checked,periodical_candidate,151,172
journal_38ecdf7c75977dec,Africa Review,bibliographic_metadata_checked,periodical_candidate,112,171
journal_72c9ee8b2d7bcf0f,De Medio Aevo,bibliographic_metadata_checked,periodical_candidate,193,171
journal_e4bfecd95b129a38,War in History,bibliographic_metadata_checked,periodical_candidate,177,171
journal_807321c1e1922a76,Cultural & Social History,bibliographic_metadata_checked,periodical_candidate,166,170
journal_545016e59eaa4d82,Thesis Eleven,bibliographic_metadata_checked,periodical_candidate,172,169
journal_057f4e95b6bd7edb,Journal of Modern European History,bibliographic_metadata_checked,periodical_candidate,145,168
journal_8a7c26ca6615de05,International Review of Social History,bibliographic_metadata_checked,periodical_candidate,175,167
journal_f0ff8d2c0ee1f500,Kwartalnik Historyczny,bibliographic_metadata_checked,periodical_candidate,189,167
journal_a28d316e4a0455fe,Scando-Slavica,bibliographic_metadata_checked,periodical_candidate,147,166
journal_99cc6ff5f507e3fa,Diaspora Studies,bibliographic_metadata_checked,periodical_candidate,110,165
journal_655834095fdcc679,Gladius,bibliographic_metadata_checked,periodical_candidate,106,164
journal_8b7b28851d49744e,Adalya,bibliographic_metadata_checked,periodical_candidate,117,164
journal_44517299fc490bc9,History and Philosophy of Logic,bibliographic_metadata_checked,periodical_candidate,177,162
journal_072b906a45e5a200,Journal of Church and State,bibliographic_metadata_checked,periodical_candidate,153,161
journal_2b79fc6e996ac620,Punk and Post-Punk,bibliographic_metadata_checked,periodical_candidate,329,161
journal_88eb32c3285de5d0,Cold War History,bibliographic_metadata_checked,periodical_candidate,149,157
journal_4c8f06b614157e91,Journal of African Archaeology,bibliographic_metadata_checked,periodical_candidate,64,156
journal_a0ecba92e4f263e1,Journal of Family History,bibliographic_metadata_checked,periodical_candidate,159,156
journal_bcbdf33aaac0ed1d,Journal of Modern Italian Studies,bibliographic_metadata_checked,periodical_candidate,156,155
journal_a9e5d4e18a612b75,European Journal of American Culture,bibliographic_metadata_checked,periodical_candidate,157,153
journal_43b50270ea079854,Journal of Medieval Iberian Studies,bibliographic_metadata_checked,periodical_candidate,123,152
journal_a7d896658ff53964,Journal of Spanish Cultural Studies,bibliographic_metadata_checked,periodical_candidate,148,152
journal_607f3bb0a5c3ec5c,Scandinavian Journal of History,bibliographic_metadata_checked,periodical_candidate,135,151
journal_fa867d3a552b6485,Itinerario,bibliographic_metadata_checked,periodical_candidate,146,151
journal_4037fa4fe9ea5914,Early Medieval Europe,bibliographic_metadata_checked,periodical_candidate,165,150
journal_65191fb12f409407,Safundi,bibliographic_metadata_checked,periodical_candidate,172,150
journal_a65e7898dc58a851,Postcolonial Studies,bibliographic_metadata_checked,periodical_candidate,135,150
journal_139d88e9e3bb415c,Journal of South Asian Development,bibliographic_metadata_checked,periodical_candidate,119,149
journal_abdcba84ad2aa0dc,The British Journal for the History of Science,bibliographic_metadata_checked,periodical_candidate,151,149
journal_d6f44d386655390b,Russian Politics,bibliographic_metadata_checked,periodical_candidate,120,147
journal_05418473995006e9,Cliometrica,bibliographic_metadata_checked,periodical_candidate,164,146
journal_a777ee8f7a3486d2,Journal of Victorian Culture,bibliographic_metadata_checked,periodical_candidate,163,146
journal_da616f4c2f57b959,Complutum,bibliographic_metadata_checked,periodical_candidate,70,146
journal_65e984143e40bede,Historein,bibliographic_metadata_checked,periodical_candidate,155,145
journal_7dfffe81c3eadfd1,Journal of Eurasian Studies,bibliographic_metadata_checked,periodical_candidate,111,145
journal_05b07cc1ed9ec31d,Journal of Planning History,bibliographic_metadata_checked,periodical_candidate,147,144
journal_2601706da5173a25,Global Intellectual History,bibliographic_metadata_checked,periodical_candidate,158,144
journal_57faad005d329f58,"Politics, Religion & Ideology",bibliographic_metadata_checked,periodical_candidate,137,144
journal_f7f5c76bcfa26287,Journal of Early Modern History,bibliographic_metadata_checked,periodical_candidate,154,144
journal_2d4154272b770384,Journal of Muslims in Europe,bibliographic_metadata_checked,periodical_candidate,138,141
journal_82377ada849877fd,Slavery & Abolition,bibliographic_metadata_checked,periodical_candidate,142,141
journal_8427ca6e04ef4a41,Revista de Historia Moderna,bibliographic_metadata_checked,periodical_candidate,243,141
journal_2b9c2a44f84e49d6,Japan Forum,bibliographic_metadata_checked,periodical_candidate,130,140
journal_a8921aeaaffb051b,Modern Italy,bibliographic_metadata_checked,periodical_candidate,169,140
journal_e354a9a5628de194,Irish Studies Review,bibliographic_metadata_checked,periodical_candidate,161,139
journal_ed215a303320fe72,Settler Colonial Studies,bibliographic_metadata_checked,periodical_candidate,131,139
journal_54275c61f233de7b,Revista Complutense de Historia de América,bibliographic_metadata_checked,periodical_candidate,152,138
journal_dca8de697d2e87d7,Journal of Latin American Studies,bibliographic_metadata_checked,periodical_candidate,131,138
journal_7b94787a9b8edf12,Church History,bibliographic_metadata_checked,periodical_candidate,153,137
journal_5608e8d0c20d4110,Journal of War and Culture Studies,bibliographic_metadata_checked,periodical_candidate,136,135
journal_c9168e421ddebe7a,Revue de l’Histoire des Religions,bibliographic_metadata_checked,periodical_candidate,241,134
journal_ce86c0d0153d20cd,Early Science and Medicine,bibliographic_metadata_checked,periodical_candidate,140,133
journal_fde910319ee8dd75,Parliaments Estates and Representation,bibliographic_metadata_checked,periodical_candidate,159,133
journal_4bb6357e2fdce70a,Palestine Exploration Quarterly,bibliographic_metadata_checked,periodical_candidate,114,132
journal_90cf8ded2289c4e2,Acta Poloniae Historica,bibliographic_metadata_checked,periodical_candidate,127,132
journal_88813dbe9dfe32ec,Mission Studies,bibliographic_metadata_checked,periodical_candidate,138,129
journal_b2aca6e2c5b0a211,Past & Present,bibliographic_metadata_checked,research_journal,125,129
journal_2f149169331d4289,Edad Media,bibliographic_metadata_checked,periodical_candidate,140,126
journal_ee1006221353a8e8,Slavic Review,bibliographic_metadata_checked,periodical_candidate,140,126
journal_07d22e9c6b79ee21,European History Quarterly,bibliographic_metadata_checked,periodical_candidate,118,125
journal_9643af836a3cff70,Acta Antiqua Academiae Scientiarum Hungaricae,bibliographic_metadata_checked,periodical_candidate,171,125
journal_d620de9e27dd4317,Modern Intellectual History,bibliographic_metadata_checked,periodical_candidate,128,125
journal_642a019eb8c47e87,Estudios de Literatura Colombiana,bibliographic_metadata_checked,periodical_candidate,132,124
journal_6f0b2f5c3de128d4,Sefarad,bibliographic_metadata_checked,periodical_candidate,138,124
journal_8c92d015d9ca95a2,Ambix,bibliographic_metadata_checked,periodical_candidate,141,123
journal_8cb6f3595878e6b7,Historia Social,bibliographic_metadata_checked,periodical_candidate,107,120
journal_88109e0093fdd947,Media History,bibliographic_metadata_checked,periodical_candidate,109,119
journal_bb186df994dfcc83,Journal of the History of Economic Thought,bibliographic_metadata_checked,periodical_candidate,153,119
journal_da925052c0bcba47,Patterns of Prejudice,bibliographic_metadata_checked,periodical_candidate,110,119
journal_1bb0722ee81baad1,English Academy Review,bibliographic_metadata_checked,periodical_candidate,152,118
journal_388d7ab2e7191e76,Akkadica,bibliographic_metadata_checked,periodical_candidate,134,118
journal_1682ba7d199de65b,Presidential Studies Quarterly,bibliographic_metadata_checked,periodical_candidate,122,117
journal_808afeaacb5f4b11,Holocaust Studies,bibliographic_metadata_checked,periodical_candidate,115,117
journal_8e24a2cab6fed3d9,Journal of Religion in Africa,bibliographic_metadata_checked,periodical_candidate,110,117
journal_ec7cbde01f926330,Archivos de Historia del Movimiento Obrero y la Izquierda,bibliographic_metadata_checked,periodical_candidate,137,117
journal_ef5d6bc586ea9c38,Austrian History Yearbook,bibliographic_metadata_checked,periodical_candidate,130,117
journal_ffa20b7277b85996,Latin American Research Review,bibliographic_metadata_checked,periodical_candidate,116,117
journal_7c1762a74e99d9a6,Medical History,bibliographic_metadata_checked,periodical_candidate,108,116
journal_5d2d7b82e0071552,European Journal of East Asian Studies,bibliographic_metadata_checked,periodical_candidate,81,115
journal_76dd73521ca11f56,Religion and the Arts,bibliographic_metadata_checked,periodical_candidate,114,115
journal_0ade3b13475fde7c,Journal of Social History,publisher_metadata_checked,research_journal,124,114
journal_3cfb792f324dc767,Novum Testamentum,bibliographic_metadata_checked,periodical_candidate,128,114
journal_3f55dca82ed716b2,Sport in History,bibliographic_metadata_checked,periodical_candidate,141,114
journal_a81218833cb0d5d6,Colombia Internacional,bibliographic_metadata_checked,periodical_candidate,73,111
journal_2e69736f71e79c0d,Modern & Contemporary France,bibliographic_metadata_checked,periodical_candidate,159,108
journal_42bfb044dd6ea86d,Gephyra,bibliographic_metadata_checked,periodical_candidate,113,108
journal_9c6f44fb42920fdc,Historia Caribe,bibliographic_metadata_checked,periodical_candidate,102,107
journal_49c3e300249f856d,Journal of Modern Jewish Studies,bibliographic_metadata_checked,periodical_candidate,107,106
journal_a8aa6b4722fceb2e,Scandinavian Economic History Review,bibliographic_metadata_checked,periodical_candidate,99,106
journal_d54faa61334ccd90,Canadian Slavonic Papers,bibliographic_metadata_checked,periodical_candidate,128,106
journal_f945b16485034b24,Journal of Economic History,publisher_metadata_checked,research_journal,115,106
journal_b20b0d03cbc378be,Imago Mundi,bibliographic_metadata_checked,periodical_candidate,131,104
journal_b333afd6f217e269,Journal of Medieval History,bibliographic_metadata_checked,periodical_candidate,99,104
journal_ca95e71681fc7e1a,Istorija 20 Veka,bibliographic_metadata_checked,periodical_candidate,150,104
journal_393ccbcae701fdd2,Journal of Spiritual Formation and Soul Care,bibliographic_metadata_checked,periodical_candidate,110,102
journal_3c679fa7ce9ce3b7,Journal of Pacific History,bibliographic_metadata_checked,periodical_candidate,121,101
journal_403bb965634db9b0,Byzantine and Modern Greek Studies,bibliographic_metadata_checked,periodical_candidate,100,101
journal_5d9da3198ce156fb,Journal for the History of Astronomy,bibliographic_metadata_checked,periodical_candidate,116,101
journal_c2461bf533cd622a,Journal of the Economic and Social History of the Orient,bibliographic_metadata_checked,periodical_candidate,93,101
journal_423100a5a865d9cb,Law and History Review,bibliographic_metadata_checked,periodical_candidate,102,100
journal_a01fd42a602bdbdb,Diplomacy and Statecraft,bibliographic_metadata_checked,periodical_candidate,99,100
journal_222ce60e127f7f89,Latino Studies,bibliographic_metadata_checked,periodical_candidate,102,99
journal_430c5c5a636cf950,Journal of the History of Medicine and Allied Sciences,bibliographic_metadata_checked,periodical_candidate,99,99
journal_c581690fb5cc4430,Povijesni Prilozi,bibliographic_metadata_checked,periodical_candidate,119,99
journal_b5f044fbe895c22a,Tel Aviv,bibliographic_metadata_checked,periodical_candidate,57,98
journal_c06357ebd2b4762e,Contemporary Japan,bibliographic_metadata_checked,periodical_candidate,102,98
journal_60f005e3ad4519a3,Vigiliae Christianae,bibliographic_metadata_checked,periodical_candidate,121,97
journal_6cc572b422cc9cfa,Journal of Latin American Cultural Studies,bibliographic_metadata_checked,periodical_candidate,84,97
journal_a5ffa3668c8cb0b3,Transactions of the Royal Historical Society,bibliographic_metadata_checked,periodical_candidate,88,97
journal_9e068a23e6df4ce4,Studies in American Political Development,bibliographic_metadata_checked,periodical_candidate,89,96
journal_4455dbe3edff263b,Journal of global History,bibliographic_metadata_checked,periodical_candidate,86,95
journal_9e86406ba9f46e4a,Film Fashion and Consumption,bibliographic_metadata_checked,periodical_candidate,93,94
journal_170e71dea694ba27,Studi Francesi,bibliographic_metadata_checked,periodical_candidate,546,92
journal_2a1ced4337a4dfc5,Rocznik Teologiczny,bibliographic_metadata_checked,periodical_candidate,118,92
journal_aeea6c8b321be6f6,Insight on Africa,bibliographic_metadata_checked,periodical_candidate,80,92
journal_b95d3d520007b039,Palaeobulgarica,bibliographic_metadata_checked,periodical_candidate,123,92
journal_d374e610cfd52bac,Acta Baltica Historiae et Philosophiae Scientiarum,bibliographic_metadata_checked,periodical_candidate,99,92
journal_0be8b35dc038de73,Social Science Japan Journal,bibliographic_metadata_checked,periodical_candidate,94,91
journal_35637984666ee48e,Scrinium,bibliographic_metadata_checked,periodical_candidate,104,91
journal_8f4a979bca341aad,Journal of Conflict Archaeology,bibliographic_metadata_checked,periodical_candidate,83,91
journal_a086a4eaeb83fe7b,Journal of Chinese Overseas,bibliographic_metadata_checked,periodical_candidate,82,91
journal_123c05bc2318b339,War & Society,bibliographic_metadata_checked,periodical_candidate,85,90
journal_16a25dde320965ca,Encounters in Theory and History of Education,bibliographic_metadata_checked,periodical_candidate,58,90
journal_8786da46168acc00,Management and Organizational History,bibliographic_metadata_checked,periodical_candidate,67,90
journal_9391847d5e9cffe7,Diplomatic History,bibliographic_metadata_checked,periodical_candidate,99,90
journal_c4ffba7bccd46af6,TRaNS: Trans-Regional and -National Studies of Southeast Asia,bibliographic_metadata_checked,periodical_candidate,92,90
journal_de6efc86e0eebf98,Diasporas,bibliographic_metadata_checked,periodical_candidate,118,90
journal_758785916713f130,Matatu,bibliographic_metadata_checked,periodical_candidate,76,89
journal_84e0dc80bd203264,Journal of Tourism History,bibliographic_metadata_checked,periodical_candidate,81,89
journal_2945cb5c5cc8af94,Rural History,bibliographic_metadata_checked,periodical_candidate,71,88
journal_c3a89c9c58a756cc,History of Education Review,bibliographic_metadata_checked,periodical_candidate,84,88
journal_50571d41b70f9a9f,Berichte zur Wissenschaftsgeschichte,bibliographic_metadata_checked,periodical_candidate,85,87
journal_f94d1b95f9753857,African Historical Review,bibliographic_metadata_checked,periodical_candidate,86,87
journal_71accc8bf8209681,Medieval Encounters,bibliographic_metadata_checked,periodical_candidate,84,86
journal_8c0a1181448bc235,Irish Historical Studies,bibliographic_metadata_checked,periodical_candidate,96,86
journal_3d173a064b1993c6,Church History and Religious Culture,bibliographic_metadata_checked,periodical_candidate,88,85
journal_0ac0b65c71faec1d,Journal of Chinese Writing Systems,bibliographic_metadata_checked,periodical_candidate,88,84
journal_2e3ccb52f5b36377,History of Retailing and Consumption,bibliographic_metadata_checked,periodical_candidate,79,84
journal_e36f736779fd97b7,German History,bibliographic_metadata_checked,periodical_candidate,102,84
journal_b8545866db1e00ae,History and Technology,bibliographic_metadata_checked,periodical_candidate,81,83
journal_ce1f623ed2219e26,International Labor and Working Class History,bibliographic_metadata_checked,periodical_candidate,85,83
journal_a8b9e2add9d669e0,Language & History,bibliographic_metadata_checked,periodical_candidate,93,82
journal_7bfa328cb1f8254a,Colonial Latin American Review,bibliographic_metadata_checked,periodical_candidate,91,81
journal_546e3b8a35e077cc,Contemporary French and Francophone Studies,bibliographic_metadata_checked,periodical_candidate,90,80
journal_8acaf33f4270e550,Arabica,bibliographic_metadata_checked,periodical_candidate,83,80
journal_c755e4721eafb001,European Journal of Jewish Studies,bibliographic_metadata_checked,periodical_candidate,71,80
journal_cbd6a933b40e0219,E-Journal of Portuguese History,bibliographic_metadata_checked,periodical_candidate,65,80
journal_31cbfa08a711a200,Caucasus Survey,bibliographic_metadata_checked,periodical_candidate,76,79
journal_55b2862e091c93c6,History in Africa,bibliographic_metadata_checked,research_journal,84,79
journal_56000dd1bab1c981,Early Popular Visual Culture,bibliographic_metadata_checked,periodical_candidate,90,79
journal_0bc86b3b70daac6a,Ad Limina,bibliographic_metadata_checked,periodical_candidate,110,78
journal_7779b0949c5eba6b,European Review of Economic History,bibliographic_metadata_checked,periodical_candidate,66,78
journal_961817bc7a8baee4,Sociological Bulletin,bibliographic_metadata_checked,periodical_candidate,70,78
journal_798c8a7ecbd4ce8b,French History,bibliographic_metadata_checked,periodical_candidate,103,77
journal_84203dbdbd3796c3,History Workshop Journal,bibliographic_metadata_checked,research_journal,77,77
journal_02ba7a555bbe4a75,Ancient Civilizations from Scythia to Siberia,bibliographic_metadata_checked,periodical_candidate,55,76
journal_b87bc42725143f37,Electrum,bibliographic_metadata_checked,periodical_candidate,147,76
journal_12fdca399e8d8d40,Museum History Journal,bibliographic_metadata_checked,periodical_candidate,62,74
journal_1427ecca9e4ca588,Journal of Slavic Military Studies,bibliographic_metadata_checked,periodical_candidate,97,74
journal_b5cc1afac0a59b60,Forum Historiae,bibliographic_metadata_checked,periodical_candidate,73,74
journal_c9831879ef300dde,International Journal of Francophone Studies,bibliographic_metadata_checked,periodical_candidate,74,74
journal_13570df9a7422fdb,Journal of Historical Research in Music Education,bibliographic_metadata_checked,periodical_candidate,78,73
journal_7b7546e057193394,Acta Academiae Artium Vilnensis,bibliographic_metadata_checked,periodical_candidate,64,73
journal_647183c1e131cf7a,Comparative Studies in Society and History,bibliographic_metadata_checked,research_journal,72,72
journal_76c9fd616d8d57f0,Contemporary Levant,bibliographic_metadata_checked,periodical_candidate,69,72
journal_4888c7a32e777535,Dead Sea Discoveries,bibliographic_metadata_checked,periodical_candidate,71,71
journal_6e5b6b13fb51ee4f,Jewish Culture and History,bibliographic_metadata_checked,periodical_candidate,76,71
journal_8dec608379e28ab3,Nottingham French Studies,bibliographic_metadata_checked,periodical_candidate,78,71
journal_a4c0b4b2652fa872,Canadian Studies in Population,bibliographic_metadata_checked,periodical_candidate,58,71
journal_c782341e2d63843a,Twentieth Century British History,bibliographic_metadata_checked,periodical_candidate,73,70
journal_cc0994c4fffcf676,Cahiers du Monde Russe,bibliographic_metadata_checked,periodical_candidate,223,70
journal_09012fb45eab4d3e,Journal of Intelligence History,bibliographic_metadata_checked,periodical_candidate,80,68
journal_afc64324fdd2367c,Historia Mathematica,bibliographic_metadata_checked,periodical_candidate,73,68
journal_e391690d1620df07,Economic History of Developing Regions,bibliographic_metadata_checked,periodical_candidate,54,68
journal_ff36bfe8f9406a9c,Holocaust and Genocide Studies,publisher_metadata_checked,research_journal,73,68
journal_06580f980c0bb576,The Journal of Holocaust Research,bibliographic_metadata_checked,periodical_candidate,65,67
journal_0efa1029e2401054,Oriente Moderno,bibliographic_metadata_checked,periodical_candidate,81,67
journal_237c04bd38e91dd0,Mediterranean Historical Review,bibliographic_metadata_checked,periodical_candidate,59,67
journal_6e7f0665ceede0fb,Bulletin Hispanique,bibliographic_metadata_checked,periodical_candidate,119,67
journal_f3de9e4ca398c804,Tokovi Istorije,bibliographic_metadata_checked,periodical_candidate,64,66
journal_65d46ad09961fe91,Canadian-American Slavic Studies,bibliographic_metadata_checked,periodical_candidate,71,64
journal_a891a2f926fa77c9,Journal of the Philosophy of History,bibliographic_metadata_checked,periodical_candidate,74,64
journal_d63c3d93c03ef931,Accounting History Review,bibliographic_metadata_checked,periodical_candidate,60,64
journal_3e17477cc70b7285,Asian International Studies Review,bibliographic_metadata_checked,periodical_candidate,45,63
journal_d66a93cd9ae701f7,Aries,bibliographic_metadata_checked,periodical_candidate,72,63
journal_19eb311dca82f7f8,Journal of New Zealand and Pacific Studies,bibliographic_metadata_checked,periodical_candidate,100,62
journal_4b770248dbf1f24a,Starinar,bibliographic_metadata_checked,periodical_candidate,63,62
journal_7179bd45aeb8209a,Locus Amoenus,bibliographic_metadata_checked,periodical_candidate,69,62
journal_3dbea424d72cf6ef,Slavica Slovaca,bibliographic_metadata_checked,periodical_candidate,74,61
journal_76f49a9d91b53472,Post-Medieval Archaeology,bibliographic_metadata_checked,periodical_candidate,53,60
journal_bc9a224a0c7ddec6,Journal of Global Slavery,bibliographic_metadata_checked,periodical_candidate,57,60
journal_2af88744d50502c3,Immigrants and Minorities,bibliographic_metadata_checked,periodical_candidate,51,59
journal_30f867b31cdf447a,Parliamentary History,bibliographic_metadata_checked,periodical_candidate,65,59
journal_4cb3ce45f1001168,Continuity and Change,bibliographic_metadata_checked,periodical_candidate,58,59
journal_b8c15aae58cd91ae,Industrial Archaeology Review,bibliographic_metadata_checked,periodical_candidate,56,59
journal_d3fdfb4668463677,Textile History,bibliographic_metadata_checked,periodical_candidate,68,59
journal_152934bf5a838f6b,Revista de Historia Americana y Argentina,bibliographic_metadata_checked,periodical_candidate,53,58
journal_098c5601d80ef233,Aethiopica,bibliographic_metadata_checked,periodical_candidate,79,57
journal_241562d91defe29a,Costume,bibliographic_metadata_checked,periodical_candidate,61,57
journal_2c098277f043966a,Biuletyn Polskiej Misji Historycznej,bibliographic_metadata_checked,periodical_candidate,71,57
journal_fa9bf2f89281677e,Oxford Art Journal,bibliographic_metadata_checked,periodical_candidate,61,57
journal_0ff5c17fd43c4f65,Journal of Historical Sociology,bibliographic_metadata_checked,periodical_candidate,56,55
journal_c7c09979aff15611,Croatica Christiana Periodica,bibliographic_metadata_checked,periodical_candidate,58,55
journal_d318e15fefc2343c,Zgodovinski časopis,bibliographic_metadata_checked,periodical_candidate,50,55
journal_db43394a79456ab5,Tijdschrift voor Rechtsgeschiedenis,bibliographic_metadata_checked,periodical_candidate,59,55
journal_07fb7efaeeedc709,Fascism,bibliographic_metadata_checked,periodical_candidate,57,54
journal_301d620d70ac04c6,Acta Historica Tallinnensia,bibliographic_metadata_checked,periodical_candidate,74,53
journal_a0185a12e8f50685,Journal of Persianate Studies,bibliographic_metadata_checked,periodical_candidate,51,53
journal_ab2613b233799692,Quaerendo,bibliographic_metadata_checked,periodical_candidate,52,53
journal_d0b016607a360c95,Journal of Jesuit Studies,bibliographic_metadata_checked,periodical_candidate,52,53
journal_96e925e588a01d43,Northern History,bibliographic_metadata_checked,periodical_candidate,58,52
journal_b02e7da77e614967,Early Modern Low Countries,bibliographic_metadata_checked,periodical_candidate,42,51
journal_1cbec499c3288335,Midland History,bibliographic_metadata_checked,periodical_candidate,64,50
journal_96f001dc1b18ac34,Journal of African Diaspora Archaeology and Heritage,bibliographic_metadata_checked,periodical_candidate,48,50
journal_691748060487dd52,Journal of the Australian Early Medieval Association,bibliographic_metadata_checked,periodical_candidate,96,49
journal_e02602c2913ad82a,Terrae Incognitae,bibliographic_metadata_checked,periodical_candidate,66,49
journal_12a53f2b567d7197,Gothic Studies,bibliographic_metadata_checked,periodical_candidate,53,48
journal_5aac7e8b24bac0b8,Review of Middle East Studies,bibliographic_metadata_checked,periodical_candidate,49,48
journal_d21e2f0682668ea4,Journal of Policy History,bibliographic_metadata_checked,periodical_candidate,47,47
journal_ecbd320c8d6e9372,Financial History Review,bibliographic_metadata_checked,periodical_candidate,45,47
initial:history_theory,History and Theory,issn_and_title_checked,initial_collection_context,47,46
journal_31e5d822b53d053f,American Journal of Legal History,bibliographic_metadata_checked,periodical_candidate,50,46
journal_52d81008d00a13c6,Labour History,bibliographic_metadata_checked,periodical_candidate,30,46
journal_da73a59f384f79a3,Comparative Legal History,bibliographic_metadata_checked,periodical_candidate,43,46
journal_5f688a60482e0f9e,Journal of Jewish Languages,bibliographic_metadata_checked,periodical_candidate,41,44
journal_d046d761f06295b8,Russian History,bibliographic_metadata_checked,periodical_candidate,44,44
journal_f1fc5e3fa81592a9,The Journal of Hellenic Studies,bibliographic_metadata_checked,periodical_candidate,45,44
journal_4dea8909dd6dfdbb,Vivarium,bibliographic_metadata_checked,periodical_candidate,46,43
journal_12ee1cf3b74d54ea,Indo-European Linguistics,bibliographic_metadata_checked,periodical_candidate,35,42
journal_2e4da8f4386d4dba,Libyan Studies,bibliographic_metadata_checked,periodical_candidate,23,41
journal_2e6e57ae34ea1b42,Historia 396,bibliographic_metadata_checked,periodical_candidate,33,41
journal_bedaa9c70c04048e,Contemporary French Civilization,bibliographic_metadata_checked,periodical_candidate,34,41
journal_ed62d2f216f750fd,Journal of Sufi Studies,bibliographic_metadata_checked,periodical_candidate,36,41
journal_010aecbff62b5b33,Britannia,bibliographic_metadata_checked,periodical_candidate,38,40
journal_78720e4a3a7881e7,Amerasia Journal,bibliographic_metadata_checked,periodical_candidate,40,40
journal_cf4c20e3b761deda,Literature and History,bibliographic_metadata_checked,periodical_candidate,39,40
journal_60f292179e503c1f,Abriu,bibliographic_metadata_checked,periodical_candidate,36,39
journal_61716367f76ea56e,Slavonica,bibliographic_metadata_checked,periodical_candidate,39,39
journal_7e3614bef0a9d197,Acta Asiatica Varsoviensia,bibliographic_metadata_checked,periodical_candidate,45,39
journal_7f61c29f57730a14,Contributions to the History of Concepts,bibliographic_metadata_checked,periodical_candidate,34,39
journal_85759916e0bae0c5,Journal of Egyptian History,bibliographic_metadata_checked,periodical_candidate,37,38
journal_f4a77d7b1ed17c3d,Letonica,bibliographic_metadata_checked,periodical_candidate,37,37
journal_18e78caa4599ff04,Catalan Review,bibliographic_metadata_checked,periodical_candidate,28,36
journal_532a049a3e8b7875,Dutch Crossing,bibliographic_metadata_checked,periodical_candidate,38,36
journal_619b7173025ad490,Glottotheory,bibliographic_metadata_checked,periodical_candidate,32,36
journal_c3ea04dfb8fa5d34,Klio,bibliographic_metadata_checked,periodical_candidate,36,36
journal_4d911409059178f9,Labour History Review,bibliographic_metadata_checked,periodical_candidate,20,35
journal_80bebc4c1669b803,Medieval Archaeology,bibliographic_metadata_checked,periodical_candidate,17,35
journal_d73bba16eb647404,Acta Historiae Artis Slovenica,bibliographic_metadata_checked,periodical_candidate,44,35
journal_d76902b4e7e68941,Journal of Palestine Studies,bibliographic_metadata_checked,periodical_candidate,34,35
journal_e831ae94ba35b0eb,Archipel,bibliographic_metadata_checked,periodical_candidate,52,35
journal_f40eafadb04073aa,Revolutionary Russia,bibliographic_metadata_checked,periodical_candidate,45,35
journal_2dfeedfb997d608a,Afriques,bibliographic_metadata_checked,periodical_candidate,55,34
journal_93b3b533bbf8de5b,Arms and Armour,bibliographic_metadata_checked,periodical_candidate,40,34
journal_b48b84834e5ca37d,Revista de Estudios Colombianos,bibliographic_metadata_checked,periodical_candidate,35,34
journal_48176cf0ef384b8d,Journal of Chinese Military History,bibliographic_metadata_checked,periodical_candidate,35,33
journal_98ba9d1de9eef297,Global Environment,bibliographic_metadata_checked,periodical_candidate,23,33
journal_45d24014cdad4e89,Studia Hibernica,bibliographic_metadata_checked,periodical_candidate,10,32
journal_e58627135946a4e7,American Communist History,bibliographic_metadata_checked,periodical_candidate,37,31
journal_ebe7717166683b58,Mediaevalia Historica Bohemica,bibliographic_metadata_checked,periodical_candidate,34,31
journal_5616638fc5b421be,Western Historical Quarterly,bibliographic_metadata_checked,periodical_candidate,32,30
journal_69cd6d42b6bae5ff,Acta Borealia,bibliographic_metadata_checked,periodical_candidate,19,30
journal_abfd10f3a0d4ea8e,Irish Economic and Social History,bibliographic_metadata_checked,periodical_candidate,30,30
journal_c449c05671f88fb5,East European Jewish Affairs,bibliographic_metadata_checked,periodical_candidate,29,30
journal_51baace9d6f53bb9,Scripta Judaica Cracoviensia,bibliographic_metadata_checked,periodical_candidate,29,29
journal_59f9468d9cf294be,American Indian Culture and Research Journal,bibliographic_metadata_checked,periodical_candidate,38,29
journal_9ed6094437f11ea2,Journal of Austrian-American History,bibliographic_metadata_checked,periodical_candidate,27,29
journal_231bcd1c47c023b4,International Public History,bibliographic_metadata_checked,periodical_candidate,24,27
journal_6422d080c2ac6f33,British Journal of Canadian Studies,bibliographic_metadata_checked,periodical_candidate,16,27
journal_d70bc8b4433eab4e,Reformation,bibliographic_metadata_checked,periodical_candidate,32,27
journal_5e98e399f54b5c32,Balkanistic Forum,bibliographic_metadata_checked,periodical_candidate,25,26
journal_d88d774823c8e85d,Early Modern French Studies,bibliographic_metadata_checked,periodical_candidate,27,26
journal_e826de5b0944e7f4,Studia Slavica et Balcanica Petropolitana,bibliographic_metadata_checked,periodical_candidate,19,26
journal_321bffd7278b56b0,Kyiv-Mohyla Humanities Journal,bibliographic_metadata_checked,periodical_candidate,23,25
journal_40edc7a88ffaf34f,Explorations in Renaissance Culture,bibliographic_metadata_checked,periodical_candidate,26,25
journal_4e673e92129b2dbb,Australian Journal of French Studies,bibliographic_metadata_checked,periodical_candidate,25,25
journal_7387b767ad6cbb16,Monumenta Serica,bibliographic_metadata_checked,periodical_candidate,32,25
journal_be8760a9bb1f774e,Eighteenth-Century Ireland,bibliographic_metadata_checked,periodical_candidate,22,25
journal_12aa1a6827133fc8,Baptist Quarterly,bibliographic_metadata_checked,periodical_candidate,30,24
journal_17db694241546b45,Early China,bibliographic_metadata_checked,periodical_candidate,26,24
journal_43b5e20e11120538,Review of Rabbinic Judaism,bibliographic_metadata_checked,periodical_candidate,31,24
journal_472e21a0b18f882a,Quinto Sol,bibliographic_metadata_checked,periodical_candidate,21,24
journal_4ac587b828c7f684,Journal of Ancient Near Eastern Religions,bibliographic_metadata_checked,periodical_candidate,20,24
journal_757056d67864f4e8,Family and Community History,bibliographic_metadata_checked,periodical_candidate,30,24
journal_18f23b520a1e3c8d,American Literary History,bibliographic_metadata_checked,periodical_candidate,28,23
journal_5a828d39d05d6fb8,Pennsylvania History,bibliographic_metadata_checked,periodical_candidate,30,23
journal_16c2606d6dc20ebf,American Nineteenth Century History,bibliographic_metadata_checked,periodical_candidate,24,22
journal_422a2a3e5b661577,Chinese Studies in History,bibliographic_metadata_checked,periodical_candidate,22,22
journal_a91acae2caf7033f,Art and Perception,bibliographic_metadata_checked,periodical_candidate,9,22
journal_0cb1f1b970c817ab,Historiographia Linguistica,bibliographic_metadata_checked,periodical_candidate,34,21
journal_4c58aabb4b5e85bc,Journal of Transatlantic Studies,bibliographic_metadata_checked,periodical_candidate,18,21
journal_63804d8e1774d9d3,Caribbean Quarterly,bibliographic_metadata_checked,periodical_candidate,23,21
journal_757bfc4e2cd4a040,"Reception: Texts,  Readers, Audiences, History",bibliographic_metadata_checked,periodical_candidate,21,21
journal_a47aa9a4395e5225,Zograf,bibliographic_metadata_checked,periodical_candidate,30,21
journal_faa29ea974140d4d,Open Review of Educational Research,bibliographic_metadata_checked,periodical_candidate,15,21
journal_94cac3e8a12573d7,Cuadernos Dieciochistas,bibliographic_metadata_checked,periodical_candidate,19,20
journal_85ded14d1eb95c1f,Studia Islamica,bibliographic_metadata_checked,periodical_candidate,18,19
journal_87cc8d1395e7eabc,Vernacular Architecture,bibliographic_metadata_checked,periodical_candidate,30,19
journal_0db9a2938358ec1f,Metascience,bibliographic_metadata_checked,periodical_candidate,19,18
journal_1594f7d6e473ab43,Hispania Antiqua,bibliographic_metadata_checked,periodical_candidate,26,18
journal_61fc40a27886234d,Journal of Cultural Analytics,bibliographic_metadata_checked,periodical_candidate,10,18
journal_deea893c9dccfcc7,Ming Studies,bibliographic_metadata_checked,periodical_candidate,27,18
journal_5629e5f533bfcf54,Modern China,bibliographic_metadata_checked,periodical_candidate,14,17
journal_0ea6eb85492b044e,Philologus,bibliographic_metadata_checked,periodical_candidate,16,16
journal_15b0eb0d40baa4d7,Aspasia,bibliographic_metadata_checked,periodical_candidate,16,16
journal_513aa84d8ec855f3,Journal of Management History,bibliographic_metadata_checked,periodical_candidate,7,15
journal_ed00abc0414f5a9f,Northern Scotland,bibliographic_metadata_checked,periodical_candidate,13,15
journal_34180f9dc5ac6b67,Hobbes Studies,bibliographic_metadata_checked,periodical_candidate,15,14
journal_961459134d6e6ba2,Cuadernos Europeos de Deusto,bibliographic_metadata_checked,periodical_candidate,11,14
journal_d49ff3b1ae59979f,Landscape History,bibliographic_metadata_checked,periodical_candidate,9,14
journal_137d24576962fec5,Ars Judaica,bibliographic_metadata_checked,periodical_candidate,9,13
journal_1b86c431903b1bf8,British Catholic History,bibliographic_metadata_checked,periodical_candidate,13,13
journal_3f66d54b263d36b2,Journal of Moravian History,bibliographic_metadata_checked,periodical_candidate,16,13
journal_8e6fcfb1042b0aff,Sport und Gesellschaft,bibliographic_metadata_checked,periodical_candidate,10,13
journal_939e97b9cdb02495,Oceania,bibliographic_metadata_checked,periodical_candidate,13,13
journal_b11573f4d81e9f89,Wesley and Methodist Studies,bibliographic_metadata_checked,periodical_candidate,12,13
journal_164ac2d42cf679fd,Tyche,bibliographic_metadata_checked,periodical_candidate,12,12
journal_507b44cefba27a37,Review of Central and East European Law,bibliographic_metadata_checked,periodical_candidate,14,12
journal_b8bc3aaecbd1501f,Environmental History,bibliographic_metadata_checked,research_journal,12,12
journal_d95c189c6494a6b0,International Journal of Military History and Historiography,bibliographic_metadata_checked,periodical_candidate,11,12
journal_6e79a31c4f3a9c2a,Ibsen Studies,bibliographic_metadata_checked,periodical_candidate,14,11
journal_cc0168d51244497a,Anglo-Saxon England,bibliographic_metadata_checked,periodical_candidate,13,11
journal_ec6114ac32c92f0e,Indian Historical Review,bibliographic_metadata_checked,periodical_candidate,9,11
journal_1b504ae54f900909,International Journal of Regional and Local History,bibliographic_metadata_checked,periodical_candidate,14,10
journal_2e0fda8be73ce644,Historiallinen aikakauskirja,bibliographic_metadata_checked,periodical_candidate,8,10
journal_4ab29e2dc4c42863,History and Sociology of South Asia,bibliographic_metadata_checked,periodical_candidate,6,10
journal_d0d6da384f579019,Altorientalische Forschungen,bibliographic_metadata_checked,periodical_candidate,7,10
journal_02374963f4ea4849,Journal of Early American History,bibliographic_metadata_checked,periodical_candidate,9,9
journal_1767521c1a72108c,Kurdish Studies,bibliographic_metadata_checked,periodical_candidate,9,9
journal_64eed992b3141a9f,Zwingliana,bibliographic_metadata_checked,periodical_candidate,13,9
journal_79e953acb780de42,Studies in World Christianity,bibliographic_metadata_checked,periodical_candidate,7,9
journal_7e71f9ae6859ee23,Studies in American Humor,bibliographic_metadata_checked,periodical_candidate,9,9
journal_0e1cecd651790c35,Jewish History,bibliographic_metadata_checked,periodical_candidate,8,8
journal_7592b6a3251d66f6,Journal of Chinese Humanities,bibliographic_metadata_checked,periodical_candidate,8,8
journal_a3c5811a564c9812,Turkish Historical Review,bibliographic_metadata_checked,periodical_candidate,6,8
journal_ae4282d42cb06387,Southeastern Europe,bibliographic_metadata_checked,periodical_candidate,6,8
journal_e40290b52b569d72,Asian Survey,bibliographic_metadata_checked,periodical_candidate,5,8
journal_124390f4234bafa7,Antike und Abendland,bibliographic_metadata_checked,periodical_candidate,7,7
journal_bd4f71df41937bd4,Journal for the Study of the Historical Jesus,bibliographic_metadata_checked,periodical_candidate,7,7
journal_ed36aa87373eecae,Arabic Sciences and Philosophy,bibliographic_metadata_checked,periodical_candidate,8,7
journal_ffa567d19d62bd5c,British Politics,bibliographic_metadata_checked,periodical_candidate,8,7
journal_0ad8e0f3d821d733,Grotiana,bibliographic_metadata_checked,periodical_candidate,5,6
journal_567d4902fd507274,Sport history Review,bibliographic_metadata_checked,periodical_candidate,4,6
journal_62f23709e6426bf7,Augustinian Studies,bibliographic_metadata_checked,periodical_candidate,6,6
journal_7a73310b46e86f18,Giornale di Storia Costituzionale,bibliographic_metadata_checked,periodical_candidate,12,6
journal_adee8b7eb5501f25,Historical Studies in Industrial Relations,bibliographic_metadata_checked,periodical_candidate,7,6
journal_d9ad4351da48ddc7,Physics in Perspective,bibliographic_metadata_checked,periodical_candidate,4,6
journal_248bd9bc2ffb6732,Getty Research Journal,bibliographic_metadata_checked,periodical_candidate,5,5
journal_5e2c4b4321a8e81d,Journal of Migration History,bibliographic_metadata_checked,periodical_candidate,5,5
journal_6caa31fca875d185,International Journal of Euro-Mediterranean Studies,bibliographic_metadata_checked,periodical_candidate,3,5
journal_75c6a08ade7751b8,Journal for Maritime Research,bibliographic_metadata_checked,periodical_candidate,5,5
journal_95d1a1a5f3c42882,Urban History Review,bibliographic_metadata_checked,periodical_candidate,5,5
journal_bb1199f7efcb2f58,Queensland Review,bibliographic_metadata_checked,periodical_candidate,5,5
initial:annales_english,"Annales. Histoire, Sciences Sociales — English Edition",issn_and_title_checked,initial_collection_context,5,4
journal_46f60c2239c241af,Historia Constitucional,bibliographic_metadata_checked,periodical_candidate,6,4
journal_b3ca8061d47a3438,Architectural History,bibliographic_metadata_checked,periodical_candidate,4,4
journal_f1f84936492363e6,Anthropology and Archeology of Eurasia,bibliographic_metadata_checked,periodical_candidate,3,4
journal_0a25ba91e856b2ea,French Studies Bulletin,bibliographic_metadata_checked,periodical_candidate,3,3
journal_313175a141dec727,Die Welt des Islams,bibliographic_metadata_checked,periodical_candidate,3,3
journal_96d199037ebb3fbd,Early Medieval China,bibliographic_metadata_checked,periodical_candidate,3,3
journal_12bf31db16a72aab,Historical Studies in the Natural Sciences,bibliographic_metadata_checked,periodical_candidate,2,2
journal_604e2d632d1a8668,Communio Viatorum,bibliographic_metadata_checked,periodical_candidate,2,2
journal_680f8e3ac13cbe55,European Judaism,bibliographic_metadata_checked,periodical_candidate,2,2
journal_9dac4f2eb2dce0f8,International Journal of Korean History,bibliographic_metadata_checked,periodical_candidate,1,2
journal_d0aa0fce346501e1,French Colonial History,bibliographic_metadata_checked,periodical_candidate,2,2
initial:canadian_journal_history,Canadian Journal of History,issn_and_title_checked,initial_collection_context,1,1
initial:william_mary,William and Mary Quarterly,issn_and_title_checked,initial_collection_context,1,1
journal_0aa5f8709a0dfd0f,East Central Europe,bibliographic_metadata_checked,periodical_candidate,1,1
journal_143316980706a039,Byzantinoslavica,bibliographic_metadata_checked,periodical_candidate,1,1
journal_152a0be173912ba1,Papers of the British School at Rome,bibliographic_metadata_checked,periodical_candidate,1,1
journal_4b4d307315e1f88d,Northeast African Studies,bibliographic_metadata_checked,periodical_candidate,1,1
journal_5821106d7b9088f4,Journal of American-East Asian Relations,bibliographic_metadata_checked,periodical_candidate,1,1
journal_60abd8b19fe3dd1d,Journal of Holy Land and Palestine Studies,bibliographic_metadata_checked,periodical_candidate,1,1
journal_759510c0ed4a2f0e,Zeitgeschichte,bibliographic_metadata_checked,periodical_candidate,1,1
journal_b5bc1b2839197574,Hamdard Islamicus,bibliographic_metadata_checked,periodical_candidate,1,1
journal_bfe29e0a8470fd90,International Journal of Asian Christianity,bibliographic_metadata_checked,periodical_candidate,1,1
journal_c4c26d5c273b75d4,Asia-Pacific Review,bibliographic_metadata_checked,periodical_candidate,1,1
journal_fec8730d1b37f6d3,Erudition and the Republic of Letters,bibliographic_metadata_checked,periodical_candidate,1,1
initial:annales_1929,Annales d’histoire économique et sociale,issn_and_title_checked,initial_collection_context,0,0
initial:cambridge_historical_journal,Cambridge Historical Journal,issn_and_title_checked,initial_collection_context,0,0
initial:history_workshop_earlier,History Workshop — earlier ISSN,historical_issn_checked_crossref_zero,initial_collection_context,0,0
initial:labour_le_travail,Labour/Le Travail,issn_and_title_checked,initial_collection_context,0,0
initial:mississippi_valley,The Mississippi Valley Historical Review,issn_and_title_checked,initial_collection_context,0,0
journal_0010810cce9bcdbd,Rivista di Cultura Classica e Medioevale,bibliographic_metadata_checked,periodical_candidate,0,0
journal_0078dc876470cc4c,Boundary 2,bibliographic_metadata_checked,periodical_candidate,0,0
journal_0274a11f810aef63,Journal of Vietnamese Studies,bibliographic_metadata_checked,periodical_candidate,0,0
journal_02eec3b72cd5349d,Forest & Conservation History,publisher_metadata_checked,periodical_candidate,0,0
journal_03083059e70c3d9a,Lias,bibliographic_metadata_checked,periodical_candidate,0,0
journal_050469515a7e2989,Journal of Scottish Philosophy,bibliographic_metadata_checked,periodical_candidate,0,0
journal_054d070a681aafc6,Le Mouvement social,bibliographic_metadata_checked,research_journal,0,0
journal_05682cc5619c8c31,Annales d’histoire sociale (1939–1941),publisher_metadata_checked,research_journal,0,0
journal_069e4cdc76aaa02b,Wisconsin Magazine of History,bibliographic_metadata_checked,periodical_candidate,0,0
journal_0746da64ae4b3c67,Bollettino Storico - Bibliografico Subalpino,bibliographic_metadata_checked,periodical_candidate,0,0
journal_074a5b70dab9caaf,Arbeiderhistorie,bibliographic_metadata_checked,periodical_candidate,0,0
journal_07ccddae5a67c1fa,Journal of the History of Sexuality,publisher_metadata_checked,research_journal,0,0
journal_0835598cd9000a22,Radovi Zavoda za Povijesne Znanosti Hazu u Zadru,bibliographic_metadata_checked,periodical_candidate,0,0
journal_0942ceb4caa62231,Kritika,bibliographic_metadata_checked,periodical_candidate,0,0
journal_09fc2f1a6d52501a,Radovi Instituta za Povijest Umjetnosti,bibliographic_metadata_checked,periodical_candidate,0,0
journal_0a499d5cdd4c440d,Studi Storici,bibliographic_metadata_checked,periodical_candidate,0,0
journal_0a5c0399d174c74e,Rinascimento,bibliographic_metadata_checked,periodical_candidate,0,0
journal_0a73c3dacf0060e1,Rusin,bibliographic_metadata_checked,periodical_candidate,0,0
journal_0c74a728594aaf45,Journal of Mediterranean Studies,bibliographic_metadata_checked,periodical_candidate,0,0
journal_0e773d54a56d5141,Missouri Historical Review,bibliographic_metadata_checked,periodical_candidate,0,0
journal_0e7d57e126ed1534,Eighteenth-Century Life,bibliographic_metadata_checked,periodical_candidate,0,0
journal_115ce886a236cb08,Comitatus,bibliographic_metadata_checked,periodical_candidate,0,0
journal_12c0d6a71b4570ba,Journal of the Royal Australian Historical Society,bibliographic_metadata_checked,periodical_candidate,0,0
journal_1344edbbda533c2f,ARTMargins,bibliographic_metadata_checked,periodical_candidate,0,0
journal_134943079e99fdc9,Latomus,bibliographic_metadata_checked,periodical_candidate,0,0
journal_140e8ca13be863d3,Publishing History,bibliographic_metadata_checked,periodical_candidate,0,0
journal_14ee9581a8c361a7,Luso-Brazilian Review,bibliographic_metadata_checked,periodical_candidate,0,0
journal_186238c00e627d8e,Journal of Interdisciplinary History,publisher_metadata_checked,research_journal,0,0
journal_18b9b876e4599c56,Annales de Bourgogne,bibliographic_metadata_checked,periodical_candidate,0,0
journal_18cbd3e486b25ac8,The Mennonite Quarterly Review,bibliographic_metadata_checked,periodical_candidate,0,0
journal_1afb8b667f1ae5c3,Peritia,bibliographic_metadata_checked,periodical_candidate,0,0
journal_1b28d5f920660c7b,The Slavic and East European Journal,bibliographic_metadata_checked,periodical_candidate,0,0
journal_1bf8df84e3283ad5,Feminist Studies,bibliographic_metadata_checked,research_journal,0,0
journal_1c18541e9561fbec,Western Folklore,bibliographic_metadata_checked,periodical_candidate,0,0
journal_1c7b5476f23090dc,Journal of Negro History,bibliographic_metadata_checked,research_journal,0,0
journal_1d2f5edf681df07a,Oregon Historical Quarterly,bibliographic_metadata_checked,periodical_candidate,0,0
journal_1d3e57485ef758f2,20 & 21. Revue d'histoire,bibliographic_metadata_checked,periodical_candidate,0,0
journal_1d409986bb24fa94,Spiritus,bibliographic_metadata_checked,periodical_candidate,0,0
journal_1d41a7564c5d12b7,History of Economic Thought and Policy,bibliographic_metadata_checked,periodical_candidate,0,0
journal_1fa7274d28c61d69,History of Economic Ideas,bibliographic_metadata_checked,periodical_candidate,0,0
journal_208547bb1918b2de,Eighteenth-Century Studies,bibliographic_metadata_checked,periodical_candidate,0,0
journal_2119b0e45870cd6f,Mélanges d’histoire sociale,publisher_metadata_checked,research_journal,0,0
journal_215053c67a06f64e,Iranica Antiqua,bibliographic_metadata_checked,periodical_candidate,0,0
journal_218bc07409dec6b7,"Region: Regional Studies of Russia, Eastern Europe, and Central Asia",bibliographic_metadata_checked,periodical_candidate,0,0
journal_263b4de58d393d76,"Geopolitics, History, and International Relations",bibliographic_metadata_checked,periodical_candidate,0,0
journal_264c39cda506d1ec,Canadian Historical Review,bibliographic_metadata_checked,periodical_candidate,0,0
journal_276add574abd6316,History of Religions,bibliographic_metadata_checked,periodical_candidate,0,0
journal_2792bbb391111da3,Popolazione e Storia,bibliographic_metadata_checked,periodical_candidate,0,0
journal_29d4cfabb5270347,Illes i Imperis,bibliographic_metadata_checked,periodical_candidate,0,0
journal_2a7a36374c3b0e9f,History Today,bibliographic_metadata_checked,periodical_candidate,0,0
journal_2a7e588116c20511,Journal of Near Eastern Studies,bibliographic_metadata_checked,periodical_candidate,0,0
journal_2d0a6518990a0fc5,Journal of Commonwealth and Postcolonial Studies,bibliographic_metadata_checked,periodical_candidate,0,0
journal_2d4679f495d085cf,Representations,publisher_metadata_checked,research_journal,0,0
journal_2d8590efe31099c7,Journal of the West,bibliographic_metadata_checked,periodical_candidate,0,0
journal_2e249e91aa6f1928,Graeco-Latina Brunensia,bibliographic_metadata_checked,periodical_candidate,0,0
journal_2e73fa5b49d7b14b,Canadian Review of American Studies,bibliographic_metadata_checked,periodical_candidate,0,0
journal_2e9342c7983b8644,Asia Pacific Perspectives,publisher_metadata_checked,research_journal,0,0
journal_3261cd2551a8f4ca,Journal of American Ethnic History,bibliographic_metadata_checked,periodical_candidate,0,0
journal_34d94e5b6393875c,Edinburgh Law Review,bibliographic_metadata_checked,periodical_candidate,0,0
journal_34e0333c4604a050,History of Political Economy,bibliographic_metadata_checked,periodical_candidate,0,0
journal_366b2c11ffcdece3,History of Political Thought,bibliographic_metadata_checked,periodical_candidate,0,0
journal_36e4a6077c49b27e,Journal of Somali Studies,bibliographic_metadata_checked,periodical_candidate,0,0
journal_376b83364160c143,Studia Celtica,bibliographic_metadata_checked,periodical_candidate,0,0
journal_38e479e715d9523d,Technology and Culture,bibliographic_metadata_checked,research_journal,0,0
journal_3979fc76be7c4768,Frontiers of History in China,bibliographic_metadata_checked,periodical_candidate,0,0
journal_39aa81f94c95b3a4,Noctua,bibliographic_metadata_checked,periodical_candidate,0,0
journal_3a2f182b9107325c,Journal of Early Christian Studies,bibliographic_metadata_checked,periodical_candidate,0,0
journal_3bdf3800207924c3,The Polish Review,bibliographic_metadata_checked,periodical_candidate,0,0
journal_3c00c0a539c8e25e,International Journal of Sino-Western Studies,bibliographic_metadata_checked,periodical_candidate,0,0
journal_3c44c5c28f7b2c3b,New Zealand Journal of History,bibliographic_metadata_checked,periodical_candidate,0,0
journal_3d33767a76e5aca1,Winterthur Portfolio,bibliographic_metadata_checked,periodical_candidate,0,0
journal_3d80b9997859ebd7,Revista Chilena de Historia del Derecho,bibliographic_metadata_checked,periodical_candidate,0,0
journal_3d920cc86259262a,Anglican & Episcopal History,bibliographic_metadata_checked,periodical_candidate,0,0
journal_3d98833a0d8281f8,Pacific Historical Review,bibliographic_metadata_checked,periodical_candidate,0,0
journal_3e25012edc96e37a,California History,bibliographic_metadata_checked,periodical_candidate,0,0
journal_3e5ef0a278f422dd,Mediterranea - Ricerche Storiche,bibliographic_metadata_checked,periodical_candidate,0,0
journal_3fcebf8d64238107,Soviet Studies,bibliographic_metadata_checked,periodical_candidate,0,0
journal_40dae856794b879a,Journal of European Integration History,bibliographic_metadata_checked,periodical_candidate,0,0
journal_43031ba14ffea08e,Journal of the Siam Society,bibliographic_metadata_checked,periodical_candidate,0,0
journal_439b3c80580c4637,Mediaeval Studies,bibliographic_metadata_checked,periodical_candidate,0,0
journal_43e8150cb7694eb0,Islamic Africa,bibliographic_metadata_checked,periodical_candidate,0,0
journal_4630cadaf7561ba5,Radical History Review,bibliographic_metadata_checked,periodical_candidate,0,0
journal_465233074c92587e,The Journal of Modern History,bibliographic_metadata_checked,periodical_candidate,0,0
journal_48084857eb5bdc78,Social Evolution and History,bibliographic_metadata_checked,periodical_candidate,0,0
journal_483c5dbb9cc38f4f,Clogher Record,bibliographic_metadata_checked,periodical_candidate,0,0
journal_4a2f99869acda1bc,Biography,bibliographic_metadata_checked,periodical_candidate,0,0
journal_4a594fa2503f3313,New York History,bibliographic_metadata_checked,periodical_candidate,0,0
journal_4a8803ef72e243e9,Journal of Global South Studies,bibliographic_metadata_checked,periodical_candidate,0,0
journal_4b140f301cf21063,Rivista Storica Italiana,bibliographic_metadata_checked,periodical_candidate,0,0
journal_4d2b6486db108d00,Near Eastern Archaeology,bibliographic_metadata_checked,periodical_candidate,0,0
journal_4d7fa7f3dd0dba0e,Agricultural History,bibliographic_metadata_checked,periodical_candidate,0,0
journal_4e2e554255607ea8,Journal of Asian American Studies,bibliographic_metadata_checked,periodical_candidate,0,0
journal_4e8ff5bd7ff87fe6,Vulcan,bibliographic_metadata_checked,periodical_candidate,0,0
journal_4f05bbd5cbfe6767,Journal of Indonesian Islam,bibliographic_metadata_checked,periodical_candidate,0,0
journal_501dbe26b910746b,Byzantinische Zeitschrift,bibliographic_metadata_checked,periodical_candidate,0,0
journal_50555d07febbd77e,Archivaria,bibliographic_metadata_checked,periodical_candidate,0,0
journal_520f0367872b502b,Studi Medievali,bibliographic_metadata_checked,periodical_candidate,0,0
journal_53d0ad654c4a87ff,I Tatti Studies,bibliographic_metadata_checked,periodical_candidate,0,0
journal_53e66fc2ba723ebe,Historia Regional,bibliographic_metadata_checked,periodical_candidate,0,0
journal_57a3505b8688a2ce,Environmental History Review,publisher_metadata_checked,research_journal,0,0
journal_586efb7411d08bc4,Moreana,bibliographic_metadata_checked,periodical_candidate,0,0
journal_59279dbaabef521f,North Korean Review,bibliographic_metadata_checked,periodical_candidate,0,0
journal_59c0813242987d48,Dublin Historical Record,bibliographic_metadata_checked,periodical_candidate,0,0
journal_5b3d779e522e957e,Reviews in American History,bibliographic_metadata_checked,periodical_candidate,0,0
journal_5cd1b2ee989ccd97,Rhodesiana,bibliographic_metadata_checked,periodical_candidate,0,0
journal_5d76ceec2a327733,Book History,bibliographic_metadata_checked,periodical_candidate,0,0
journal_5e0a17306de38521,Ancient Society,bibliographic_metadata_checked,periodical_candidate,0,0
journal_5e59fad08376c0cb,Southwestern Historical Quarterly,bibliographic_metadata_checked,periodical_candidate,0,0
journal_5ec98eab99700471,Asian-European Music Research Journal,bibliographic_metadata_checked,periodical_candidate,0,0
journal_5f366901b0f2ce47,Archivio Storico Italiano,bibliographic_metadata_checked,periodical_candidate,0,0
journal_6005d9c1a648b5b6,Central Asiatic Journal,bibliographic_metadata_checked,periodical_candidate,0,0
journal_60c629672bd0f92f,Codrul Cosminului,bibliographic_metadata_checked,periodical_candidate,0,0
journal_62d8c198461e342d,Revue Biblique,bibliographic_metadata_checked,periodical_candidate,0,0
journal_6468af62de1f2e03,Journal of the Ottoman and Turkish Studies Association,bibliographic_metadata_checked,periodical_candidate,0,0
journal_65dd21715536a35f,"Annales. Histoire, Sciences sociales",bibliographic_metadata_checked,research_journal,0,0
journal_669fdd8d058bc1d8,Hyperboreus,bibliographic_metadata_checked,periodical_candidate,0,0
journal_66d133bccca89ab7,Minnesota History,bibliographic_metadata_checked,periodical_candidate,0,0
journal_6945b13e007ffa31,Victorian Historical Journal,bibliographic_metadata_checked,periodical_candidate,0,0
journal_6983a79586ee9ce5,Catalan Historical Review,bibliographic_metadata_checked,periodical_candidate,0,0
journal_69a2877f98bab7a1,German Studies Review,bibliographic_metadata_checked,periodical_candidate,0,0
journal_6a64f9efba1e4a74,Transylvanian Review,bibliographic_metadata_checked,periodical_candidate,0,0
journal_6ac7f98e81e1df04,The Medieval Review,bibliographic_metadata_checked,periodical_candidate,0,0
journal_6c1110e1ca9a1ad1,Saeculum,bibliographic_metadata_checked,periodical_candidate,0,0
journal_6cf732f1a6b422f5,Arthuriana,bibliographic_metadata_checked,periodical_candidate,0,0
journal_6d14a1e9786228a0,Communisme,bibliographic_metadata_checked,periodical_candidate,0,0
journal_6d43da8093b9af4d,J19,bibliographic_metadata_checked,periodical_candidate,0,0
journal_6e80485dff3ef6cc,Critical Inquiry,publisher_metadata_checked,research_journal,0,0
journal_70e76363b3fe29d9,Guerres Mondiales et Conflits Contemporains,bibliographic_metadata_checked,periodical_candidate,0,0
journal_714fc18dceabbefd,Revue historique,bibliographic_metadata_checked,periodical_candidate,0,0
journal_71da186c97c9cb19,Index on Censorship,bibliographic_metadata_checked,periodical_candidate,0,0
journal_732a73a98f998df2,Essays in Economic & Business History,bibliographic_metadata_checked,periodical_candidate,0,0
journal_7561864b4f197c7f,Victorian Studies,bibliographic_metadata_checked,periodical_candidate,0,0
journal_75a7036fd3d893a0,History of Intellectual Culture,bibliographic_metadata_checked,periodical_candidate,0,0
journal_7632f05d8be4b918,The Social History of Alcohol and Drugs,bibliographic_metadata_checked,periodical_candidate,0,0
journal_77695299ceedc9b2,Journal of World History,bibliographic_metadata_checked,research_journal,0,0
journal_77a3ca6064c87819,History & Memory,bibliographic_metadata_checked,periodical_candidate,0,0
journal_77dce64cf35cc436,Monumenta Nipponica,bibliographic_metadata_checked,periodical_candidate,0,0
journal_7a900b153d984209,Huntington Library Quarterly,bibliographic_metadata_checked,periodical_candidate,0,0
journal_7d661918209204ff,Film & History,bibliographic_metadata_checked,periodical_candidate,0,0
journal_7dcb7152872174a0,FWU Journal of Social Sciences,bibliographic_metadata_checked,periodical_candidate,0,0
journal_7e620e1d826de5ee,Annali di Scienze Religiose,bibliographic_metadata_checked,periodical_candidate,0,0
journal_811c9bfd83714935,Journal of African American History,publisher_metadata_checked,research_journal,0,0
journal_8190ce597550789c,Journal of the History of Ideas,bibliographic_metadata_checked,periodical_candidate,0,0
journal_8216afcd658d2b61,The Historical Review / La Revue Historique,bibliographic_metadata_checked,periodical_candidate,0,0
journal_824e0c40e74b1fc3,Revue du Nord,bibliographic_metadata_checked,periodical_candidate,0,0
journal_8377161f76a06c59,Information & Culture,bibliographic_metadata_checked,periodical_candidate,0,0
journal_838294bed277bdf9,Journal of the American Oriental Society,bibliographic_metadata_checked,periodical_candidate,0,0
journal_8585d31947c9bdf9,Journal Asiatique,bibliographic_metadata_checked,periodical_candidate,0,0
journal_8764d21a3f246bf9,Signs: Journal of Women in Culture and Society,publisher_metadata_checked,research_journal,0,0
journal_883f0907e12de5d8,Nuova Rivista Storica,bibliographic_metadata_checked,periodical_candidate,0,0
journal_887b02cb52ffc529,"International Journal for History, Culture and Modernity",bibliographic_metadata_checked,periodical_candidate,0,0
journal_89523cf0f1f9d8f4,Current History,bibliographic_metadata_checked,periodical_candidate,0,0
journal_89890cb9ebbc8969,Kansas History,bibliographic_metadata_checked,periodical_candidate,0,0
journal_8bd27880639a07cf,Anatolian Studies,bibliographic_metadata_checked,periodical_candidate,0,0
journal_8bec0e86e7c4a53e,Journal of Mormon History,bibliographic_metadata_checked,periodical_candidate,0,0
journal_8ca2dcb0199b28f9,Isis,publisher_metadata_checked,research_journal,0,0
journal_8cf321b87cd71067,Journal of Modern Greek Studies,bibliographic_metadata_checked,periodical_candidate,0,0
journal_8fa6d55b62619679,Journal of Asian History,bibliographic_metadata_checked,periodical_candidate,0,0
journal_9003da6c1725c3e7,Southern Cultures,bibliographic_metadata_checked,periodical_candidate,0,0
journal_9094fd9292e9e102,Rassegna Storica del Risorgimento,bibliographic_metadata_checked,periodical_candidate,0,0
journal_919d0c14e01dd6ed,Environmental Review,publisher_metadata_checked,research_journal,0,0
journal_91ac22513ea8f4aa,Ohio History,bibliographic_metadata_checked,periodical_candidate,0,0
journal_91f1c756cb33896f,Acadiensis,bibliographic_metadata_checked,periodical_candidate,0,0
journal_92c48c1e19b1b5f5,Franciscan Studies,bibliographic_metadata_checked,periodical_candidate,0,0
journal_93106eb391eaba63,Ons Geestelijk Erf,bibliographic_metadata_checked,periodical_candidate,0,0
journal_948cc26713e83336,Orientalia Christiana Periodica,bibliographic_metadata_checked,periodical_candidate,0,0
journal_957c9e69c8e69d33,Kajian Malaysia,bibliographic_metadata_checked,periodical_candidate,0,0
journal_95ca004fc5a2f34b,Harvard Law Review,bibliographic_metadata_checked,periodical_candidate,0,0
journal_95ce869bb6a03290,BYU Studies Quarterly,bibliographic_metadata_checked,periodical_candidate,0,0
journal_95ffe6f1130dc012,Journal of the Royal Society of Antiquaries of Ireland,bibliographic_metadata_checked,periodical_candidate,0,0
journal_96045933721e0452,Late Imperial China,bibliographic_metadata_checked,periodical_candidate,0,0
journal_9697ff97017802c8,Contemporary Southeastern Europe,bibliographic_metadata_checked,periodical_candidate,0,0
journal_970e4c11481041d7,Hispanic American Historical Review,bibliographic_metadata_checked,periodical_candidate,0,0
journal_9799d03df89e4147,Petits Propos Culinaires,bibliographic_metadata_checked,periodical_candidate,0,0
journal_97bcca0093474cc2,Rivista degli Studi Orientali,bibliographic_metadata_checked,periodical_candidate,0,0
journal_98aa56748935df70,Bulletin of the American Schools of Oriental Research,bibliographic_metadata_checked,periodical_candidate,0,0
journal_99054dca06f1ef03,The Catholic Historical Review,bibliographic_metadata_checked,periodical_candidate,0,0
journal_994dc8e5a81961bb,AJS Review,bibliographic_metadata_checked,periodical_candidate,0,0
journal_996df5230b13e08b,Annales d’histoire sociale (1945),publisher_metadata_checked,research_journal,0,0
journal_9a03579a38d60741,Studia Rudolphina,bibliographic_metadata_checked,periodical_candidate,0,0
journal_9c4f10e776b54df4,Dialogues d'Histoire Ancienne,bibliographic_metadata_checked,periodical_candidate,0,0
journal_9caf0673e1a3b685,Memoria e Ricerca,bibliographic_metadata_checked,periodical_candidate,0,0
journal_9d03148c52b1a89d,Jewish Social Studies,bibliographic_metadata_checked,periodical_candidate,0,0
journal_9dd1c72130a9fcdb,Parergon,bibliographic_metadata_checked,periodical_candidate,0,0
journal_9f9dff6d3ffacccd,Agricultural History Review,bibliographic_metadata_checked,periodical_candidate,0,0
journal_a09ca3d405b3ee2d,Journal of Cold War Studies,bibliographic_metadata_checked,periodical_candidate,0,0
journal_a13036715c908b55,Philippine Studies: Historical and Ethnographic Viewpoints,bibliographic_metadata_checked,periodical_candidate,0,0
journal_a16d00a256e95952,Ricerche di Storia Politica,bibliographic_metadata_checked,periodical_candidate,0,0
journal_a4a46b09b233a09e,Cartagine. Studi e Ricerche,bibliographic_metadata_checked,periodical_candidate,0,0
journal_a5f41bc50adf0e15,Bulletin of the History of Medicine,bibliographic_metadata_checked,periodical_candidate,0,0
journal_a6538fc9e84fa4d1,The Irish Sword,bibliographic_metadata_checked,periodical_candidate,0,0
journal_a67e93621de863b1,Geschichte und Gesellschaft,bibliographic_metadata_checked,research_journal,0,0
journal_a6e068f32590fd4a,Journal of Sport History,bibliographic_metadata_checked,periodical_candidate,0,0
journal_a6facb84ebb73c4a,Slavia Meridionalis,bibliographic_metadata_checked,periodical_candidate,0,0
journal_ac500c75e6f8ef69,Knowledge Cultures,bibliographic_metadata_checked,periodical_candidate,0,0
journal_ac6eff79190d5918,Romantisme,bibliographic_metadata_checked,periodical_candidate,0,0
journal_ad5c79abbd9dcc80,Glossae,bibliographic_metadata_checked,periodical_candidate,0,0
journal_adc191866244d967,Civil War History,bibliographic_metadata_checked,periodical_candidate,0,0
journal_aded3c6c3577b588,New Mexico Historical Review,bibliographic_metadata_checked,periodical_candidate,0,0
journal_aefa3b842e9299d0,Journal of Medieval Monastic Studies,bibliographic_metadata_checked,periodical_candidate,0,0
journal_af321c83d77f929c,Afrique & Histoire,bibliographic_metadata_checked,periodical_candidate,0,0
journal_af9eb2a59f476770,The Journal of American History,publisher_metadata_checked,research_journal,0,0
journal_affd059f5acfd371,Journal of Semitic Studies,bibliographic_metadata_checked,periodical_candidate,0,0
journal_b08fd4802c40b034,The New England Quarterly,bibliographic_metadata_checked,periodical_candidate,0,0
journal_b29c1b490cd7f2af,Journal of the Early Republic,bibliographic_metadata_checked,periodical_candidate,0,0
journal_b2c77d0bf6c9b20c,Critical Historical Studies,bibliographic_metadata_checked,periodical_candidate,0,0
journal_b43fdf40584be57d,Archives Juives,bibliographic_metadata_checked,periodical_candidate,0,0
journal_b51ee74d0e3a9f45,Change Over Time,bibliographic_metadata_checked,periodical_candidate,0,0
journal_b593c1e34bb05016,Asia Policy,bibliographic_metadata_checked,periodical_candidate,0,0
journal_b5b188191ea8d9f7,"Annales. Économies, sociétés, civilisations",publisher_metadata_checked,research_journal,0,0
journal_b5fbd9ff813d8792,Philological Quarterly,bibliographic_metadata_checked,periodical_candidate,0,0
journal_b694e17ada080869,Shofar,bibliographic_metadata_checked,periodical_candidate,0,0
journal_b7c39921ebc6dac5,Contemporary Southeast Asia,bibliographic_metadata_checked,periodical_candidate,0,0
journal_b8f2fe53e0236dd6,Archaeologia Historica,bibliographic_metadata_checked,periodical_candidate,0,0
journal_b94d9fb6ecebd296,Hercegovina,bibliographic_metadata_checked,periodical_candidate,0,0
journal_b98f6b1edace9f24,Florida Historical Quarterly,bibliographic_metadata_checked,periodical_candidate,0,0
journal_baec35d136f8cd38,Journal of Coptic Studies,bibliographic_metadata_checked,periodical_candidate,0,0
journal_bbcb45648f11880b,African Economic History,bibliographic_metadata_checked,periodical_candidate,0,0
journal_bbddc9f007c2d87b,The History Teacher,bibliographic_metadata_checked,periodical_candidate,0,0
journal_bc6b0a13e0e9b4dd,Studi Piemontesi,bibliographic_metadata_checked,periodical_candidate,0,0
journal_bd5a46a99fe5bd14,Historia Mexicana,bibliographic_metadata_checked,periodical_candidate,0,0
journal_bff810e388b95a3f,Michigan Historical Review,bibliographic_metadata_checked,periodical_candidate,0,0
journal_c0d93ea09e20eb4c,Aleph,bibliographic_metadata_checked,periodical_candidate,0,0
journal_c1e5fe398786a42c,History of the Present,bibliographic_metadata_checked,periodical_candidate,0,0
journal_c1f7ca4a05c31650,Anatolica,bibliographic_metadata_checked,periodical_candidate,0,0
journal_c2452c54fca6f59e,"Historia, Instituciones, Documentos",bibliographic_metadata_checked,periodical_candidate,0,0
journal_c293897f8b6f4bd9,Anali Zavoda za Povijesne Znanosti Hrvatske Akademije Znanosti i Umjetnosti u Dubrovniku,bibliographic_metadata_checked,periodical_candidate,0,0
journal_c2decf545335ea0c,American Educational History Journal,bibliographic_metadata_checked,periodical_candidate,0,0
journal_c371f5822c661826,European Yearbook of the History of Psychology,bibliographic_metadata_checked,periodical_candidate,0,0
journal_c48da356b6af1712,Portuguese Studies,bibliographic_metadata_checked,periodical_candidate,0,0
journal_c5141a5ebf454979,Journal of the Malaysian Branch of the Royal Asiatic Society,bibliographic_metadata_checked,periodical_candidate,0,0
journal_c62be8fe4e4e6e85,Early American Studies,bibliographic_metadata_checked,periodical_candidate,0,0
journal_c90bdc00bb27ebf2,Journal of Presbyterian History,bibliographic_metadata_checked,periodical_candidate,0,0
journal_ca7bc52f8fd88506,Revista de Occidente,bibliographic_metadata_checked,periodical_candidate,0,0
journal_cc21c94c66fe3843,American Jewish History,bibliographic_metadata_checked,periodical_candidate,0,0
journal_cceba9b53846150a,Avances del Cesor,bibliographic_metadata_checked,periodical_candidate,0,0
journal_cd8ea342913754b3,Histoire Urbaine,bibliographic_metadata_checked,periodical_candidate,0,0
journal_ce0b1688463d3515,American Studies in Scandinavia,bibliographic_metadata_checked,periodical_candidate,0,0
journal_cef4ca11b205ebfa,Etnolog,bibliographic_metadata_checked,periodical_candidate,0,0
journal_cf610a9513553000,New Left Review,publisher_metadata_checked,research_journal,0,0
journal_cfc410ef907bdbd7,Quaderni Storici,bibliographic_metadata_checked,research_journal,0,0
journal_d069d27534fa1504,Historisk Tidskrift för Finland,bibliographic_metadata_checked,periodical_candidate,0,0
journal_d12eeff4372890a4,Mexican Studies/Estudios Mexicanos,bibliographic_metadata_checked,periodical_candidate,0,0
journal_d14b6c9eeebdd0d6,Osiris,publisher_metadata_checked,research_journal,0,0
journal_d1dcb7930f377399,American Quarterly,bibliographic_metadata_checked,periodical_candidate,0,0
journal_d1e73b074516df50,Militärgeschichtliche Zeitschrift,bibliographic_metadata_checked,periodical_candidate,0,0
journal_d1f5623596cd47ba,Modernism/Modernity,bibliographic_metadata_checked,periodical_candidate,0,0
journal_d24e4eea2f61a28b,Studi Romani,bibliographic_metadata_checked,periodical_candidate,0,0
journal_d2ba6f0dddefaf57,Entreprises et Histoire,bibliographic_metadata_checked,periodical_candidate,0,0
journal_d529db383a51b85a,Food & History,bibliographic_metadata_checked,periodical_candidate,0,0
journal_d77b7f7c919dcef2,Judaica Bohemiae,bibliographic_metadata_checked,periodical_candidate,0,0
journal_d990835e95820881,The Public Historian,bibliographic_metadata_checked,research_journal,0,0
journal_d9d1813044fa7b37,Renaissance and Reformation,bibliographic_metadata_checked,periodical_candidate,0,0
journal_da3e1488fa742168,Ephemerides Theologicae Lovanienses,bibliographic_metadata_checked,periodical_candidate,0,0
journal_df6bff51116070f8,Studies in the Age of Chaucer,bibliographic_metadata_checked,periodical_candidate,0,0
journal_dfcb3573c7c0f19f,Ab Imperio,bibliographic_metadata_checked,periodical_candidate,0,0
journal_e0ab3c0d0da445c0,Israel Exploration Journal,bibliographic_metadata_checked,periodical_candidate,0,0
journal_e272cda784553865,Speculum,bibliographic_metadata_checked,periodical_candidate,0,0
journal_e274a734e74f75fe,Australian Slavonic and East European Studies,bibliographic_metadata_checked,periodical_candidate,0,0
journal_e3a5dc606eabf6f5,Rhetorica,bibliographic_metadata_checked,periodical_candidate,0,0
journal_e582506513dcb65d,Translocal Chinese: East Asian Perspectives,bibliographic_metadata_checked,periodical_candidate,0,0
journal_e6929b124f9137bc,Ethnohistory,bibliographic_metadata_checked,research_journal,0,0
journal_e86963327015c29b,Historische Zeitschrift,bibliographic_metadata_checked,periodical_candidate,0,0
journal_e86ed4aeb73483ba,Historia et Ius,bibliographic_metadata_checked,periodical_candidate,0,0
journal_e98330eb0fa7fa6c,Journal of the American Research Center in Egypt,bibliographic_metadata_checked,periodical_candidate,0,0
journal_ea11078798998c2d,Rivista di storia della chiesa in Italia,bibliographic_metadata_checked,periodical_candidate,0,0
journal_ea759c416ef0daad,Dubrovnik Annals,bibliographic_metadata_checked,periodical_candidate,0,0
journal_eae6adfa2ada8491,Journal of Astronomical History and Heritage,bibliographic_metadata_checked,periodical_candidate,0,0
journal_ec74f244f54d7364,Journal of Women's History,bibliographic_metadata_checked,research_journal,0,0
journal_ec750cd785783a4b,Bryn Mawr Classical Review,bibliographic_metadata_checked,periodical_candidate,0,0
journal_ecf5132e394ec7b0,Saskatchewan History,bibliographic_metadata_checked,periodical_candidate,0,0
journal_ed54031020e6f922,Indiana Magazine of History,bibliographic_metadata_checked,periodical_candidate,0,0
journal_ed63021a16e3f633,Cuadernos Medievales,bibliographic_metadata_checked,periodical_candidate,0,0
journal_edd6b16de01d01f2,"Magic, Ritual, and Witchcraft",bibliographic_metadata_checked,periodical_candidate,0,0
journal_ef1613e97ed2256c,Renaissance Quarterly,bibliographic_metadata_checked,periodical_candidate,0,0
journal_ef420fa33c8f600a,Journal of Late Antiquity,bibliographic_metadata_checked,periodical_candidate,0,0
journal_ef7022c2c9b569d4,Journal of the Historical Society of Nigeria,publisher_metadata_checked,research_journal,0,0
journal_eff8dc1ec74d30c5,Journal of Cuneiform Studies,bibliographic_metadata_checked,periodical_candidate,0,0
journal_f011ddc6230a56a2,Asian Perspectives,bibliographic_metadata_checked,periodical_candidate,0,0
journal_f0362154cae50312,Hebrew Studies,bibliographic_metadata_checked,periodical_candidate,0,0
journal_f1858a37c3515a13,Sixteenth Century Journal,bibliographic_metadata_checked,periodical_candidate,0,0
journal_f201d4061026eddd,Journal of the Southwest,bibliographic_metadata_checked,periodical_candidate,0,0
journal_f33abcd156e85bc9,Journal of Forest History,publisher_metadata_checked,periodical_candidate,0,0
journal_f522caac01d8a34a,French Historical Studies,bibliographic_metadata_checked,periodical_candidate,0,0
journal_f54a2269518da5c0,Twentieth-Century China,bibliographic_metadata_checked,periodical_candidate,0,0
journal_f5e0bfa48293bf68,Tamkang Review,bibliographic_metadata_checked,periodical_candidate,0,0
journal_f6713658693c61b7,Journal of the Society of Architectural Historians,bibliographic_metadata_checked,periodical_candidate,0,0
journal_f67fc612299ec4e3,"Greek, Roman and Byzantine Studies",bibliographic_metadata_checked,periodical_candidate,0,0
journal_f705619075dec11c,Israel Studies,bibliographic_metadata_checked,periodical_candidate,0,0
journal_f79eaa7c902e07c9,Archivium Hibernicum,bibliographic_metadata_checked,periodical_candidate,0,0
journal_f9db737fd70a6563,Antiguo Oriente,bibliographic_metadata_checked,periodical_candidate,0,0
journal_f9e9dac0c4b99396,Historical Social Research,bibliographic_metadata_checked,periodical_candidate,0,0
journal_faec0feae5de0c04,Buddhist-Christian Studies,bibliographic_metadata_checked,periodical_candidate,0,0
journal_fd43dbc3fb2de149,Analecta Hibernica,bibliographic_metadata_checked,periodical_candidate,0,0
journal_fdceba6666bdce96,Bylye Gody,bibliographic_metadata_checked,periodical_candidate,0,0
journal_fe2dbaa9dcc5f489,Theatralia,bibliographic_metadata_checked,periodical_candidate,0,0
journal_feaf505a39d5e0be,Appalachian Journal,bibliographic_metadata_checked,periodical_candidate,0,0
journal_ff5dd150e367cfe0,Baltic Journal of Art History,bibliographic_metadata_checked,periodical_candidate,0,0
journal_ffc733c2271369ff,The Chronicles of Oklahoma,bibliographic_metadata_checked,periodical_candidate,0,0
