sample,occurrence_id,name,route,route_qid,legacy_qid,judgment,note
random_openlibrary_qid,hnet:mention:b80064c5c10dbf782b3b8a78,Hans Ulrich Gumbrecht,openlibrary_author,Q92341,,correct,German-born American literary theorist
random_openlibrary_qid,hnet:mention:cc17c8a4fa24210547e62409,Ronald Takaki,openlibrary_author,Q552660,,correct,American historian (1939-2009)
random_openlibrary_qid,hnet:mention:3e7144495331f85dd4acbbb1,John Hollander,openlibrary_author,Q3809343,,correct,American poet (1929–2013)
random_openlibrary_qid,rih:mention:7aada9b2f51345c73ecd0843,Richard Pipes,openlibrary_author,Q449064,,correct,American historian (1923–2018)
random_openlibrary_qid,hnet:mention:6bf42c0edffd790f81f3e769,James M. McPherson,openlibrary_author,Q709723,,correct,American historian (born 1936)
random_openlibrary_qid,hnet:mention:3cf61d12b47ac8061c3a4ec6,Gerald Horne,openlibrary_author,Q5549253,,correct,American historian (born 1949)
random_openlibrary_qid,hnet:mention:500768a83ac18d964296b00a,Enzo Traverso,openlibrary_author,Q1346171,,correct,Italian historian
random_openlibrary_qid,hnet:mention:e83c7a4ed7c19fd8e66aadaf,Sybille Steinbacher,openlibrary_author,Q2373565,,correct,German university teacher
random_openlibrary_qid,hnet:mention:76370372ff12e88b9e207666,W. L. Idema,openlibrary_author,Q16973058,,correct,Dutch scholar and Sinologist (born 1944)
random_openlibrary_qid,hnet:mention:fc08debf2893631c17e47b25,Abel J. Herzberg,openlibrary_author,Q318457,,correct,Dutch writer and poet
random_openlibrary_qid,hnet:mention:18338b306edea0e12da56819,Thomas K. McCraw,openlibrary_author,Q3990670,,correct,American historian (1940-2012)
random_openlibrary_qid,hnet:mention:9c44b832b767dab4ff129d8b,Linda Williams,openlibrary_author,Q529580,,correct,American film scholar (1946–2025)
random_openlibrary_qid,hnet:mention:81b11de301a3f1be4670361b,Ian Kershaw,openlibrary_author,Q312532,,correct,English historian of Nazi Germany (born 1943)
random_openlibrary_qid,hnet:mention:3143c84c24a24f80d489a019,Barbara Engelking,openlibrary_author,Q9165346,,correct,Polish psychologist and sociologist
random_openlibrary_qid,hnet:mention:ff8c1bbe279c6501cef24ba1,William Murray,openlibrary_author,Q8021231,,correct,"H-Net credit reads ""William Murray""; book and OL author are Williamson Murray; QID is that historian."
random_openlibrary_qid,hnet:mention:3e982ead277dbbea4ace4a9f,Daniel T. Rodgers,openlibrary_author,Q5218885,,correct,American historian
random_openlibrary_qid,hnet:mention:3142fc4c84729affc5c17522,Sabine Föllinger,openlibrary_author,Q2209712,,correct,German classical philologist
random_openlibrary_qid,hnet:mention:f2e8037dc5f738859a9b53e8,Wolfgang Reinhard,openlibrary_author,Q2590945,,correct,German historian
random_openlibrary_qid,hnet:mention:56940ae1edf597f1c62acf2d,Roger L. Geiger,openlibrary_author,Q106209292,,correct,American educational historian
random_openlibrary_qid,hnet:mention:6907fb60bdadd224e8c6d5e8,John Mueller,openlibrary_author,Q6249691,,correct,American political scientist
random_openlibrary_qid,hnet:mention:f3e3db290b39a98bc482d396,Duane W. Roller,openlibrary_author,Q12309032,,correct,American archaeologist
random_openlibrary_qid,hnet:mention:56a33814ae54641242c93695,Hal K. Rothman,openlibrary_author,Q16017783,,correct,American historian
random_openlibrary_qid,hnet:mention:5a086bbedbfe2493f7b9aae6,Robert Darnton,openlibrary_author,Q964180,,correct,American historian
random_openlibrary_qid,hnet:mention:1f300884ea5075d50692c6c6,Norman F. Cantor,openlibrary_author,Q1348881,,correct,Canadian historian (1929-2004)
random_openlibrary_qid,hnet:mention:253f98d016ae1105770119fd,Anita Shapira,openlibrary_author,Q1463318,,correct,Israeli historian
random_openlibrary_qid,rih:mention:e7b92c79869a2d23fba9943c,Robert Gerwarth,openlibrary_author,Q2157257,,correct,German historian
random_openlibrary_qid,hnet:mention:68d266f8ce359587e2d29d2f,Felix Schnell,openlibrary_author,Q111264109,,correct,German historian
random_openlibrary_qid,hnet:mention:84097322814ed023bf5612f8,Sander L. Gilman,openlibrary_author,Q325219,,correct,American historian
random_openlibrary_qid,hnet:mention:73737c5af021d9fb83896416,Daniel T. Rodgers,openlibrary_author,Q5218885,,correct,American historian
random_openlibrary_qid,hnet:mention:eeb411b074b51e69dafb5456,Christoph Nonn,openlibrary_author,Q1085602,,correct,German historian of modern age
random_openlibrary_qid,hnet:mention:4c3baf8b03766e3a5be0fd99,Avishai Margalit,openlibrary_author,Q537866,,correct,Israeli philosopher
random_openlibrary_qid,rih:mention:3ed763bcbafcdfd9c1fc8947,A. C. Grayling,openlibrary_author,Q278583,,correct,English philosopher
random_openlibrary_qid,hnet:mention:4718ec6dfa3083f12177a0a6,Richard Saage,openlibrary_author,Q2150492,,correct,German political scientist and university teacher
random_openlibrary_qid,hnet:mention:af97bcadd52a7b61fe6b7075,Serena Nanda,openlibrary_author,Q1611891,,correct,American author and anthropologist
random_openlibrary_qid,hnet:mention:2a22bb4d9dfbe9c779393fa7,Susan Reynolds,openlibrary_author,Q1733459,,correct,British historian (1929–2021)
random_openlibrary_qid,hnet:mention:e0e16f178e3f9360d0299e61,Stefan Breuer,openlibrary_author,Q1229796,,correct,German sociologist
random_openlibrary_qid,hnet:mention:27a9e92ba7b80cc1437c8034,Yogesh Joshi,openlibrary_author,Q24007482,,wrong,Book is by the international-relations scholar Yogesh Joshi; QID is a Gujarati-language writer (living namesake).
random_openlibrary_qid,hnet:mention:b6c79627b0bf1cd065fe313f,Jochen Oltmer,openlibrary_author,Q42399309,,correct,QID has no English description; name and field consistent.
random_openlibrary_qid,hnet:mention:97d0210cba9e4158e5bf0079,LeeAnna Keith,openlibrary_author,Q130565198,,correct,historian
random_openlibrary_qid,hnet:mention:941afb3f349f4547e09109f6,Hannes Heer,openlibrary_author,Q87652,,correct,German historian
route_vs_legacy_disagreement,,Peter Blickle,,Q18026747,Q1663791,route_wrong,Route QID is a translator; book is by the regional historian. Living namesake; not caught by lifespan gate.
route_vs_legacy_disagreement,,Michael E. Brown,,Q6830012,Q80520476,legacy_wrong,Legacy QID is a chemist; route QID is the GWU international-affairs scholar.
route_vs_legacy_disagreement,,Michael Brown,,Q88323588,Q131228574,unclear,Probably duplicate Wikidata items for the Roehampton historian.
route_vs_legacy_disagreement,,Paul Jenkins,,Q1114638,Q139544388,route_wrong,Route QID is a comic writer; book is on African urbanism. Living namesake.
route_vs_legacy_disagreement,,David Goldblatt,,Q16196023,Q112404717,unclear,Route QID the journalist (The Ball is Round) is plausible; legacy item undescribed.
route_vs_legacy_disagreement,,Charles Burroughs,,Q108117794,Q5075917,route_wrong,Route QID died 1868; book 2002. Now blocked by lifespan gate.
route_vs_legacy_disagreement,,David Wilson,,Q135090221,Q135508456,unclear,Route QID Strathclyde historian (ORCID claim) plausible; legacy item undescribed.
route_vs_legacy_disagreement,,Anne Borsay,,Q2965473,Q46054982,route_wrong,Route QID is a French journalist (1904-1987). Now blocked by lifespan gate.
route_vs_legacy_disagreement,,David Goldblatt,,Q569669,Q112404717,unclear,Photobook 'South Africa' plausibly by the photographer; legacy item undescribed.
route_vs_legacy_disagreement,,William P. Jones,,Q113461802,Q112518612,legacy_wrong,ORCID holder claims the ISBN; route QID historian b.1970.
route_vs_legacy_disagreement,,J. E. Hoare,,Q6136107,Q121769570,legacy_wrong,Legacy QID an SF author; route QID the British orientalist.
route_vs_legacy_disagreement,,Sara Jones,,Q59151025,Q133305973,unclear,Route via ORCID; legacy item undescribed.
route_vs_legacy_disagreement,,Joshua Teitelbaum,,Q137143279,Q102949388,legacy_wrong,"Legacy QID an economist (Cornell PhD 2010); the Gulf book is the historian's, claimed on his ORCID."
route_vs_legacy_disagreement,,Paul Bentley Kern,,Q66809372,Q95320836,route_wrong,Route QID died 1953; book 1999. Now blocked by lifespan gate.
random_affiliation_match,hnet:mention:6cffc16c3a0d8978753fc8f2,Jadwiga Biskupska,affiliation_match,,,correct,"orcid_employment: ""Sam Houston State University"" ?-? vs credit ""Sam Houston State University"" 2022"
random_affiliation_match,hnet:mention:2279f4af37021467a0ea27c8,Kirsten E. Wood,affiliation_match,,,correct,"orcid_employment: ""Florida International University"" ?-? vs credit ""Department of History, Florida International University"" 1999"
random_affiliation_match,hnet:mention:0771e4767f9d952be71d7496,Xiaolin Duan,affiliation_match,,,correct,"crossref_deposit: ""North Carolina State University"" 2022.0-2029.0 vs credit ""North Carolina State University"" 2022"
random_affiliation_match,hnet:mention:0771e4767f9d952be71d7496,Xiaolin Duan,affiliation_match,,,correct,"orcid_employment: ""North Carolina State University"" 2018.0-? vs credit ""North Carolina State University"" 2022"
random_affiliation_match,hnet:mention:5019b135b20737f6c63a3724,Wendell H. Marsh,affiliation_match,,,correct,"orcid_employment: ""Rutgers University Newark"" 2018.0-2025.0 vs credit ""Rutgers University-Newark / Northwestern University"" 2022"
random_affiliation_match,hnet:mention:40058f4c3ac219978840be24,Kathleen Crowther,affiliation_match,,,correct,"orcid_employment: ""University of Oklahoma"" 2002.0-? vs credit ""Department of the History of Science, University of Oklahoma"" 2006"
random_affiliation_match,hnet:mention:8a6e49657de10508de8a9ea7,Jonathan Kwan,affiliation_match,,,correct,"orcid_employment: ""University of Nottingham"" 2004.0-? vs credit ""School of History, University of Nottingham"" 2009"
random_affiliation_match,hnet:mention:0f238f3ce9ec3a111bd414f1,Francisco Javier Bonilla,affiliation_match,,,correct,"crossref_deposit: ""Ph.D. Candidate, Carnegie Mellon University"" 2020.0-2027.0 vs credit ""Carnegie Mellon University"" 2025"
random_affiliation_match,rih:mention:cfe05148e0072909247c2d27,Elena Woodacre,affiliation_match,,,correct,"orcid_employment: ""University of Winchester"" 2012.0-? vs credit ""Winchester University"" 2017"
random_affiliation_match,rih:mention:9ce0c79b461c0571bb965dda,Emelia Jamroziak,affiliation_match,,,correct,"orcid_employment: ""University of Leeds"" 2005.0-2025.0 vs credit ""University of Leeds"" 2006"
random_affiliation_match,hnet:mention:531208bb754bdcd08d9689eb,Kira Thurman,affiliation_match,,,correct,"orcid_employment: ""University of Michigan"" ?-? vs credit ""University of Michigan"" 2016"
random_affiliation_match,hnet:mention:4331c4166c69012efd73cf9e,José Juan Pérez Meléndez,affiliation_match,,,correct,"orcid_employment: ""University of California, Davis"" ?-? vs credit ""University of California, Davis"" 2021"
random_affiliation_match,hnet:mention:4331c4166c69012efd73cf9e,José Juan Pérez Meléndez,affiliation_match,,,correct,"crossref_deposit: ""University of California , Davis ,"" 2019.0-2026.0 vs credit ""University of California, Davis"" 2021"
random_affiliation_match,hnet:mention:a9673ffc8d823f6a25e16fe8,Laurent Warlouzet,affiliation_match,,,correct,"orcid_employment: ""Sorbonne University"" 2019.0-? vs credit ""Paris Sorbonne University"" 2021"
random_affiliation_match,hnet:mention:cb0da53ad5863d0c2bb6cf3a,Andrew Stuhl,affiliation_match,,,correct,"crossref_deposit: ""Environmental Studies and Sciences Bucknell University Lewisburg, PA 17837, USA"" 2020.0-2027.0 vs credit ""Bucknell University"" 2024"
random_affiliation_match,hnet:mention:cb0da53ad5863d0c2bb6cf3a,Andrew Stuhl,affiliation_match,,,correct,"orcid_employment: ""Bucknell University"" ?-? vs credit ""Bucknell University"" 2024"
random_affiliation_match,rih:mention:945580229ec3581b265ed3bc,Richard B. Sher,affiliation_match,,,correct,"orcid_employment: ""New Jersey Institute of Technology"" 1981.0-2017.0 vs credit ""New Jersey Institute of Technology"" 2011"
random_affiliation_match,hnet:mention:75653515f133df42dda4b0db,Joel Mokyr,affiliation_match,,,correct,"orcid_employment: ""Northwestern University"" 1974.0-? vs credit ""Northwestern University"" ?"
random_affiliation_match,hnet:mention:8cc628e946ff66593b99f3da,Steven Mintz,affiliation_match,,,correct,"orcid_employment: ""University of Houston"" 1981.0-2008.0 vs credit ""University of Houston"" 1995"
random_affiliation_match,hnet:mention:4a4dde67d6f8239d3ebffc47,Alexandria Ruble,affiliation_match,,,correct,"crossref_deposit: ""University of Idaho"" 2021.0-2028.0 vs credit ""University of Idaho"" 2024"
random_affiliation_match,hnet:mention:b181dbaeee2444ce5d590312,Barbara Hahn,affiliation_match,,,correct,"orcid_employment: ""Texas Tech University"" 2006.0-? vs credit ""Texas Tech University"" 2012"
random_affiliation_match,rih:mention:0cded6b3a13e81475eaa8558,Jessica Meyer,affiliation_match,,,correct,"orcid_employment: ""University of Leeds"" 2015.0-2017.0 vs credit ""University of Leeds"" 2014"
random_affiliation_match,rih:mention:0cded6b3a13e81475eaa8558,Jessica Meyer,affiliation_match,,,correct,"orcid_employment: ""University of Leeds"" 2011.0-2015.0 vs credit ""University of Leeds"" 2014"
random_affiliation_match,rih:mention:0cded6b3a13e81475eaa8558,Jessica Meyer,affiliation_match,,,correct,"crossref_deposit: ""University of Leeds, UK,"" 2015.0-2022.0 vs credit ""University of Leeds"" 2014"
random_affiliation_match,hnet:mention:1ba4fd25e3c89c380bcd210b,Jonathan Sperber,affiliation_match,,,correct,"orcid_employment: ""University of Missouri"" 1984.0-? vs credit ""Department of History, University of Missouri"" 2009"
affiliation_vs_legacy_disagreement,,Andreas R. Hofmann,affiliation_match,Q130794273,Q132804425,unclear,Two items; probably the same Leipzig historian.
affiliation_vs_legacy_disagreement,,Shula Marks,affiliation_match,Q64705375,Q7504882,duplicate_item,ORCID-linked item vs main item; same person.
affiliation_vs_legacy_disagreement,,William G. Gray,affiliation_match,Q130765398,Q8009527,legacy_wrong,Legacy QID is a British writer; credit is the Purdue historian.
affiliation_vs_legacy_disagreement,,Martin Plaut,affiliation_match,Q64606258,Q112522395,duplicate_item,Route item matches the London journalist-academic.
affiliation_vs_legacy_disagreement,,Angela J. McShane Jones,affiliation_match,Q28420143,Q134737216,legacy_wrong,Legacy QID is an American sociologist; credit is the Warwick historian.
affiliation_vs_legacy_disagreement,,Belinda Davis,affiliation_match,Q95209051,Q47035420,duplicate_item,Undescribed ORCID-linked item vs main item for the Rutgers historian.
affiliation_vs_legacy_disagreement,,David Lonsdale,affiliation_match,Q116778097,Q112493524,unclear,Both items undescribed.
affiliation_vs_legacy_disagreement,,Adam Brown,affiliation_match,Q59151405,Q137440445,duplicate_item,Both plausibly the Deakin academic.
affiliation_vs_legacy_disagreement,,Lee Eysturlid,affiliation_match,Q131780229,Q137686667,route_plausible,Route item (via ORCID with IMSA employment) described as a theatre historian; likely a description error.
affiliation_vs_legacy_disagreement,,Ángela Vergara,affiliation_match,Q81572274,Q112469591,duplicate_item,Both the historian of Chile at Cal State.
