journal_key,publisher,record_type,pagination_status,length_band,records
journal_441b0f0646ad10f8,Informa UK Limited,journal-article,explicit_numeric_range,1-3,251
journal_441b0f0646ad10f8,Informa UK Limited,journal-article,explicit_numeric_range,10-19,454
journal_441b0f0646ad10f8,Informa UK Limited,journal-article,explicit_numeric_range,20-39,84
journal_441b0f0646ad10f8,Informa UK Limited,journal-article,explicit_numeric_range,4-9,402
journal_441b0f0646ad10f8,Informa UK Limited,journal-article,explicit_numeric_range,40-200,3
journal_441b0f0646ad10f8,Informa UK Limited,journal-article,non_numeric_or_complex,unknown,6
journal_supplement_journal_of_digital_history,Walter de Gruyter GmbH,journal-article,explicit_numeric_range,10-19,1
journal_supplement_journal_of_digital_history,Walter de Gruyter GmbH,journal-article,explicit_numeric_range,20-39,4
journal_supplement_journal_of_digital_history,Walter de Gruyter GmbH,journal-article,explicit_numeric_range,40-200,1
journal_supplement_journal_of_digital_history,Walter de Gruyter GmbH,journal-article,missing,unknown,32
