journal_key,container_title,publication_year,records
journal_441b0f0646ad10f8,Historical Methods Newsletter,1967,11
journal_441b0f0646ad10f8,Historical Methods Newsletter,1968,38
journal_441b0f0646ad10f8,Historical Methods Newsletter,1969,26
journal_441b0f0646ad10f8,Historical Methods Newsletter,1970,30
journal_441b0f0646ad10f8,Historical Methods Newsletter,1971,31
journal_441b0f0646ad10f8,Historical Methods Newsletter,1972,28
journal_441b0f0646ad10f8,Historical Methods Newsletter,1973,30
journal_441b0f0646ad10f8,Historical Methods Newsletter,1974,36
journal_441b0f0646ad10f8,Historical Methods Newsletter,1975,28
journal_441b0f0646ad10f8,Historical Methods Newsletter,1976,24
journal_441b0f0646ad10f8,Historical Methods Newsletter,1977,23
journal_441b0f0646ad10f8,Historical Methods: A Journal of Quantitative and Interdisciplinary History,1978,28
journal_441b0f0646ad10f8,Historical Methods: A Journal of Quantitative and Interdisciplinary History,1980,22
journal_441b0f0646ad10f8,Historical Methods: A Journal of Quantitative and Interdisciplinary History,1981,25
journal_441b0f0646ad10f8,Historical Methods: A Journal of Quantitative and Interdisciplinary History,1982,18
journal_441b0f0646ad10f8,Historical Methods: A Journal of Quantitative and Interdisciplinary History,1983,21
journal_441b0f0646ad10f8,Historical Methods: A Journal of Quantitative and Interdisciplinary History,1984,29
journal_441b0f0646ad10f8,Historical Methods: A Journal of Quantitative and Interdisciplinary History,1985,19
journal_441b0f0646ad10f8,Historical Methods: A Journal of Quantitative and Interdisciplinary History,1986,22
journal_441b0f0646ad10f8,Historical Methods: A Journal of Quantitative and Interdisciplinary History,1987,20
journal_441b0f0646ad10f8,Historical Methods: A Journal of Quantitative and Interdisciplinary History,1988,18
journal_441b0f0646ad10f8,Historical Methods: A Journal of Quantitative and Interdisciplinary History,1989,20
journal_441b0f0646ad10f8,Historical Methods: A Journal of Quantitative and Interdisciplinary History,1990,19
journal_441b0f0646ad10f8,Historical Methods: A Journal of Quantitative and Interdisciplinary History,1991,17
journal_441b0f0646ad10f8,Historical Methods: A Journal of Quantitative and Interdisciplinary History,1992,18
journal_441b0f0646ad10f8,Historical Methods: A Journal of Quantitative and Interdisciplinary History,1993,14
journal_441b0f0646ad10f8,Historical Methods: A Journal of Quantitative and Interdisciplinary History,1994,14
journal_441b0f0646ad10f8,Historical Methods: A Journal of Quantitative and Interdisciplinary History,1995,26
journal_441b0f0646ad10f8,Historical Methods: A Journal of Quantitative and Interdisciplinary History,1996,14
journal_441b0f0646ad10f8,Historical Methods: A Journal of Quantitative and Interdisciplinary History,1997,17
journal_441b0f0646ad10f8,Historical Methods: A Journal of Quantitative and Interdisciplinary History,1998,15
journal_441b0f0646ad10f8,Historical Methods: A Journal of Quantitative and Interdisciplinary History,1999,19
journal_441b0f0646ad10f8,Historical Methods: A Journal of Quantitative and Interdisciplinary History,2000,30
journal_441b0f0646ad10f8,Historical Methods: A Journal of Quantitative and Interdisciplinary History,2001,12
journal_441b0f0646ad10f8,Historical Methods: A Journal of Quantitative and Interdisciplinary History,2002,17
journal_441b0f0646ad10f8,Historical Methods: A Journal of Quantitative and Interdisciplinary History,2003,15
journal_441b0f0646ad10f8,Historical Methods: A Journal of Quantitative and Interdisciplinary History,2004,17
journal_441b0f0646ad10f8,Historical Methods: A Journal of Quantitative and Interdisciplinary History,2005,12
journal_441b0f0646ad10f8,Historical Methods: A Journal of Quantitative and Interdisciplinary History,2006,11
journal_441b0f0646ad10f8,Historical Methods: A Journal of Quantitative and Interdisciplinary History,2007,14
journal_441b0f0646ad10f8,Historical Methods: A Journal of Quantitative and Interdisciplinary History,2008,21
journal_441b0f0646ad10f8,Historical Methods: A Journal of Quantitative and Interdisciplinary History,2009,19
journal_441b0f0646ad10f8,Historical Methods: A Journal of Quantitative and Interdisciplinary History,2010,19
journal_441b0f0646ad10f8,Historical Methods: A Journal of Quantitative and Interdisciplinary History,2011,32
journal_441b0f0646ad10f8,Historical Methods: A Journal of Quantitative and Interdisciplinary History,2012,23
journal_441b0f0646ad10f8,Historical Methods: A Journal of Quantitative and Interdisciplinary History,2013,21
journal_441b0f0646ad10f8,Historical Methods: A Journal of Quantitative and Interdisciplinary History,2014,18
journal_441b0f0646ad10f8,Historical Methods: A Journal of Quantitative and Interdisciplinary History,2015,22
journal_441b0f0646ad10f8,Historical Methods: A Journal of Quantitative and Interdisciplinary History,2016,18
journal_441b0f0646ad10f8,Historical Methods: A Journal of Quantitative and Interdisciplinary History,2017,14
journal_441b0f0646ad10f8,Historical Methods: A Journal of Quantitative and Interdisciplinary History,2018,17
journal_441b0f0646ad10f8,Historical Methods: A Journal of Quantitative and Interdisciplinary History,2019,24
journal_441b0f0646ad10f8,Historical Methods: A Journal of Quantitative and Interdisciplinary History,2020,11
journal_441b0f0646ad10f8,Historical Methods: A Journal of Quantitative and Interdisciplinary History,2021,9
journal_441b0f0646ad10f8,Historical Methods: A Journal of Quantitative and Interdisciplinary History,2022,14
journal_441b0f0646ad10f8,Historical Methods: A Journal of Quantitative and Interdisciplinary History,2023,14
journal_441b0f0646ad10f8,Historical Methods: A Journal of Quantitative and Interdisciplinary History,2024,18
journal_441b0f0646ad10f8,Historical Methods: A Journal of Quantitative and Interdisciplinary History,2025,25
journal_441b0f0646ad10f8,Historical Methods: A Journal of Quantitative and Interdisciplinary History,2026,13
journal_supplement_journal_of_digital_history,Journal of Digital History,2021,6
journal_supplement_journal_of_digital_history,Journal of Digital History,2022,7
journal_supplement_journal_of_digital_history,Journal of Digital History,2024,23
journal_supplement_journal_of_digital_history,Journal of Digital History,2025,2
