publication_year,crossref_records_either_issn
1895,71
1896,255
1897,249
1898,260
1899,321
1900,199
1901,339
1902,314
1903,306
1904,320
1905,326
1906,351
1907,337
1908,343
1909,291
1910,335
1911,328
1912,286
1913,256
1914,359
1915,272
1916,306
1917,367
1918,318
1919,269
1920,276
1921,335
1922,326
1923,301
1924,342
1925,318
1926,339
1927,422
1928,371
1929,400
1930,428
1931,405
1932,364
1933,363
1934,347
1935,327
1936,347
1937,570
1938,591
1939,607
1940,624
1941,655
1942,677
1943,596
1944,499
1945,436
1946,381
1947,364
1948,459
1949,495
1950,539
1951,523
1952,502
1953,556
1954,519
1955,496
1956,537
1957,504
1958,553
1959,519
1960,561
1961,593
1962,603
1963,639
1964,694
1965,870
1966,1995
1967,2383
1968,2420
1969,1819
1970,1531
1971,1530
1972,1645
1973,1542
1974,1955
1975,2094
1976,2732
1977,2792
1978,2392
1979,2688
1980,2231
1981,1974
1982,2213
1983,2014
1984,2114
1985,2113
1986,2096
1987,2094
1988,2111
1989,2313
1990,2672
1991,2601
1992,2298
1993,2264
1994,2306
1995,2232
1996,2210
1997,2209
1998,2105
1999,2055
2000,2018
2001,2140
2002,1933
2003,1881
2004,1966
2005,1632
2006,1290
2007,1186
2008,1268
2009,1079
2010,994
2011,1041
2012,1101
2013,995
2014,1143
2015,1137
2016,1034
2017,989
2018,930
2019,940
2020,1094
2021,617
2022,494
2023,496
2024,576
2025,777
2026,531
