confidence,id,label,top_qid,top_name,top_desc,top_sitelinks,top_occupations,top_birth,top_death
high_recovered,rosa_luxemburg,Rosa Luxemburg,Q7231,Rosa Luxemburg,Polish-German Marxist revolutionary (1871–1919),145,"opinion journalist, revolutionary, political theorist, political economist, editing staff, philosopher, botanical collector, economist, docent, editor, politician",1871,1919
high_recovered,g_w_f_hegel,G. W. F. Hegel,Q9235,Georg Wilhelm Friedrich Hegel,German philosopher and theologian (1770–1831),142,"philosopher of law, logician, university teacher, philosopher, writer, philosophy historian",1770,1831
high_recovered,martin_heidegger,Martin Heidegger,Q48301,Martin Heidegger,German philosopher (1889–1976),118,"university teacher, philosopher, poet, scientist",1889,1976
high_recovered,joseph_schumpeter,Joseph A. Schumpeter,Q78477,Joseph Schumpeter,Austrian political economist (1883–1950),59,"book collector, state political scientist, political economist, university teacher, political scientist, anthropologist, economist, jurist, politician",1883,1950
high_recovered,bernard_de_fontenelle,Bernard de Fontenelle,Q310309,Bernard Le Bovier de Fontenelle,French writer and philosopher of the enlightenment (1657–1757),41,"satirist, librettist, religious studies scholar, censor, mathematician, poet, naturalist, philosopher, playwright, lawyer, writer, astronomer",1657,1757
high_recovered,paul_lazarsfeld,Paul F. Lazarsfeld,Q94037,Paul Lazarsfeld,Austrian-American sociologist,27,"mathematics teacher, educator, sociologist, mathematician, physicist, psychologist, professor",1901,1976
high_recovered,gustav_schmoller,Gustav Schmoller,Q62833,Gustav von Schmoller,German economist (1838–1917),26,"social scientist, political economist, university teacher, economist, politician",1838,1917
high_recovered,marcel_detienne,Marcel Détienne,Q1245071,Marcel Detienne,Belgian historian (1935-2019),14,"mythographer, anthropologist, religious studies scholar, classical philologist, university teacher, philosopher, historian",1935,2019
high_recovered,julian_stafford_corbett,Julian Stafford Corbett,Q5611975,Julian Corbett,British naval historian,12,"geopolitical analyst, non-fiction writer, university teacher, military historian, barrister, jurist, historian, writer",1854,1922
high_recovered,jill_conway,Jill Conway,Q1395966,Jill Ker Conway,Australian-American author and academic,10,"memoirist, educator, university teacher, historian, writer",1934,2018
high_recovered,john_murra,John V. Murra,Q1635264,John Victor Murra,American anthropologist (1916–2006),9,anthropologist,1916,2006
high_recovered,bethwell_a_ogot,Bethwell A. Ogot,Q2900101,Bethwell Allan Ogot,Kenyan historian (1929-2025),8,"university teacher, historian",1929,2025
high_recovered,c_h_mcilwain,C. H. McIlwain,Q3666419,Charles Howard McIlwain,American constitutional historian (1871–1968),6,"university teacher, political scientist, historian",1871,1968
high_recovered,pablo_azcarate,Pablo Azcárate,Q947058,Pablo de Azcárate,Spanish diplomat (1890-1971),6,"university teacher, historian, diplomat, jurist, politician, writer",1890,1971
high_recovered,deborah_gordon,Deborah A. Gordon,Q2310251,Deborah M. Gordon,American biologist,5,"myrmecologist, university teacher, entomologist, biologist",1955,
high_recovered,sue_bailey_thurman,Sue Bailey Thurman,Q7634004,Sue Bailey Thurman,American writer (1903–1996),5,"editor, historian, writer",1903,1996
high_recovered,adelaide_underhill,Adelaide Underhill,Q96206073,Adelaide Underhill,American librarian,3,,1860,1936
medium_recovered,dennis_hogan,Dennis P. Hogan,Q27947703,Dennis Hogan,American sociologist,2,sociologist,1950,
medium_recovered,mary_jane_logan_mccallum,Mary Jane Logan McCallum,Q44610760,Mary Jane McCallum,senator,2,"dental therapist, assistant professor, politician, dentist",1952,
medium_recovered,nancy_lurie,Nancy Oestreich Lurie,Q6962897,Nancy Oestreich Lurie,American anthropologist (1924–2017),2,anthropologist,1924,2017
medium_recovered,patricia_obrien,Patricia O’Brien,Q7145777,Patricia O'Brien,Canadian academic,2,"university teacher, economist, scientist",1955,
medium_recovered,hilda_sabato,Hilda Sábato,Q5897831,Hilda Sabato,Argentinian historian (born 1947),1,"university teacher, historian, writer",1947,
medium_recovered,peter_mcclelland,Peter D. McClelland,Q47356633,Peter McClelland,Canadian rower,1,rower,1983,
medium_recovered,peter_pesic,Peter Pesic,Q136036202,Petar Pesic,Serbian basketball referee,1,basketball official,1990,
low_recovered,kitty_smith,Kitty Smith,Q119117255,Kitty Paviour-Smith,New Zealand–British entomologist (1930–2017),0,entomologist,1930,2017
