id,label,top_qid,top_name,top_desc,top_sitelinks,top_occupations,top_birth,top_death,alt2,alt3
adelaide_underhill,Adelaide Underhill,Q96206073,Adelaide Underhill,American librarian,3,,1860,1936,"Q15574 University of Adelaide (former university in South Australia, disestablished 2026)",Q5112 Adelaide (capital city of South Australia)
alan_shepperd,Alan Shepperd,,,,,,,,,
alma_tuchman,Alma Tuchman,,,,,,,,,
andre_reyes_novaes,André Reyes Novaes,,,,,,,,,
angela_nunes_damasceno_gomes,Angela Nunes Damasceno Gomes,Q4739716,Amanda Nunes,Brazilian mixed martial artist,28,"judoka, mixed martial arts fighter",1988,,"Q123155134 Ângela Guimarães (social scientist, activist of the black movement and Brazilian politics)",Q16485477 Adolfo Mesquita Nunes (Portuguese lawyer and politician)
annie_ned,Annie Ned,,,,,,,,,
anthony_giddens,Anthony Giddens,,,,,,,,,
baron_isherwood,Baron Isherwood,,,,,,,,,
bernard_cohn,Bernard S. Cohn,,,,,,,,,
bernard_de_fontenelle,Bernard de Fontenelle,Q310309,Bernard Le Bovier de Fontenelle,French writer and philosopher of the enlightenment (1657–1757),41,"satirist, librettist, religious studies scholar, censor, mathematician, poet, naturalist, philosopher, playwright, lawyer, writer, astronomer",1657,1757,Q21656567 chevalier de Fonvielle (French writer),Q24938331 Bernard Font (French politician (1723-1800))
bethwell_a_ogot,Bethwell A. Ogot,Q2900101,Bethwell Allan Ogot,Kenyan historian (1929-2025),8,"university teacher, historian",1929,2025,Q111180389 Bat-Orgil Gerelt-Od (Mongolian footballer),Q21391262 M. Ebietsuwa Omatsola (ostracodologist)
betty_balanoff,Betty Balanoff,Q4898998,Betty Wagner Spandikow,American activist,2,writer,1923,2008,Q7814848 Tom Balanoff (American labor leader),Q66825391 Bertha Sokoloff (wartime British communist)
ca_bayly,C. A. Bayly,,,,,,,,,
c_h_mcilwain,C. H. McIlwain,Q3666419,Charles Howard McIlwain,American constitutional historian (1871–1968),6,"university teacher, political scientist, historian",1871,1968,Q5080838 Charles McIlvaine (American mycologist (1840-1909)),Q55449584 Ia McIlwaine (professor of Library and Information Studies)
cameron_blevins,Cameron Blevins,,,,,,,,,
carl_g_hempel,Carl G. Hempel,,,,,,,,,
carl_gustav_jung,Carl Gustav Jung,,,,,,,,,
catherine_pagani,Catherine Pagani,Q81263,Pagani,Italian comune,56,,,,Q42509774 Catherine Davani (Papua New Guinean judge and association football player (1960-2016)),Q3663524 Caterina Pigorini Beri (Italian writer (1845–1924))
charles_s_peirce,Charles S. Peirce,,,,,,,,,
daniel_papebroche,Daniel Papebroche,Q3013819,Daniel Canepa,French official,2,official,1948,,"Q76349 Christian Gottfried Daniel Nees von Esenbeck (German botanist, embryologist and natural philosopher (1776-1858))",Q3013610 Daniel-Paul Chappuzeau de Baugé (French librettist)
david_johns,David M. Johns,,,,,,,,,
deborah_gordon,Deborah A. Gordon,Q2310251,Deborah M. Gordon,American biologist,5,"myrmecologist, university teacher, entomologist, biologist",1955,,"Q27057681 Emily V. Gordon (American writer, producer and podcast host)",Q11251532 Isabella Gordon (Scottish carcinologist (1901-1988))
dennis_hogan,Dennis P. Hogan,Q27947703,Dennis Hogan,American sociologist,2,sociologist,1950,,Q1360925 Hector Hogan (Australian sprinter (1931–1960)),Q109852865 Dennis Hogan (Irish boxer)
edwin_f_gay,Edwin F. Gay,,,,,,,,,
elinor_melville,Elinor G. K. Melville,,,,,,,,,
emmanuel_le_roy_ladurie,Emmanuel Le Roy Ladurie,,,,,,,,,
erik_jan_zurcher,Erik Jan Zürcher,,,,,,,,,
f_w_galton,F. W. Galton,,,,,,,,,
fernando_novais,Fernando A. Novais,Q17280293,Álvaro Fernando de Novais e Sousa —,,1,writer,1886,,"Q16940152 Fernando Novais (Brazilian historian, researcher, academic, and writer)","Q10323759 Manuel Novais (Brazilian doctor and politician, served twelve terms as federal deputy for Bahia)"
fikret_adanir,Fikret Adanir,Q1323716,Fikret Adanır,Turkish historian (born 1941),1,"historian of Modern Age, university teacher, historian",1941,,Q12808259 Ferit Alpiskender (Turkish statesperson (1908–1989)),Q65718534 Can Adanır (Turkish handball player (born 1999))
francesca_bray,Francesca Bray,Q95690259,Francesca Forleo-Brayda,Italian painter,2,painter,1779,1820,Q20675488 George A. Bray (American editor),Q28912998 Francesca Massey (English organist and choral conductor)
g_w_f_hegel,G. W. F. Hegel,Q9235,Georg Wilhelm Friedrich Hegel,German philosopher and theologian (1770–1831),142,"philosopher of law, logician, university teacher, philosopher, writer, philosophy historian",1770,1831,Q86130 Karl von Hegel (German medievalist and historian (1813-1901)),Q1022533 Hegel (Italian grape variety)
g_wesley_johnson,G. Wesley Johnson,,,,,,,,,
geoffrey_nowell_smith,Geoffrey Nowell Smith,,,,,,,,,
georg_lukacs,Georg / György Lukács,,,,,,,,,
gilbert_fite,Gilbert C. Fite,,,,,,,,,
gilman_m_ostrander,Gilman M. Ostrander,,,,,,,,,
gustav_schmoller,Gustav Schmoller,Q62833,Gustav von Schmoller,German economist (1838–1917),26,"social scientist, political economist, university teacher, economist, politician",1838,1917,Q215301 Gustav von Schmoller (German jurist (1907-1991)),"Q1555507 Gustav von Schmoller School, Heilbronn (vocational school in Heilbronn, Germany)"
kohachiro_takahashi,H. K. Takahashi,Q315842,Takahashi Korekiyo,Japanese politician (1854-1936),38,"politician, accountant, economist",1854,1936,Q15993288 Michiaki Takahashi (Japanese virologist (1928-2013)),Q11671176 Hiroyuki Takahashi — ()
hilda_sabato,Hilda Sábato,Q5897831,Hilda Sabato,Argentinian historian (born 1947),1,"university teacher, historian, writer",1947,,Q10295548 Hilda Campofiorito (Brazilian painter (1901-1997)),Q10295553 Hilda Rebello (Brazilian actress)
huang_hsing_tsung,Huang Hsing-Tsung,,,,,,,,,
i_a_a_thompson,I. A. A. Thompson,,,,,,,,,
james_c_petersen,James C. Petersen,Q541986,James Hardin Peterson,American politician (1894-1978),5,"law clerk, politician, lawyer",1894,1978,Q27094683 Petersen (family name),Q28049847 Peter Louis-Jensen — ()
jean_birrell,Jean Birrell,,,,,,,,,
jean_obrien,Jean M. O’Brien,,,,,,,,,
jean_pascal_simonin,Jean-Pascal Simonin,,,,,,,,,
jenny_garber,Jenny Garber,Q230015,Jennie Garth,American actress,37,"director, film actor, television actor, television producer, actor",1972,,Q60668203 Judy E. Garber (American cancer geneticist),Q3179586 Joan Gerber (American actress (1935-2011))
jill_conway,Jill Conway,Q1395966,Jill Ker Conway,Australian-American author and academic,10,"memoirist, educator, university teacher, historian, writer",1934,2018,"Q60700077 Lisa Conway (Canadian singer-songwriter, musician and producer)",Q4899654 Bevil Conway (Zimbabwean neuroscientist)
jim_oeppen,Jim Oeppen,Q2745552,Jop van Epen,Dutch architect (1880-1960),2,"draftsperson, painter, architect",1880,1960,Q6197302 Jim Otten (American baseball player),Q122363709 Wim Scheepens — ()
john_demilio,John D’Emilio,,,,,,,,,
john_f_guilmartin,"John F. Guilmartin, Jr.",,,,,,,,,
john_henneman,John Henneman,,,,,,,,,
john_scotson,John L. Scotson,,,,,,,,,
john_maynard_keynes,John Maynard Keynes,,,,,,,,,
john_murra,John V. Murra,Q1635264,John Victor Murra,American anthropologist (1916–2006),9,anthropologist,1916,2006,Q15451762 John Garvan Murtha (United States federal judge),"Q2215609 Murra (municipality in Nueva Segovia Department, Nicaragua)"
josefina_gonzalez_cardenas,Josefina González Cárdenas,Q23702458,Josefina López de Serantes,Spanish writer,2,"journalist, writer",1922,1988,Q16300926 Josefina González (Argentinian politician),Q109811516 Josefina González Cudeiro — ()
joseph_schumpeter,Joseph A. Schumpeter,Q78477,Joseph Schumpeter,Austrian political economist (1883–1950),59,"book collector, state political scientist, political economist, university teacher, political scientist, anthropologist, economist, jurist, politician",1883,1950,Q122367 Johannes Schubert (German philologist (1896–1976)),Q1698374 Johannes Schubert (German mathematician and physicist (1859–1947))
julian_stafford_corbett,Julian Stafford Corbett,Q5611975,Julian Corbett,British naval historian,12,"geopolitical analyst, non-fiction writer, university teacher, military historian, barrister, jurist, historian, writer",1854,1922,Q5948867 Juan Corbet — (),"Q6282257 Joseph Corbett, Jr. (American convicted murderer (1928-2009))"
kn_chaudhuri,K. N. Chaudhuri,,,,,,,,,
k_o_dike,K. O. Dike,,,,,,,,,
karen_morin,Karen Morin,,,,,,,,,
karl_popper,Karl R. Popper,,,,,,,,,
keith_nield,Keith Nield,Q885826,Keith Neville,American politician (1884-1959),7,"banker, governor, politician",1884,1959,Q16866015 Nield (family name),Q28939708 Keith Nellesen (American entrepreneur (born 1967))
kieran_hegarty,Kieran Hegarty,,,,,,,,,
kim_gallon,Kim Gallon,Q491956,Ga-young Kim,South Korean female professional pool player,6,pool player,1983,,"Q154949 Jean Gallon (French composer, choir conductor, and music educator (1878–1959))",Q6682314 Kim Ga-yeon (South Korean film actor)
kitty_smith,Kitty Smith,Q119117255,Kitty Paviour-Smith,New Zealand–British entomologist (1930–2017),0,entomologist,1930,2017,"Q15449669 Kitty Grime (British journalist, singer and writer (1930-2007))",Q26213828 Katy Simpson Smith (writer)
lewis_namier,Lewis Namier,,,,,,,,,
lloyd_kramer,Lloyd S. Kramer,,,,,,,,,
lorna_weatherill,Lorna Weatherill,,,,,,,,,
louis_mink,Louis O. Mink,,,,,,,,,
m_a_barg,M. A. Barg,,,,,,,,,
marcel_detienne,Marcel Détienne,Q1245071,Marcel Detienne,Belgian historian (1935-2019),14,"mythographer, anthropologist, religious studies scholar, classical philologist, university teacher, philosopher, historian",1935,2019,Q3288893 Marcel Dessonnes (French actor (1877–1960)),Q686084 Marcel Déat (French socialist turned fascist politician (1894–1955))
marie_ferrier,Marie Ferrier,,,,,,,,,
marie_von_clausewitz,Marie von Clausewitz,Q71317,Marie von Brühl,German noblewoman,10,editor,1779,1836,Q62008309 Marie Clausse ((1909-1975)),Q76430 Carl von Clausewitz (German-Prussian general and military theorist (1780–1831))
martin_heidegger,Martin Heidegger,Q48301,Martin Heidegger,German philosopher (1889–1976),118,"university teacher, philosopher, poet, scientist",1889,1976,Q51576444 Moritz Heidegger (Liechtenstein bobsledder (1932–1956)),Q404567 Being and Time (Philosophy book by Martin Heidegger)
mary_jane_logan_mccallum,Mary Jane Logan McCallum,Q44610760,Mary Jane McCallum,senator,2,"dental therapist, assistant professor, politician, dentist",1952,,Q39623261 Jane Y. McCallum (American politician and author),Q6779887 Mary Jane McLean (school principal)
max_kemman,Max Kemman,,,,,,,,,
michel_de_gruijter,Michel de Gruijter,,,,,,,,,
mmantho_nkotsoe,Mmantho Nkotsoe,Q110781532,Makgotso M,actress,3,actor,1991,,Q51132108 Mpho 'M'atsepo Nthunya (Mosotho author),Q69973300 Mmabatho Montsho (South African artist)
monica_sampaio_machado,Mônica Sampaio Machado,,,,,,,,,
nancy_lurie,Nancy Oestreich Lurie,Q6962897,Nancy Oestreich Lurie,American anthropologist (1924–2017),2,anthropologist,1924,2017,Q18639980 Nan Lurie (American artist (1910–1985)),"Q59531665 Nancy Larrick (American author, editor, and educator)"
niyah_campbell,Niyah Campbell,,,,,,,,,
pablo_azcarate,Pablo Azcárate,Q947058,Pablo de Azcárate,Spanish diplomat (1890-1971),6,"university teacher, historian, diplomat, jurist, politician, writer",1890,1971,Q16302479 Pablo Zárate (Mexican politician and businessperson),Q2835296 Juan Bautista Azcárate (Spanish pelotari)
patricia_obrien,Patricia O’Brien,Q7145777,Patricia O'Brien,Canadian academic,2,"university teacher, economist, scientist",1955,,"Q6376501 Kate O'Brien (pediatric infectious disease physician, epidemiologist, and vaccinologist)",Q76130678 Patricia O'Lynn (Northern Irish politician)
patricia_gomes_da_silveira,Patrícia Gomes da Silveira,,,,,,,,,
paul_bonnifield,Paul Bonnifield,,,,,,,,,
paul_lazarsfeld,Paul F. Lazarsfeld,Q94037,Paul Lazarsfeld,Austrian-American sociologist,27,"mathematics teacher, educator, sociologist, mathematician, physicist, psychologist, professor",1901,1976,Q7153325 Paul Rosenfeld (American journalist and music critic (1890-1946)),Q2157991 Robert Lazarsfeld (American mathematician)
paul_vidal_de_la_blache,Paul Vidal de la Blache,,,,,,,,,
peter_mcclelland,Peter D. McClelland,Q47356633,Peter McClelland,Canadian rower,1,rower,1983,,Q28227743 David E. McClelland (Australian physicist (1956-)),Q5546331 George William McClelland (educator; provost of University of Pennsylvania 1939-1944; pres. of University of Pennsylvania 1944-1948)
peter_hohendahl,Peter Hohendahl,,,,,,,,,
peter_pesic,Peter Pesic,Q136036202,Petar Pesic,Serbian basketball referee,1,basketball official,1990,,Q7938566 Vladimir Pešić (Montenegrin biologist),Q7171731 Petar Nikezić (Serbian footballer (1950-2014))
philip_curtin,Philip Curtin,,,,,,,,,
pierre_metinhoue,Pierre G. Mêtinhoué,Q3386237,Pierre Menanteau,French poet (1895–1992),2,poet,1895,1992,Q2093070 Pierre (male given name),Q21334400 Pierre Louis Menanteau (French politician (1755-1828))
r_bin_wong,R. Bin Wong,,,,,,,,,
r_w_yates,R. W. Yates,,,,,,,,,
randolph_starn,Randolph Starn,Q23618232,Randolph Stone,Founder of polarity therapy,2,"naturopath, alternative therapist",1890,1981,Q700730 Harold Rainsford Stark (American admiral (1880-1972)),Q7291610 Randall Stout (American architect (1958-2014))
richard_g_healey,Richard G. Healey,,,,,,,,,
robert_swierenga,Robert Swierenga,Q7349692,Robert Serumaga,Ugandan playwriter and politician (1939–1980),4,"playwright, economist, politician, writer",1939,1980,Q686967 Robert Zurbriggen (Swiss biathlete and cross-country skier (1917-1952)),Q51955242 Robert Susmaga (Polish researcher)
ros_davies,Ros Davies,,,,,,,,,
rosa_luxemburg,Rosa Luxemburg,Q7231,Rosa Luxemburg,Polish-German Marxist revolutionary (1871–1919),145,"opinion journalist, revolutionary, political theorist, political economist, editing staff, philosopher, botanical collector, economist, docent, editor, politician",1871,1919,"Q101188059 Rosa-Luxemburg-Straße (street in Niederoderwitz, Saxony, Germany)",Q552742 Rosa Luxemburg Foundation (transnational alternative policy group and educational institution)
rosalie_colie,Rosalie Colie,,,,,,,,,
ruben_ros,Ruben Ros,,,,,,,,,
sam_bass_warner,Sam Bass Warner Jr.,,,,,,,,,
sidney_mintz,Sidney Mintz,,,,,,,,,
silvia_ratto,Silvia Ratto,Q2272111,Silvia Ruotolo —,,1,,1958,1997,Q1423111 Rossella Ratto (Italian cyclist),Q86375795 Silvia Sara Canetto (Italian-born American psychologist)
edward_cook,Sir Edward Cook,,,,,,,,,
stanley_engerman,Stanley L. Engerman,,,,,,,,,
sue_bailey_thurman,Sue Bailey Thurman,Q7634004,Sue Bailey Thurman,American writer (1903–1996),5,"editor, historian, writer",1903,1996,Q19816301 Sue Bailey (British rower),"Q2363410 Sue Thomas (Public Figure, Author)"
theotonio_dos_santos,Theotonio dos Santos,,,,,,,,,
thorsten_ries,Thorsten Ries,Q27710168,Stephan Riess,"American geochemist, mineralogist and geo-hydrologist",1,metallurgist,1898,1985,Q31205901 Ries (family name),Q98457884 Stephan Roiss (Austrian writer)
victor_kiernan,V. G. Kiernan,,,,,,,,,
v_i_lenin,V. I. Lenin,,,,,,,,,
vine_deloria_jr,Vine Deloria Jr.,,,,,,,,,
wh_walsh,W. H. Walsh,Q72756,Raoul Walsh,American film director and actor (1887–1980),37,"film screenwriter, film producer, producer, director, film director, film actor, actor, screenwriter, writer",1887,1980,Q1336492 Joseph Leonard Walsh (American mathematician (1895-1973)),Q8008328 William E. Walsh (Member of the Wisconsin State Assembly)
walter_easey,Walter Easey,,,,,,,,,
william_g_thomas_iii,William G. Thomas III,,,,,,,,,
yannan_ding,Yannan Ding,,,,,,,,,
