id,label,status,qid,orcid,birth,death,orcid_employers,orcid_works
anna_clark,Anna Clark,auto_ground,Q109405767,0000-0003-1003-9673,1978,,,45
carole_shammas,Carole Shammas,auto_ground,Q5044731,0000-0003-2950-8564,1943,,,1
erik_jan_zurcher,Erik Jan Zürcher,auto_ground,Q2674418,0000-0002-4087-3952,1953,,,0
frederick_cooper,Frederick Cooper,auto_ground,Q867620,0000-0002-2775-0261,1947,,New York University,0
hans_peter_duerr,Hans Peter Duerr,auto_ground,Q121167,0000-0001-7289-6019,1943,,,27
henry_rousso,Henry Rousso,auto_ground,Q981884,0000-0001-5845-0563,1954,,,15
hilda_sabato,Hilda Sábato,auto_ground,Q5897831,0000-0003-2260-0683,1947,,Consejo Nacional de Investigaciones Científicas y Técnicas,18
ian_milligan,Ian Milligan,auto_ground,Q57416604,0000-0002-1470-7723,1983,,University of Waterloo | University of Waterloo | University of Toronto | University of Waterloo | Western University,46
ian_gregory,Ian N. Gregory,auto_ground,Q56480391,0000-0001-8745-2242,1970,,Lancaster University~https://ror.org/04f2nsd36,130
ida_altman,Ida Altman,auto_ground,Q15497924,0000-0003-2510-938X,1950,,University of Florida~https://ror.org/02y3ad647 | University of New Orleans,16
james_clifford,James Clifford,auto_ground,Q984620,0009-0006-2446-3351,1945,,"University of California, Santa Cruz~https://ror.org/03s65by71",3
james_lee,James Z. Lee,auto_ground,Q8988115,0000-0001-6918-7158,1952,,The Hong Kong University of Science and Technology,138
jan_lucassen,Jan Lucassen,auto_ground,Q95322917,0009-0009-6065-3947,1947,,International Institute of Social History~https://ror.org/05dq4pp56,34
jane_carruthers,Jane Carruthers,auto_ground,Q42571640,0000-0001-8210-4599,1947,,University of South Africa,14
jane_winters,Jane Winters,auto_ground,Q23418986,0000-0001-5502-5887,1970,,University of London~https://ror.org/04cw6st05,23
jeffrey_weeks,Jeffrey Weeks,auto_ground,Q718057,0000-0001-7725-1922,1945,,London South Bank University~https://ror.org/02vwnat91,26
joel_mokyr,Joel Mokyr,auto_ground,Q2899100,0009-0003-1429-6578,1946,,Northwestern University~https://ror.org/000e0be47,0
john_henry,John Henry,auto_ground,Q3181733,0000-0002-5479-9706,1950,,University of Edinburgh | University of Edinburgh,25
jonathan_scott,Jonathan Scott,auto_ground,Q112443858,0000-0002-4555-3069,1958,,,37
kenneth_pomeranz,Kenneth Pomeranz,auto_ground,Q2367310,0000-0002-0711-5180,1958,,,1
luisa_passerini,Luisa Passerini,auto_ground,Q13103836,0000-0001-7953-4846,1941,,,23
pamela_riney_kehrberg,Pamela Riney-Kehrberg,auto_ground,Q130610315,0000-0002-9448-9649,1963,,Iowa State University | Iowa State University | Illinois State University,6
peter_galison,Peter Galison,auto_ground,Q444025,0000-0002-6429-3872,1955,,Harvard University,168
quentin_skinner,Quentin Skinner,auto_ground,Q465807,0000-0003-3516-2539,1940,,Queen Mary University of London,7
scott_b_weingart,Scott B. Weingart,auto_ground,Q57430662,0000-0003-4802-1364,,,,58
serge_noiret,Serge Noiret,auto_ground,Q55623522,0000-0001-9474-9845,1957,,European University Institute | European University Institute,166
seymour_drescher,Seymour Drescher,auto_ground,Q7459160,0000-0001-6007-5483,1934,,University of Pittsburgh,0
shawn_graham,Shawn Graham,auto_ground,Q55195298,0000-0002-2887-3554,,,Carleton University,136
theda_skocpol,Theda Skocpol,auto_ground,Q130064,0000-0002-3866-8108,1947,,Harvard University,5
thomas_sugrue,Thomas J. Sugrue,auto_ground,Q7794266,0000-0001-6675-2238,1962,,New York University~https://ror.org/0190ak572 | University of Pennsylvania~https://ror.org/00b30xv10,38
tirthankar_roy,Tirthankar Roy,auto_ground,Q85809806,0000-0002-4183-2781,1960,,London School of Economics and Political Science~https://ror.org/0090zs177 | London School of Economics Department of Ec,170
ute_frevert,Ute Frevert,auto_ground,Q109014,0000-0001-9556-7330,1954,,NYU Langone Medical Center | NYU Langone Medical Center | Freie Universität Berlin Fachbereich Veterinärmedizin | Freie ,46
