?p	?g	?gLabel
<http://www.wikidata.org/entity/Q81500>	<http://www.wikidata.org/entity/Q6581072>	"female"@en
<http://www.wikidata.org/entity/Q91482>	<http://www.wikidata.org/entity/Q6581072>	"female"@en
<http://www.wikidata.org/entity/Q90838>	<http://www.wikidata.org/entity/Q6581072>	"female"@en
<http://www.wikidata.org/entity/Q93245186>	<http://www.wikidata.org/entity/Q6581072>	"female"@en
<http://www.wikidata.org/entity/Q93387613>	<http://www.wikidata.org/entity/Q6581072>	"female"@en
<http://www.wikidata.org/entity/Q93535>	<http://www.wikidata.org/entity/Q6581072>	"female"@en
<http://www.wikidata.org/entity/Q85102>	<http://www.wikidata.org/entity/Q6581072>	"female"@en
<http://www.wikidata.org/entity/Q844013>	<http://www.wikidata.org/entity/Q6581072>	"female"@en
<http://www.wikidata.org/entity/Q81653235>	<http://www.wikidata.org/entity/Q6581072>	"female"@en
<http://www.wikidata.org/entity/Q807399>	<http://www.wikidata.org/entity/Q6581072>	"female"@en
<http://www.wikidata.org/entity/Q977118>	<http://www.wikidata.org/entity/Q6581072>	"female"@en
<http://www.wikidata.org/entity/Q77608>	<http://www.wikidata.org/entity/Q6581072>	"female"@en
<http://www.wikidata.org/entity/Q950726>	<http://www.wikidata.org/entity/Q6581097>	"male"@en
<http://www.wikidata.org/entity/Q93797>	<http://www.wikidata.org/entity/Q6581097>	"male"@en
<http://www.wikidata.org/entity/Q9387>	<http://www.wikidata.org/entity/Q6581097>	"male"@en
<http://www.wikidata.org/entity/Q9391>	<http://www.wikidata.org/entity/Q6581097>	"male"@en
<http://www.wikidata.org/entity/Q942541>	<http://www.wikidata.org/entity/Q6581097>	"male"@en
<http://www.wikidata.org/entity/Q94285885>	<http://www.wikidata.org/entity/Q6581097>	"male"@en
<http://www.wikidata.org/entity/Q946>	<http://www.wikidata.org/entity/Q6581097>	"male"@en
<http://www.wikidata.org/entity/Q946091>	<http://www.wikidata.org/entity/Q6581097>	"male"@en
<http://www.wikidata.org/entity/Q94701>	<http://www.wikidata.org/entity/Q6581097>	"male"@en
<http://www.wikidata.org/entity/Q94829122>	<http://www.wikidata.org/entity/Q6581097>	"male"@en
<http://www.wikidata.org/entity/Q937063>	<http://www.wikidata.org/entity/Q6581097>	"male"@en
<http://www.wikidata.org/entity/Q951066>	<http://www.wikidata.org/entity/Q6581097>	"male"@en
<http://www.wikidata.org/entity/Q983561>	<http://www.wikidata.org/entity/Q6581097>	"male"@en
<http://www.wikidata.org/entity/Q951470>	<http://www.wikidata.org/entity/Q6581097>	"male"@en
<http://www.wikidata.org/entity/Q952181>	<http://www.wikidata.org/entity/Q6581097>	"male"@en
<http://www.wikidata.org/entity/Q983434>	<http://www.wikidata.org/entity/Q6581097>	"male"@en
<http://www.wikidata.org/entity/Q95229>	<http://www.wikidata.org/entity/Q6581097>	"male"@en
<http://www.wikidata.org/entity/Q952737>	<http://www.wikidata.org/entity/Q6581097>	"male"@en
<http://www.wikidata.org/entity/Q95322917>	<http://www.wikidata.org/entity/Q6581097>	"male"@en
<http://www.wikidata.org/entity/Q95342891>	<http://www.wikidata.org/entity/Q6581097>	"male"@en
<http://www.wikidata.org/entity/Q932413>	<http://www.wikidata.org/entity/Q6581097>	"male"@en
<http://www.wikidata.org/entity/Q98483>	<http://www.wikidata.org/entity/Q6581097>	"male"@en
<http://www.wikidata.org/entity/Q984620>	<http://www.wikidata.org/entity/Q6581097>	"male"@en
<http://www.wikidata.org/entity/Q918361>	<http://www.wikidata.org/entity/Q6581097>	"male"@en
<http://www.wikidata.org/entity/Q921333>	<http://www.wikidata.org/entity/Q6581097>	"male"@en
<http://www.wikidata.org/entity/Q922350>	<http://www.wikidata.org/entity/Q6581097>	"male"@en
<http://www.wikidata.org/entity/Q924275>	<http://www.wikidata.org/entity/Q6581097>	"male"@en
<http://www.wikidata.org/entity/Q92775>	<http://www.wikidata.org/entity/Q6581097>	"male"@en
<http://www.wikidata.org/entity/Q929695>	<http://www.wikidata.org/entity/Q6581097>	"male"@en
<http://www.wikidata.org/entity/Q930197>	<http://www.wikidata.org/entity/Q6581097>	"male"@en
<http://www.wikidata.org/entity/Q954360>	<http://www.wikidata.org/entity/Q6581097>	"male"@en
<http://www.wikidata.org/entity/Q984165>	<http://www.wikidata.org/entity/Q6581097>	"male"@en
<http://www.wikidata.org/entity/Q932815>	<http://www.wikidata.org/entity/Q6581097>	"male"@en
<http://www.wikidata.org/entity/Q983855>	<http://www.wikidata.org/entity/Q6581097>	"male"@en
<http://www.wikidata.org/entity/Q935051>	<http://www.wikidata.org/entity/Q6581097>	"male"@en
<http://www.wikidata.org/entity/Q935301>	<http://www.wikidata.org/entity/Q6581097>	"male"@en
<http://www.wikidata.org/entity/Q983820>	<http://www.wikidata.org/entity/Q6581097>	"male"@en
<http://www.wikidata.org/entity/Q9358>	<http://www.wikidata.org/entity/Q6581097>	"male"@en
<http://www.wikidata.org/entity/Q93657>	<http://www.wikidata.org/entity/Q6581097>	"male"@en
<http://www.wikidata.org/entity/Q982828>	<http://www.wikidata.org/entity/Q6581097>	"male"@en
<http://www.wikidata.org/entity/Q968167>	<http://www.wikidata.org/entity/Q6581097>	"male"@en
<http://www.wikidata.org/entity/Q968540>	<http://www.wikidata.org/entity/Q6581097>	"male"@en
<http://www.wikidata.org/entity/Q97125>	<http://www.wikidata.org/entity/Q6581097>	"male"@en
<http://www.wikidata.org/entity/Q971782>	<http://www.wikidata.org/entity/Q6581097>	"male"@en
<http://www.wikidata.org/entity/Q972178>	<http://www.wikidata.org/entity/Q6581097>	"male"@en
<http://www.wikidata.org/entity/Q973349>	<http://www.wikidata.org/entity/Q6581097>	"male"@en
<http://www.wikidata.org/entity/Q973739>	<http://www.wikidata.org/entity/Q6581097>	"male"@en
<http://www.wikidata.org/entity/Q974852>	<http://www.wikidata.org/entity/Q6581097>	"male"@en
<http://www.wikidata.org/entity/Q975777>	<http://www.wikidata.org/entity/Q6581097>	"male"@en
<http://www.wikidata.org/entity/Q967777>	<http://www.wikidata.org/entity/Q6581097>	"male"@en
<http://www.wikidata.org/entity/Q978237>	<http://www.wikidata.org/entity/Q6581097>	"male"@en
<http://www.wikidata.org/entity/Q978749>	<http://www.wikidata.org/entity/Q6581097>	"male"@en
<http://www.wikidata.org/entity/Q982698>	<http://www.wikidata.org/entity/Q6581097>	"male"@en
<http://www.wikidata.org/entity/Q981217>	<http://www.wikidata.org/entity/Q6581097>	"male"@en
<http://www.wikidata.org/entity/Q981839>	<http://www.wikidata.org/entity/Q6581097>	"male"@en
<http://www.wikidata.org/entity/Q981884>	<http://www.wikidata.org/entity/Q6581097>	"male"@en
<http://www.wikidata.org/entity/Q981891>	<http://www.wikidata.org/entity/Q6581097>	"male"@en
<http://www.wikidata.org/entity/Q981949>	<http://www.wikidata.org/entity/Q6581097>	"male"@en
<http://www.wikidata.org/entity/Q982047>	<http://www.wikidata.org/entity/Q6581097>	"male"@en
<http://www.wikidata.org/entity/Q982865>	<http://www.wikidata.org/entity/Q6581097>	"male"@en
<http://www.wikidata.org/entity/Q955334>	<http://www.wikidata.org/entity/Q6581097>	"male"@en
<http://www.wikidata.org/entity/Q956253>	<http://www.wikidata.org/entity/Q6581097>	"male"@en
<http://www.wikidata.org/entity/Q957553>	<http://www.wikidata.org/entity/Q6581097>	"male"@en
<http://www.wikidata.org/entity/Q959541>	<http://www.wikidata.org/entity/Q6581097>	"male"@en
<http://www.wikidata.org/entity/Q982883>	<http://www.wikidata.org/entity/Q6581097>	"male"@en
<http://www.wikidata.org/entity/Q9061>	<http://www.wikidata.org/entity/Q6581097>	"male"@en
<http://www.wikidata.org/entity/Q960416>	<http://www.wikidata.org/entity/Q6581097>	"male"@en
<http://www.wikidata.org/entity/Q960451>	<http://www.wikidata.org/entity/Q6581097>	"male"@en
<http://www.wikidata.org/entity/Q961244>	<http://www.wikidata.org/entity/Q6581097>	"male"@en
<http://www.wikidata.org/entity/Q982529>	<http://www.wikidata.org/entity/Q6581097>	"male"@en
<http://www.wikidata.org/entity/Q962080>	<http://www.wikidata.org/entity/Q6581097>	"male"@en
<http://www.wikidata.org/entity/Q962296>	<http://www.wikidata.org/entity/Q6581097>	"male"@en
<http://www.wikidata.org/entity/Q963715>	<http://www.wikidata.org/entity/Q6581097>	"male"@en
<http://www.wikidata.org/entity/Q964180>	<http://www.wikidata.org/entity/Q6581097>	"male"@en
<http://www.wikidata.org/entity/Q964668>	<http://www.wikidata.org/entity/Q6581097>	"male"@en
<http://www.wikidata.org/entity/Q965602>	<http://www.wikidata.org/entity/Q6581097>	"male"@en
<http://www.wikidata.org/entity/Q966708>	<http://www.wikidata.org/entity/Q6581097>	"male"@en
<http://www.wikidata.org/entity/Q967052>	<http://www.wikidata.org/entity/Q6581097>	"male"@en
<http://www.wikidata.org/entity/Q790712>	<http://www.wikidata.org/entity/Q6581097>	"male"@en
<http://www.wikidata.org/entity/Q7794266>	<http://www.wikidata.org/entity/Q6581097>	"male"@en
<http://www.wikidata.org/entity/Q7818432>	<http://www.wikidata.org/entity/Q6581097>	"male"@en
<http://www.wikidata.org/entity/Q783073>	<http://www.wikidata.org/entity/Q6581097>	"male"@en
<http://www.wikidata.org/entity/Q784368>	<http://www.wikidata.org/entity/Q6581097>	"male"@en
<http://www.wikidata.org/entity/Q78491>	<http://www.wikidata.org/entity/Q6581097>	"male"@en
<http://www.wikidata.org/entity/Q78492>	<http://www.wikidata.org/entity/Q6581097>	"male"@en
<http://www.wikidata.org/entity/Q78504>	<http://www.wikidata.org/entity/Q6581097>	"male"@en
<http://www.wikidata.org/entity/Q78607>	<http://www.wikidata.org/entity/Q6581097>	"male"@en
<http://www.wikidata.org/entity/Q78683>	<http://www.wikidata.org/entity/Q6581097>	"male"@en
<http://www.wikidata.org/entity/Q78997>	<http://www.wikidata.org/entity/Q6581097>	"male"@en
<http://www.wikidata.org/entity/Q77801>	<http://www.wikidata.org/entity/Q6581097>	"male"@en
<http://www.wikidata.org/entity/Q794031>	<http://www.wikidata.org/entity/Q6581097>	"male"@en
<http://www.wikidata.org/entity/Q7967543>	<http://www.wikidata.org/entity/Q6581097>	"male"@en
<http://www.wikidata.org/entity/Q796885>	<http://www.wikidata.org/entity/Q6581097>	"male"@en
<http://www.wikidata.org/entity/Q8007100>	<http://www.wikidata.org/entity/Q6581097>	"male"@en
<http://www.wikidata.org/entity/Q8007305>	<http://www.wikidata.org/entity/Q6581097>	"male"@en
<http://www.wikidata.org/entity/Q8016>	<http://www.wikidata.org/entity/Q6581097>	"male"@en
<http://www.wikidata.org/entity/Q803646>	<http://www.wikidata.org/entity/Q6581097>	"male"@en
<http://www.wikidata.org/entity/Q810024>	<http://www.wikidata.org/entity/Q6581097>	"male"@en
<http://www.wikidata.org/entity/Q81326>	<http://www.wikidata.org/entity/Q6581097>	"male"@en
<http://www.wikidata.org/entity/Q77184>	<http://www.wikidata.org/entity/Q6581097>	"male"@en
<http://www.wikidata.org/entity/Q76710>	<http://www.wikidata.org/entity/Q6581097>	"male"@en
<http://www.wikidata.org/entity/Q767691>	<http://www.wikidata.org/entity/Q6581097>	"male"@en
<http://www.wikidata.org/entity/Q76775>	<http://www.wikidata.org/entity/Q6581097>	"male"@en
<http://www.wikidata.org/entity/Q76894>	<http://www.wikidata.org/entity/Q6581097>	"male"@en
<http://www.wikidata.org/entity/Q76897>	<http://www.wikidata.org/entity/Q6581097>	"male"@en
<http://www.wikidata.org/entity/Q769799>	<http://www.wikidata.org/entity/Q6581097>	"male"@en
<http://www.wikidata.org/entity/Q770131>	<http://www.wikidata.org/entity/Q6581097>	"male"@en
<http://www.wikidata.org/entity/Q77045>	<http://www.wikidata.org/entity/Q6581097>	"male"@en
<http://www.wikidata.org/entity/Q770901>	<http://www.wikidata.org/entity/Q6581097>	"male"@en
<http://www.wikidata.org/entity/Q77109>	<http://www.wikidata.org/entity/Q6581097>	"male"@en
<http://www.wikidata.org/entity/Q81497>	<http://www.wikidata.org/entity/Q6581097>	"male"@en
<http://www.wikidata.org/entity/Q773259>	<http://www.wikidata.org/entity/Q6581097>	"male"@en
<http://www.wikidata.org/entity/Q77339>	<http://www.wikidata.org/entity/Q6581097>	"male"@en
<http://www.wikidata.org/entity/Q77350>	<http://www.wikidata.org/entity/Q6581097>	"male"@en
<http://www.wikidata.org/entity/Q773828>	<http://www.wikidata.org/entity/Q6581097>	"male"@en
<http://www.wikidata.org/entity/Q77389>	<http://www.wikidata.org/entity/Q6581097>	"male"@en
<http://www.wikidata.org/entity/Q77466>	<http://www.wikidata.org/entity/Q6581097>	"male"@en
<http://www.wikidata.org/entity/Q77499>	<http://www.wikidata.org/entity/Q6581097>	"male"@en
<http://www.wikidata.org/entity/Q77626>	<http://www.wikidata.org/entity/Q6581097>	"male"@en
<http://www.wikidata.org/entity/Q77627>	<http://www.wikidata.org/entity/Q6581097>	"male"@en
<http://www.wikidata.org/entity/Q89384>	<http://www.wikidata.org/entity/Q6581097>	"male"@en
<http://www.wikidata.org/entity/Q865173>	<http://www.wikidata.org/entity/Q6581097>	"male"@en
<http://www.wikidata.org/entity/Q867620>	<http://www.wikidata.org/entity/Q6581097>	"male"@en
<http://www.wikidata.org/entity/Q87020>	<http://www.wikidata.org/entity/Q6581097>	"male"@en
<http://www.wikidata.org/entity/Q87187604>	<http://www.wikidata.org/entity/Q6581097>	"male"@en
<http://www.wikidata.org/entity/Q8772385>	<http://www.wikidata.org/entity/Q6581097>	"male"@en
<http://www.wikidata.org/entity/Q88427>	<http://www.wikidata.org/entity/Q6581097>	"male"@en
<http://www.wikidata.org/entity/Q89188>	<http://www.wikidata.org/entity/Q6581097>	"male"@en
<http://www.wikidata.org/entity/Q892>	<http://www.wikidata.org/entity/Q6581097>	"male"@en
<http://www.wikidata.org/entity/Q892108>	<http://www.wikidata.org/entity/Q6581097>	"male"@en
<http://www.wikidata.org/entity/Q893610>	<http://www.wikidata.org/entity/Q6581097>	"male"@en
<http://www.wikidata.org/entity/Q864216>	<http://www.wikidata.org/entity/Q6581097>	"male"@en
<http://www.wikidata.org/entity/Q89400>	<http://www.wikidata.org/entity/Q6581097>	"male"@en
<http://www.wikidata.org/entity/Q89562>	<http://www.wikidata.org/entity/Q6581097>	"male"@en
<http://www.wikidata.org/entity/Q898722>	<http://www.wikidata.org/entity/Q6581097>	"male"@en
<http://www.wikidata.org/entity/Q8988115>	<http://www.wikidata.org/entity/Q6581097>	"male"@en
<http://www.wikidata.org/entity/Q903331>	<http://www.wikidata.org/entity/Q6581097>	"male"@en
<http://www.wikidata.org/entity/Q9049>	<http://www.wikidata.org/entity/Q6581097>	"male"@en
<http://www.wikidata.org/entity/Q76696>	<http://www.wikidata.org/entity/Q6581097>	"male"@en
<http://www.wikidata.org/entity/Q90744>	<http://www.wikidata.org/entity/Q6581097>	"male"@en
<http://www.wikidata.org/entity/Q912271>	<http://www.wikidata.org/entity/Q6581097>	"male"@en
<http://www.wikidata.org/entity/Q84675>	<http://www.wikidata.org/entity/Q6581097>	"male"@en
<http://www.wikidata.org/entity/Q821261>	<http://www.wikidata.org/entity/Q6581097>	"male"@en
<http://www.wikidata.org/entity/Q822286>	<http://www.wikidata.org/entity/Q6581097>	"male"@en
<http://www.wikidata.org/entity/Q822968>	<http://www.wikidata.org/entity/Q6581097>	"male"@en
<http://www.wikidata.org/entity/Q82984>	<http://www.wikidata.org/entity/Q6581097>	"male"@en
<http://www.wikidata.org/entity/Q83003>	<http://www.wikidata.org/entity/Q6581097>	"male"@en
<http://www.wikidata.org/entity/Q83331>	<http://www.wikidata.org/entity/Q6581097>	"male"@en
<http://www.wikidata.org/entity/Q834947>	<http://www.wikidata.org/entity/Q6581097>	"male"@en
<http://www.wikidata.org/entity/Q84186>	<http://www.wikidata.org/entity/Q6581097>	"male"@en
<http://www.wikidata.org/entity/Q84190>	<http://www.wikidata.org/entity/Q6581097>	"male"@en
<http://www.wikidata.org/entity/Q9147100>	<http://www.wikidata.org/entity/Q6581097>	"male"@en
<http://www.wikidata.org/entity/Q84717>	<http://www.wikidata.org/entity/Q6581097>	"male"@en
<http://www.wikidata.org/entity/Q8514887>	<http://www.wikidata.org/entity/Q6581097>	"male"@en
<http://www.wikidata.org/entity/Q85283878>	<http://www.wikidata.org/entity/Q6581097>	"male"@en
<http://www.wikidata.org/entity/Q85285840>	<http://www.wikidata.org/entity/Q6581097>	"male"@en
<http://www.wikidata.org/entity/Q85508>	<http://www.wikidata.org/entity/Q6581097>	"male"@en
<http://www.wikidata.org/entity/Q85809806>	<http://www.wikidata.org/entity/Q6581097>	"male"@en
<http://www.wikidata.org/entity/Q86130>	<http://www.wikidata.org/entity/Q6581097>	"male"@en
<http://www.wikidata.org/entity/Q86149>	<http://www.wikidata.org/entity/Q6581097>	"male"@en
<http://www.wikidata.org/entity/Q86287>	<http://www.wikidata.org/entity/Q6581097>	"male"@en
