?lab	?p	?g	?gLabel	?desc
"Sándor Ferenczi"@en	<http://www.wikidata.org/entity/Q1000541>	<http://www.wikidata.org/entity/Q6581097>	"male"@en	"Hungarian science writer and journalist (1901–1945)"@en
"Walter Benjamin"@en	<http://www.wikidata.org/entity/Q100749212>	<http://www.wikidata.org/entity/Q6581097>	"male"@en	"college basketball player (1978–1979) Cornell"@en
"Chandler Davis"@en	<http://www.wikidata.org/entity/Q100775433>	<http://www.wikidata.org/entity/Q6581097>	"male"@en	"college basketball player (2019–2019) Texas State"@en
"David Harvey"@en	<http://www.wikidata.org/entity/Q100800960>	<http://www.wikidata.org/entity/Q6581097>	"male"@en	"college basketball player (1992–1995) Old Dominion"@en
"David Harvey"@en	<http://www.wikidata.org/entity/Q100800961>	<http://www.wikidata.org/entity/Q6581097>	"male"@en	"college basketball player (1965–1967) Iowa State"@en
"Nigel Smith"@en	<http://www.wikidata.org/entity/Q100924480>	<http://www.wikidata.org/entity/Q6581097>	"male"@en	"American basketball player (born 1979)"@en
"Brian Vickers"@en	<http://www.wikidata.org/entity/Q100941792>	<http://www.wikidata.org/entity/Q6581097>	"male"@en	"college basketball player (1979–1981) Iona"@en
"William Mason"@en	<http://www.wikidata.org/entity/Q102077796>	<http://www.wikidata.org/entity/Q6581097>	"male"@en	"American professor of sociology and statistics"@en
"William Mason"@en	<http://www.wikidata.org/entity/Q102128929>	<http://www.wikidata.org/entity/Q6581097>	"male"@en	"Ph.D. University of Wisconsin-Madison 1968"@en
"Paolo Rossi"@en	<http://www.wikidata.org/entity/Q102298291>	<http://www.wikidata.org/entity/Q6581097>	"male"@en	"Italian physicist (born 1952)"@en
"Paolo Rossi"@en	<http://www.wikidata.org/entity/Q102345278>	<http://www.wikidata.org/entity/Q6581097>	"male"@en	"Italian mathematician (1980-)"@en
"Dadabhai Naoroji"@en	<http://www.wikidata.org/entity/Q10240>	<http://www.wikidata.org/entity/Q6581097>	"male"@en	"Indian politician leader, scholar and writer (1825–1917)"@en
"Alexander Savine"@en	<http://www.wikidata.org/entity/Q103846282>	<http://www.wikidata.org/entity/Q6581097>	"male"@en	"American composer, conductor and vocal teacher (1881-1949)"@en
"Robert Gottlieb"@en	<http://www.wikidata.org/entity/Q104677663>	<http://www.wikidata.org/entity/Q6581097>	"male"@en	"Holocaust victim (born 1914)"@en
"Gonzalo Sánchez"@en	<http://www.wikidata.org/entity/Q104777977>	<http://www.wikidata.org/entity/Q6581097>	"male"@en	"Argentine journalist and writer"@en
"David Kaufmann"@en	<http://www.wikidata.org/entity/Q105355156>	<http://www.wikidata.org/entity/Q6581097>	"male"@en	"holocaust victim, b. 1862-06-11"@en
"David Kaufmann"@en	<http://www.wikidata.org/entity/Q105355159>	<http://www.wikidata.org/entity/Q6581097>	"male"@en	"holocaust victim, b. 1874-01-22"@en
"Leo Löwenthal"@en	<http://www.wikidata.org/entity/Q105365581>	<http://www.wikidata.org/entity/Q6581097>	"male"@en	"holocaust victim, b. 1876-05-25"@en
"Franz Neumann"@en	<http://www.wikidata.org/entity/Q105454495>	<http://www.wikidata.org/entity/Q6581097>	"male"@en	"holocaust victim, b. 1895-02-28"@en
"Franz Neumann"@en	<http://www.wikidata.org/entity/Q105470084>	<http://www.wikidata.org/entity/Q6581097>	"male"@en	"holocaust victim, b. 1873-03-19"@en
"Leo Löwenthal"@en	<http://www.wikidata.org/entity/Q105512771>	<http://www.wikidata.org/entity/Q6581097>	"male"@en	"holocaust victim, birth date unknown"@en
"David Kaufmann"@en	<http://www.wikidata.org/entity/Q105519764>	<http://www.wikidata.org/entity/Q6581097>	"male"@en	"holocaust victim, b. 1887-04-23"@en
"Lise Vogel"@en	<http://www.wikidata.org/entity/Q105544329>	<http://www.wikidata.org/entity/Q6581072>	"female"@en	"French journalist"@en
"Leo Löwenthal"@en	<http://www.wikidata.org/entity/Q105654601>	<http://www.wikidata.org/entity/Q6581097>	"male"@en	"holocaust victim, b. 1893-06-08"@en
"Stevan Harrell"@en	<http://www.wikidata.org/entity/Q105756866>	<http://www.wikidata.org/entity/Q6581097>	"male"@en	"professor of anthropology"@en
"Nigel Smith"@en	<http://www.wikidata.org/entity/Q107156988>	<http://www.wikidata.org/entity/Q6581097>	"male"@en	"Chairman, Spikes Cavell, 2011–16"@en
"Franz Neumann"@en	<http://www.wikidata.org/entity/Q107165514>	<http://www.wikidata.org/entity/Q6581097>	"male"@en	
"David Harvey"@en	<http://www.wikidata.org/entity/Q107319345>	<http://www.wikidata.org/entity/Q6581097>	"male"@en	"New Zealander who received MNZM for services to the New Zealand Police and the community in June 2020"@en
"Paolo Rossi"@en	<http://www.wikidata.org/entity/Q107817301>	<http://www.wikidata.org/entity/Q6581097>	"male"@en	"participant in the documentary The Last Victory"@en
"Barbara Hardy"@en	<http://www.wikidata.org/entity/Q108101976>	<http://www.wikidata.org/entity/Q6581072>	"female"@en	"Australian environmentalist and scientist"@en
"Paul Gilroy"@en	<http://www.wikidata.org/entity/Q108541046>	<http://www.wikidata.org/entity/Q6581097>	"male"@en	"British QC"@en
"Christopher Freeman"@en	<http://www.wikidata.org/entity/Q1086693>	<http://www.wikidata.org/entity/Q6581097>	"male"@en	"British economist (1921-2010)"@en
"Chandra Talpade Mohanty"@en	<http://www.wikidata.org/entity/Q1086920>	<http://www.wikidata.org/entity/Q6581072>	"female"@en	"Indian feminism and women's studies professor"@en
"Julia Cherry Spruill"@en	<http://www.wikidata.org/entity/Q109600388>	<http://www.wikidata.org/entity/Q6581072>	"female"@en	"American teacher and author"@en
"Mary Douglas"@en	<http://www.wikidata.org/entity/Q109674390>	<http://www.wikidata.org/entity/Q6581072>	"female"@en	"American sculptor (b. 1956)"@en
"John Demos"@en	<http://www.wikidata.org/entity/Q110238181>	<http://www.wikidata.org/entity/Q6581097>	"male"@en	"Greek photographer"@en
"Vilfredo Pareto"@en	<http://www.wikidata.org/entity/Q11031>	<http://www.wikidata.org/entity/Q6581097>	"male"@en	"Italian economist and sociologist (1848-1923)"@en
"Tony Bennett"@en	<http://www.wikidata.org/entity/Q110318811>	<http://www.wikidata.org/entity/Q6581097>	"male"@en	
"Mary Douglas"@en	<http://www.wikidata.org/entity/Q110423798>	<http://www.wikidata.org/entity/Q6581072>	"female"@en	"10 Dec 1755 Bergen op Zoom - 30 May 1793 's-Hertogenbosch"@en
"Aleida Assmann"@en	<http://www.wikidata.org/entity/Q111115>	<http://www.wikidata.org/entity/Q6581072>	"female"@en	"German professor of English and Literary Studies"@en
"Robert Kelley"@en	<http://www.wikidata.org/entity/Q111132624>	<http://www.wikidata.org/entity/Q6581097>	"male"@en	"photographer"@en
"Steven Feierman"@en	<http://www.wikidata.org/entity/Q111147847>	<http://www.wikidata.org/entity/Q6581097>	"male"@en	"American Africanist and historian"@en
"Pierre Bourdieu"@en	<http://www.wikidata.org/entity/Q111585888>	<http://www.wikidata.org/entity/Q6581097>	"male"@en	"French Resistance fighter (1910–1994)"@en
"Josef Breuer"@en	<http://www.wikidata.org/entity/Q111728805>	<http://www.wikidata.org/entity/Q6581097>	"male"@en	
"Josef Breuer"@en	<http://www.wikidata.org/entity/Q111729899>	<http://www.wikidata.org/entity/Q6581097>	"male"@en	
"Josef Breuer"@en	<http://www.wikidata.org/entity/Q111966692>	<http://www.wikidata.org/entity/Q6581097>	"male"@en	
"David Harvey"@en	<http://www.wikidata.org/entity/Q112287239>	<http://www.wikidata.org/entity/Q6581097>	"male"@en	"British historian"@en
"James Tully"@en	<http://www.wikidata.org/entity/Q112360361>	<http://www.wikidata.org/entity/Q6581097>	"male"@en	
"Stuart Hall"@en	<http://www.wikidata.org/entity/Q112369997>	<http://www.wikidata.org/entity/Q6581097>	"male"@en	
"David Harvey"@en	<http://www.wikidata.org/entity/Q112383441>	<http://www.wikidata.org/entity/Q6581097>	"male"@en	"American analytical chemist"@en
"Franz Neumann"@en	<http://www.wikidata.org/entity/Q112412439>	<http://www.wikidata.org/entity/Q6581097>	"male"@en	
"Robert Gottlieb"@en	<http://www.wikidata.org/entity/Q112470484>	<http://www.wikidata.org/entity/Q6581097>	"male"@en	"American academic"@en
"Richard Biernacki"@en	<http://www.wikidata.org/entity/Q112475429>	<http://www.wikidata.org/entity/Q6581097>	"male"@en	"1956-"@en
"David Douglass"@en	<http://www.wikidata.org/entity/Q112495888>	<http://www.wikidata.org/entity/Q6581097>	"male"@en	"conductor, composer, and musician (born 1953)"@en
"Imre Lakatos"@en	<http://www.wikidata.org/entity/Q1127544>	<http://www.wikidata.org/entity/Q6581097>	"male"@en	"Hungarian journalist and contributing editor (1882-1944)"@en
"Alfred Feilchenfeld"@en	<http://www.wikidata.org/entity/Q113753509>	<http://www.wikidata.org/entity/Q6581097>	"male"@en	
"Aletta Biersack"@en	<http://www.wikidata.org/entity/Q113846165>	<http://www.wikidata.org/entity/Q6581072>	"female"@en	
"Doreen Massey"@en	<http://www.wikidata.org/entity/Q1156266>	<http://www.wikidata.org/entity/Q6581072>	"female"@en	"British social scientist and geographer"@en
"Barry Barnes"@en	<http://www.wikidata.org/entity/Q115797454>	<http://www.wikidata.org/entity/Q6581097>	"male"@en	"politician from Trinidad and Tobago"@en
"David Ricardo"@en	<http://www.wikidata.org/entity/Q115805294>	<http://www.wikidata.org/entity/Q6581097>	"male"@en	"Brazilian footballer"@en
"Franz Neumann"@en	<http://www.wikidata.org/entity/Q115957509>	<http://www.wikidata.org/entity/Q6581097>	"male"@en	
"Jean Cavaillès"@en	<http://www.wikidata.org/entity/Q116172410>	<http://www.wikidata.org/entity/Q6581097>	"male"@en	
"Tony Bennett"@en	<http://www.wikidata.org/entity/Q116475442>	<http://www.wikidata.org/entity/Q6581097>	"male"@en	"rugby league footballer"@en
"David Ricardo"@en	<http://www.wikidata.org/entity/Q116811983>	<http://www.wikidata.org/entity/Q6581097>	"male"@en	"1580 -"@en
"David Harvey"@en	<http://www.wikidata.org/entity/Q1174684>	<http://www.wikidata.org/entity/Q6581097>	"male"@en	"Scottish footballer and manager (born 1948)"@en
"Donny Meertens"@en	<http://www.wikidata.org/entity/Q117727522>	<http://www.wikidata.org/entity/Q6581072>	"female"@en	"Dutch/Colombian academic"@en
"Henri Wallon"@en	<http://www.wikidata.org/entity/Q117768291>	<http://www.wikidata.org/entity/Q6581097>	"male"@en	
"Daphne Patai"@en	<http://www.wikidata.org/entity/Q1178651>	<http://www.wikidata.org/entity/Q6581072>	"female"@en	"American writer"@en
"Chandler Davis"@en	<http://www.wikidata.org/entity/Q119557531>	<http://www.wikidata.org/entity/Q6581072>	"female"@en	"college basketball player (2021–202_) Southeast Missouri State"@en
"Henry E. Sigerist"@en	<http://www.wikidata.org/entity/Q122000>	<http://www.wikidata.org/entity/Q6581097>	"male"@en	"Swiss medical historian (1891–1957)"@en
"Paolo Rossi"@en	<http://www.wikidata.org/entity/Q122834666>	<http://www.wikidata.org/entity/Q6581097>	"male"@en	"Italian partisan (1907-1944)"@en
"Sándor Ferenczi"@en	<http://www.wikidata.org/entity/Q12355577>	<http://www.wikidata.org/entity/Q6581097>	"male"@en	"Hungarian archaeologist"@en
"David Harvey"@en	<http://www.wikidata.org/entity/Q123703553>	<http://www.wikidata.org/entity/Q6581097>	"male"@en	"rugby league footballer"@en
"Alfred Marshall"@en	<http://www.wikidata.org/entity/Q123730867>	<http://www.wikidata.org/entity/Q6581097>	"male"@en	"Royal Air Force officer"@en
"Harry Collins"@en	<http://www.wikidata.org/entity/Q124414351>	<http://www.wikidata.org/entity/Q6581072>	"female"@en	"American fashion designer"@en
"Tony Bennett"@en	<http://www.wikidata.org/entity/Q124643380>	<http://www.wikidata.org/entity/Q6581097>	"male"@en	
"Dick Hughes"@en	<http://www.wikidata.org/entity/Q125266903>	<http://www.wikidata.org/entity/Q6581097>	"male"@en	"American architect, active in Las Vegas"@en
"Paolo Rossi"@en	<http://www.wikidata.org/entity/Q125279422>	<http://www.wikidata.org/entity/Q6581097>	"male"@en	"Italian architect"@en
"George E. Marcus"@en	<http://www.wikidata.org/entity/Q125740265>	<http://www.wikidata.org/entity/Q6581097>	"male"@en	"American political science professor"@en
"Jules Sion"@en	<http://www.wikidata.org/entity/Q126485005>	<http://www.wikidata.org/entity/Q6581097>	"male"@en	"(1847-1930)"@en
"Paolo Rossi"@en	<http://www.wikidata.org/entity/Q126871580>	<http://www.wikidata.org/entity/Q6581097>	"male"@en	"Italian clergyman (1855-1938)"@en
"Wang Feng"@en	<http://www.wikidata.org/entity/Q127260435>	<http://www.wikidata.org/entity/Q6581097>	"male"@en	"Chinese entrepreneur"@en
"Frances James"@en	<http://www.wikidata.org/entity/Q127503896>	<http://www.wikidata.org/entity/Q6581072>	"female"@en	
"Wang Feng"@en	<http://www.wikidata.org/entity/Q12812489>	<http://www.wikidata.org/entity/Q6581097>	"male"@en	"Chinese mnemonist (born 1990)"@en
"Franz Neumann"@en	<http://www.wikidata.org/entity/Q128238611>	<http://www.wikidata.org/entity/Q6581097>	"male"@en	"1826-"@en
"Frances James"@en	<http://www.wikidata.org/entity/Q130258317>	<http://www.wikidata.org/entity/Q6581072>	"female"@en	"- Feb 1648"@en
"Mary Douglas"@en	<http://www.wikidata.org/entity/Q130335029>	<http://www.wikidata.org/entity/Q6581072>	"female"@en	"Oct 1679 - Feb 1737"@en
"Jean-Yves Grenier"@en	<http://www.wikidata.org/entity/Q130529517>	<http://www.wikidata.org/entity/Q6581097>	"male"@en	
"Michael Frisch"@en	<http://www.wikidata.org/entity/Q130768688>	<http://www.wikidata.org/entity/Q6581097>	"male"@en	
"Jean-Yves Grenier"@en	<http://www.wikidata.org/entity/Q130776070>	<http://www.wikidata.org/entity/Q6581097>	"male"@en	
"William Mason"@en	<http://www.wikidata.org/entity/Q131329049>	<http://www.wikidata.org/entity/Q6581097>	"male"@en	"15 Nov 1778 - 24 Dec 1835"@en
"William Mason"@en	<http://www.wikidata.org/entity/Q131705630>	<http://www.wikidata.org/entity/Q6581097>	"male"@en	"1764-1847"@en
"Josef Breuer"@en	<http://www.wikidata.org/entity/Q131764331>	<http://www.wikidata.org/entity/Q6581097>	"male"@en	
"Paolo Rossi"@en	<http://www.wikidata.org/entity/Q132234193>	<http://www.wikidata.org/entity/Q6581097>	"male"@en	"(1954-)"@en
"Ferdinand de Saussure"@en	<http://www.wikidata.org/entity/Q13230>	<http://www.wikidata.org/entity/Q6581097>	"male"@en	"Swiss linguist and philosopher (1857–1913)"@en
"Albert Sechehaye"@en	<http://www.wikidata.org/entity/Q13234>	<http://www.wikidata.org/entity/Q6581097>	"male"@en	"Swiss linguist (1870-1946)"@en
"Charles Bally"@en	<http://www.wikidata.org/entity/Q13236>	<http://www.wikidata.org/entity/Q6581097>	"male"@en	"Swiss linguist (1865-1947)"@en
"George E. Marcus"@en	<http://www.wikidata.org/entity/Q134608156>	<http://www.wikidata.org/entity/Q6581097>	"male"@en	"American political scientist"@en
"Gonzalo Sánchez"@en	<http://www.wikidata.org/entity/Q135266758>	<http://www.wikidata.org/entity/Q6581097>	"male"@en	"basketball player (born 1985)"@en
"Alfred Marshall"@en	<http://www.wikidata.org/entity/Q13529>	<http://www.wikidata.org/entity/Q6581097>	"male"@en	"British economist (1842–1924)"@en
"Paolo Rossi"@en	<http://www.wikidata.org/entity/Q136241441>	<http://www.wikidata.org/entity/Q6581097>	"male"@en	"basketball player (born 1966)"@en
"Paolo Rossi"@en	<http://www.wikidata.org/entity/Q136242246>	<http://www.wikidata.org/entity/Q6581097>	"male"@en	"Italian basketball player (born 2005)"@en
"David Harvey"@en	<http://www.wikidata.org/entity/Q136408957>	<http://www.wikidata.org/entity/Q6581097>	"male"@en	"British parasitologist and protozoologist, Major-General"@en
"William Mason"@en	<http://www.wikidata.org/entity/Q136431140>	<http://www.wikidata.org/entity/Q6581097>	"male"@en	"(d. 1804); Esq. of Welham, Notts, J.P."@en
"William Mason"@en	<http://www.wikidata.org/entity/Q136431174>	<http://www.wikidata.org/entity/Q6581097>	"male"@en	"(d. 1856 unm.); of London, High Sheriff of Notts 1823-4"@en
"Tony Bennett"@en	<http://www.wikidata.org/entity/Q137787818>	<http://www.wikidata.org/entity/Q6581097>	"male"@en	"Canadian political candidate from British Columbia"@en
"Michel Callon"@en	<http://www.wikidata.org/entity/Q1381779>	<http://www.wikidata.org/entity/Q6581097>	"male"@en	"French sociologist"@en
"David Harvey"@en	<http://www.wikidata.org/entity/Q139376868>	<http://www.wikidata.org/entity/Q6581097>	"male"@en	"American politician (1892–1871)"@en
"Judith Butler"@en	<http://www.wikidata.org/entity/Q140285314>	<http://www.wikidata.org/entity/Q6581072>	"female"@en	"American nurse scientist"@en
"Stuart Hall"@en	<http://www.wikidata.org/entity/Q140421024>	<http://www.wikidata.org/entity/Q6581097>	"male"@en	"Australian Roman-Catholic priest"@en
"Edward Burnett Tylor"@en	<http://www.wikidata.org/entity/Q141037>	<http://www.wikidata.org/entity/Q6581097>	"male"@en	"English anthropologist (1832–1917)"@en
"James Tully"@en	<http://www.wikidata.org/entity/Q1436392>	<http://www.wikidata.org/entity/Q6581097>	"male"@en	"Canadian philosopher"@en
"Frances James"@en	<http://www.wikidata.org/entity/Q1440802>	<http://www.wikidata.org/entity/Q6581072>	"female"@en	"Canadian soprano (1903-1988)"@en
"Franz Neumann"@en	<http://www.wikidata.org/entity/Q1448392>	<http://www.wikidata.org/entity/Q6581097>	"male"@en	"German politician (1904-1974)"@en
"Rita Felski"@en	<http://www.wikidata.org/entity/Q14946842>	<http://www.wikidata.org/entity/Q6581072>	"female"@en	"American academic"@en
"E. E. Evans-Pritchard"@en	<http://www.wikidata.org/entity/Q150379>	<http://www.wikidata.org/entity/Q6581097>	"male"@en	"British anthropologist (1902–1973)"@en
"Olive Schreiner"@en	<http://www.wikidata.org/entity/Q151180>	<http://www.wikidata.org/entity/Q6581072>	"female"@en	"South African author and pacifist (1855-1920)"@en
"Theodor W. Adorno"@en	<http://www.wikidata.org/entity/Q152388>	<http://www.wikidata.org/entity/Q6581097>	"male"@en	"German philosopher, sociologist and theorist (1903–1969)"@en
"Richard Hoggart"@en	<http://www.wikidata.org/entity/Q1534871>	<http://www.wikidata.org/entity/Q6581097>	"male"@en	"British sociologist (1918-2014)"@en
"James Boswell"@en	<http://www.wikidata.org/entity/Q15462487>	<http://www.wikidata.org/entity/Q6581097>	"male"@en	"New Zealand painter, draughtsman (1906-1971)"@en
"Hazel V. Carby"@en	<http://www.wikidata.org/entity/Q15512556>	<http://www.wikidata.org/entity/Q6581072>	"female"@en	"American academic"@en
"Johann Gottfried Herder"@en	<http://www.wikidata.org/entity/Q155547>	<http://www.wikidata.org/entity/Q6581097>	"male"@en	"German philosopher, theologian, poet (1744–1803)"@en
"Pierre Bourdieu"@en	<http://www.wikidata.org/entity/Q156268>	<http://www.wikidata.org/entity/Q6581097>	"male"@en	"French sociologist, anthropologist, and philosopher (1930–2002)"@en
"James Boswell"@en	<http://www.wikidata.org/entity/Q15917521>	<http://www.wikidata.org/entity/Q6581097>	"male"@en	"British barrister (the younger)"@en
"Émile Durkheim"@en	<http://www.wikidata.org/entity/Q15948>	<http://www.wikidata.org/entity/Q6581097>	"male"@en	"French sociologist (1858–1917)"@en
"Julia Kristeva"@en	<http://www.wikidata.org/entity/Q159876>	<http://www.wikidata.org/entity/Q6581072>	"female"@en	"Bulgarian philosopher, psychoanalyst & academic"@en
"Alfred Marshall"@en	<http://www.wikidata.org/entity/Q15993255>	<http://www.wikidata.org/entity/Q6581097>	"male"@en	"American businessman"@en
"James Tully"@en	<http://www.wikidata.org/entity/Q16000427>	<http://www.wikidata.org/entity/Q6581097>	"male"@en	"Australian politician (1877–1962)"@en
"Barrington Moore"@en	<http://www.wikidata.org/entity/Q16004078>	<http://www.wikidata.org/entity/Q6581097>	"male"@en	"American forester"@en
"Daniel Lerner"@en	<http://www.wikidata.org/entity/Q16009322>	<http://www.wikidata.org/entity/Q6581097>	"male"@en	"American academic"@en
"Patrick Gardiner"@en	<http://www.wikidata.org/entity/Q16013847>	<http://www.wikidata.org/entity/Q6581097>	"male"@en	"philosopher"@en
"David Ricardo"@en	<http://www.wikidata.org/entity/Q160270>	<http://www.wikidata.org/entity/Q6581097>	"male"@en	"British economist and politician (1772–1823)"@en
"Luli Callinicos"@en	<http://www.wikidata.org/entity/Q16184006>	<http://www.wikidata.org/entity/Q6581072>	"female"@en	"South African writer"@en
"William Mason"@en	<http://www.wikidata.org/entity/Q1669188>	<http://www.wikidata.org/entity/Q6581097>	"male"@en	"British-Austrian operatic bass"@en
"John Law"@en	<http://www.wikidata.org/entity/Q16731294>	<http://www.wikidata.org/entity/Q6581097>	"male"@en	"former New Zealand mayor"@en
"Oyèrónkẹ́ Oyěwùmí"@en	<http://www.wikidata.org/entity/Q16733966>	<http://www.wikidata.org/entity/Q6581072>	"female"@en	"Nigerian academic"@en
"James Tully"@en	<http://www.wikidata.org/entity/Q1681217>	<http://www.wikidata.org/entity/Q6581097>	"male"@en	"Irish politician (1915-1992)"@en
"Edmund Leach"@en	<http://www.wikidata.org/entity/Q16856545>	<http://www.wikidata.org/entity/Q6581097>	"male"@en	"British Army officer (1836-1923)"@en
"Linda Tuhiwai Smith"@en	<http://www.wikidata.org/entity/Q16885749>	<http://www.wikidata.org/entity/Q6581072>	"female"@en	"New Zealand professor of indigenous education"@en
"Wang Feng"@en	<http://www.wikidata.org/entity/Q16906238>	<http://www.wikidata.org/entity/Q6581097>	"male"@en	"Chinese politician (born 1965)"@en
"Quintin Hoare"@en	<http://www.wikidata.org/entity/Q16938681>	<http://www.wikidata.org/entity/Q6581097>	"male"@en	"British translator"@en
"Ruth Behar"@en	<http://www.wikidata.org/entity/Q1699866>	<http://www.wikidata.org/entity/Q6581072>	"female"@en	"Jewish Cuban American writer"@en
"Ernest Gellner"@en	<http://www.wikidata.org/entity/Q170078>	<http://www.wikidata.org/entity/Q6581097>	"male"@en	"Czech anthropologist, philosopher and sociologist"@en
"William Mason"@en	<http://www.wikidata.org/entity/Q17009602>	<http://www.wikidata.org/entity/Q6581097>	"male"@en	"English writing-master and stenographer"@en
"Josef Breuer"@en	<http://www.wikidata.org/entity/Q1704375>	<http://www.wikidata.org/entity/Q6581097>	"male"@en	"German chess composer (1903–1981)"@en
"Judy Wajcman"@en	<http://www.wikidata.org/entity/Q1711168>	<http://www.wikidata.org/entity/Q6581072>	"female"@en	"British sociologist and academic"@en
"Hélène Metzger"@en	<http://www.wikidata.org/entity/Q17296722>	<http://www.wikidata.org/entity/Q6581072>	"female"@en	"French philosopher (1889-1944)"@en
"Charles Blondel"@en	<http://www.wikidata.org/entity/Q17350081>	<http://www.wikidata.org/entity/Q6581097>	"male"@en	"French jurist (1895-1975)"@en
"Nigel Smith"@en	<http://www.wikidata.org/entity/Q17462772>	<http://www.wikidata.org/entity/Q6581097>	"male"@en	"racing driver"@en
"Paolo Rossi"@en	<http://www.wikidata.org/entity/Q178628>	<http://www.wikidata.org/entity/Q6581097>	"male"@en	"Italian footballer (1956–2020)"@en
"Margaret Mead"@en	<http://www.wikidata.org/entity/Q180099>	<http://www.wikidata.org/entity/Q6581072>	"female"@en	"American anthropologist (1901-1978)"@en
"Ann Swidler"@en	<http://www.wikidata.org/entity/Q18155589>	<http://www.wikidata.org/entity/Q6581072>	"female"@en	"American sociologist"@en
"Raymond Williams"@en	<http://www.wikidata.org/entity/Q18167166>	<http://www.wikidata.org/entity/Q6581097>	"male"@en	"New Zealand rugby union player"@en
"Carl O. Sauer"@en	<http://www.wikidata.org/entity/Q1823362>	<http://www.wikidata.org/entity/Q6581097>	"male"@en	"American geographer (1889-1975)"@en
"Hubert Hall"@en	<http://www.wikidata.org/entity/Q18528922>	<http://www.wikidata.org/entity/Q6581097>	"male"@en	"British archivist"@en
"Mikhail Bakhtin"@en	<http://www.wikidata.org/entity/Q185375>	<http://www.wikidata.org/entity/Q6581097>	"male"@en	"Russian intellectual and philosopher (1895–1975)"@en
"Mary Douglas"@en	<http://www.wikidata.org/entity/Q18576719>	<http://www.wikidata.org/entity/Q6581072>	"female"@en	"Douglas, Mary Alice (1860–1941), headmistress"@en
"John Law"@en	<http://www.wikidata.org/entity/Q18619383>	<http://www.wikidata.org/entity/Q6581097>	"male"@en	"British screenwriter (1929-1970)"@en
"Paul Willis"@en	<http://www.wikidata.org/entity/Q18640376>	<http://www.wikidata.org/entity/Q6581097>	"male"@en	"English footballer (1970-2011)"@en
"David Douglass"@en	<http://www.wikidata.org/entity/Q18819397>	<http://www.wikidata.org/entity/Q6581097>	"male"@en	"actor and theatre manager (1720-1786)"@en
"Wang Feng"@en	<http://www.wikidata.org/entity/Q18905581>	<http://www.wikidata.org/entity/Q6581097>	"male"@en	"Tang dynasty person CBDB = 194283"@en
"George Unwin"@en	<http://www.wikidata.org/entity/Q18917646>	<http://www.wikidata.org/entity/Q6581097>	"male"@en	"British economic historian & academic"@en
"Samuel P. Huntington"@en	<http://www.wikidata.org/entity/Q19074>	<http://www.wikidata.org/entity/Q6581097>	"male"@en	"American political scientist (1927–2008)"@en
"Paul Ricœur"@en	<http://www.wikidata.org/entity/Q192066>	<http://www.wikidata.org/entity/Q6581097>	"male"@en	"French philosopher (1913–2005)"@en
"Wang Feng"@en	<http://www.wikidata.org/entity/Q1930926>	<http://www.wikidata.org/entity/Q6581097>	"male"@en	"Chinese politician in the Western Han dynasty"@en
"Thomas Babington Macaulay"@en	<http://www.wikidata.org/entity/Q19519573>	<http://www.wikidata.org/entity/Q6581097>	"male"@en	"Yoruba priest and educator"@en
"Talal Asad"@en	<http://www.wikidata.org/entity/Q1974975>	<http://www.wikidata.org/entity/Q6581097>	"male"@en	"anthropologist at the CUNY Graduate Center"@en
"John Hajnal"@en	<http://www.wikidata.org/entity/Q1979030>	<http://www.wikidata.org/entity/Q6581097>	"male"@en	"Hungarian-British statistical economist (1924–2008)"@en
"Tsien Tsuen-hsuin"@en	<http://www.wikidata.org/entity/Q19801173>	<http://www.wikidata.org/entity/Q6581097>	"male"@en	"Chinese-American sinologist and librarian (1910–2015)"@en
"Tony Bennett"@en	<http://www.wikidata.org/entity/Q19946119>	<http://www.wikidata.org/entity/Q6581097>	"male"@en	"American basketball player (born 1984)"@en
"Elizabeth Jelin"@en	<http://www.wikidata.org/entity/Q20016255>	<http://www.wikidata.org/entity/Q6581072>	"female"@en	"Argentinian sociologist (born 1941)"@en
"Edward Said"@en	<http://www.wikidata.org/entity/Q201538>	<http://www.wikidata.org/entity/Q6581097>	"male"@en	"Palestinian-American professor (1935–2003)"@en
"John Law"@en	<http://www.wikidata.org/entity/Q202872>	<http://www.wikidata.org/entity/Q6581097>	"male"@en	"American politician (1796-1873)"@en
"Talcott Parsons"@en	<http://www.wikidata.org/entity/Q203913>	<http://www.wikidata.org/entity/Q6581097>	"male"@en	"American sociologist (1902 – 1979)"@en
"Paul A. David"@en	<http://www.wikidata.org/entity/Q2059246>	<http://www.wikidata.org/entity/Q6581097>	"male"@en	"American economist (1935–2023)"@en
"Jean-Martin Charcot"@en	<http://www.wikidata.org/entity/Q20710>	<http://www.wikidata.org/entity/Q6581097>	"male"@en	"French neurologist (1825–1893)"@en
"Patrick Geary"@en	<http://www.wikidata.org/entity/Q20819510>	<http://www.wikidata.org/entity/Q6581097>	"male"@en	"Irish speaker in Australia"@en
"Brian Vickers"@en	<http://www.wikidata.org/entity/Q2112545>	<http://www.wikidata.org/entity/Q6581097>	"male"@en	"American motor racing driver"@en
"Amílcar Cabral"@en	<http://www.wikidata.org/entity/Q213416>	<http://www.wikidata.org/entity/Q6581097>	"male"@en	"Guinea-Bissauan and Cape Verdean politician (1924-1973)"@en
"Richard Rorty"@en	<http://www.wikidata.org/entity/Q215258>	<http://www.wikidata.org/entity/Q6581097>	"male"@en	"American philosopher (1931–2007)"@en
"Louis Hartz"@en	<http://www.wikidata.org/entity/Q21541044>	<http://www.wikidata.org/entity/Q6581097>	"male"@en	"Dutch painter and etcher (1869-1935)"@en
"David Harvey"@en	<http://www.wikidata.org/entity/Q21550833>	<http://www.wikidata.org/entity/Q6581097>	"male"@en	
"Robert Gottlieb"@en	<http://www.wikidata.org/entity/Q2157324>	<http://www.wikidata.org/entity/Q6581097>	"male"@en	"American editor of books and magazines (1931–2023)"@en
"Alain Robbe-Grillet"@en	<http://www.wikidata.org/entity/Q216266>	<http://www.wikidata.org/entity/Q6581097>	"male"@en	"French author and film director (1922–2008)"@en
"Laurence Sterne"@en	<http://www.wikidata.org/entity/Q218960>	<http://www.wikidata.org/entity/Q6581097>	"male"@en	"Anglo-Irish novelist and Anglican cleric (1713–1768)"@en
"Judith Butler"@en	<http://www.wikidata.org/entity/Q219368>	<http://www.wikidata.org/entity/Q48270>	"non-binary"@en	"American feminist gender studies philosopher (born 1956)"@en
"Hilary Putnam"@en	<http://www.wikidata.org/entity/Q221697>	<http://www.wikidata.org/entity/Q6581097>	"male"@en	"American philosopher and mathematician"@en
"Aimé Césaire"@en	<http://www.wikidata.org/entity/Q223955>	<http://www.wikidata.org/entity/Q6581097>	"male"@en	"Martinican writer, poet and politician (1913–2008)"@en
"Ruth Benedict"@en	<http://www.wikidata.org/entity/Q228822>	<http://www.wikidata.org/entity/Q6581072>	"female"@en	"American anthropologist and folklorologist (1887-1948)"@en
"G. E. M. Anscombe"@en	<http://www.wikidata.org/entity/Q229646>	<http://www.wikidata.org/entity/Q6581072>	"female"@en	"British analytic philosopher"@en
"Barbara Hardy"@en	<http://www.wikidata.org/entity/Q23022369>	<http://www.wikidata.org/entity/Q6581072>	"female"@en	"Welsh literary scholar, author, poet (1924–2016)"@en
"Tony Bennett"@en	<http://www.wikidata.org/entity/Q23048751>	<http://www.wikidata.org/entity/Q6581097>	"male"@en	"non-fiction writer"@en
"Fernando Henrique Cardoso"@en	<http://www.wikidata.org/entity/Q230578>	<http://www.wikidata.org/entity/Q6581097>	"male"@en	"President of Brazil from 1995 to 2003"@en
"Mary Douglas"@en	<http://www.wikidata.org/entity/Q231349>	<http://www.wikidata.org/entity/Q6581072>	"female"@en	"British anthropologist (1921–2007)"@en
"Michael Frisch"@en	<http://www.wikidata.org/entity/Q23561306>	<http://www.wikidata.org/entity/Q6581097>	"male"@en	"German politician"@en
"Stuart Hall"@en	<http://www.wikidata.org/entity/Q2357886>	<http://www.wikidata.org/entity/Q6581097>	"male"@en	"British musician"@en
"George Santayana"@en	<http://www.wikidata.org/entity/Q237833>	<http://www.wikidata.org/entity/Q6581097>	"male"@en	"Spanish-American philosopher"@en
"Melvin Richter"@en	<http://www.wikidata.org/entity/Q23930529>	<http://www.wikidata.org/entity/Q6581097>	"male"@en	"scientist"@en
"Evelyn Brooks Higginbotham"@en	<http://www.wikidata.org/entity/Q24049032>	<http://www.wikidata.org/entity/Q6581072>	"female"@en	"American professor"@en
"Gayatri Chakravorty Spivak"@en	<http://www.wikidata.org/entity/Q240851>	<http://www.wikidata.org/entity/Q6581072>	"female"@en	"Indian scholar, literary theorist, and feminist critic"@en
"Graham Wallas"@en	<http://www.wikidata.org/entity/Q2551919>	<http://www.wikidata.org/entity/Q6581097>	"male"@en	"English socialist, social psychologist, educationalist (1858–1932)"@en
"Franz Neumann"@en	<http://www.wikidata.org/entity/Q25592735>	<http://www.wikidata.org/entity/Q6581097>	"male"@en	"Austrian numismatist"@en
"Eve Kosofsky Sedgwick"@en	<http://www.wikidata.org/entity/Q258462>	<http://www.wikidata.org/entity/Q6581072>	"female"@en	"American scholar of queer theory (1950-2009)"@en
"David H. Smith"@en	<http://www.wikidata.org/entity/Q26001389>	<http://www.wikidata.org/entity/Q6581097>	"male"@en	"American pediatric infectious diseases researcher"@en
"Nancy Fraser"@en	<http://www.wikidata.org/entity/Q267536>	<http://www.wikidata.org/entity/Q6581072>	"female"@en	"American philosopher"@en
"Robert Kelley"@en	<http://www.wikidata.org/entity/Q26837149>	<http://www.wikidata.org/entity/Q6581097>	"male"@en	"American football player"@en
"Gaston Bachelard"@en	<http://www.wikidata.org/entity/Q270800>	<http://www.wikidata.org/entity/Q6581097>	"male"@en	"French writer and philosopher (1884-1962)"@en
"Marianne Weber"@en	<http://www.wikidata.org/entity/Q275840>	<http://www.wikidata.org/entity/Q6581072>	"female"@en	"Dutch singer"@en
"Dick Hughes"@en	<http://www.wikidata.org/entity/Q27909769>	<http://www.wikidata.org/entity/Q6581097>	"male"@en	"American-football player (1932-)"@en
"John Law"@en	<http://www.wikidata.org/entity/Q27915226>	<http://www.wikidata.org/entity/Q6581097>	"male"@en	"American football player"@en
"Paul Willis"@en	<http://www.wikidata.org/entity/Q28004328>	<http://www.wikidata.org/entity/Q6581097>	"male"@en	"Australian science communicator and paleontologist"@en
"Shoshana Felman"@en	<http://www.wikidata.org/entity/Q2892505>	<http://www.wikidata.org/entity/Q6581072>	"female"@en	"professor of comparative literature and American literary critic"@en
"Étienne Balibar"@en	<http://www.wikidata.org/entity/Q289333>	<http://www.wikidata.org/entity/Q6581097>	"male"@en	"French philosopher"@en
"Carroll Smith-Rosenberg"@en	<http://www.wikidata.org/entity/Q28971403>	<http://www.wikidata.org/entity/Q6581072>	"female"@en	"American historian"@en
"Mary McLeod Bethune"@en	<http://www.wikidata.org/entity/Q291068>	<http://www.wikidata.org/entity/Q6581072>	"female"@en	"American educator and civil rights leader (1875-1955)"@en
"Carolyn Merchant"@en	<http://www.wikidata.org/entity/Q2940097>	<http://www.wikidata.org/entity/Q6581072>	"female"@en	"American ecofeminist"@en
"Marcel Mauss"@en	<http://www.wikidata.org/entity/Q295393>	<http://www.wikidata.org/entity/Q6581097>	"male"@en	"French sociologist and anthropologist (1872-1950)"@en
"Imre Lakatos"@en	<http://www.wikidata.org/entity/Q296249>	<http://www.wikidata.org/entity/Q6581097>	"male"@en	"Hungarian philosopher of mathematics and science (1922-1974)"@en
"David Harvey"@en	<http://www.wikidata.org/entity/Q29642906>	<http://www.wikidata.org/entity/Q6581097>	"male"@en	"professor of paediatrics"@en
"John Law"@en	<http://www.wikidata.org/entity/Q29643115>	<http://www.wikidata.org/entity/Q6581097>	"male"@en	"medical physicist"@en
"Tony Bennett"@en	<http://www.wikidata.org/entity/Q296729>	<http://www.wikidata.org/entity/Q6581097>	"male"@en	"American singer (1926–2023)"@en
"Ifi Amadiume"@en	<http://www.wikidata.org/entity/Q298277>	<http://www.wikidata.org/entity/Q6581072>	"female"@en	"Nigerian poet, anthropologist, and essayist"@en
"David Bloor"@en	<http://www.wikidata.org/entity/Q3017532>	<http://www.wikidata.org/entity/Q6581097>	"male"@en	"British sociologist (1942-)"@en
"David Harvey"@en	<http://www.wikidata.org/entity/Q3018045>	<http://www.wikidata.org/entity/Q6581097>	"male"@en	"American musician"@en
"Denis Cosgrove"@en	<http://www.wikidata.org/entity/Q3022630>	<http://www.wikidata.org/entity/Q6581097>	"male"@en	"professor (1948-2008)"@en
"Dick Hebdige"@en	<http://www.wikidata.org/entity/Q3026588>	<http://www.wikidata.org/entity/Q6581097>	"male"@en	"British sociologist"@en
"Anton Blok"@en	<http://www.wikidata.org/entity/Q3055177>	<http://www.wikidata.org/entity/Q6581097>	"male"@en	"Dutch sportsperson and athletics competitor"@en
"Roger Establet"@en	<http://www.wikidata.org/entity/Q3078901>	<http://www.wikidata.org/entity/Q6581097>	"male"@en	"French sociologist"@en
"William Mason"@en	<http://www.wikidata.org/entity/Q3098261>	<http://www.wikidata.org/entity/Q6581097>	"male"@en	"poet (1724-1797)"@en
"John Law"@en	<http://www.wikidata.org/entity/Q312694>	<http://www.wikidata.org/entity/Q6581097>	"male"@en	"Scottish economist and banker (1671-1729)"@en
"Robert K. Merton"@en	<http://www.wikidata.org/entity/Q312843>	<http://www.wikidata.org/entity/Q6581097>	"male"@en	"American sociologist (1910–2003)"@en
"Hilary Jenkinson"@en	<http://www.wikidata.org/entity/Q3135567>	<http://www.wikidata.org/entity/Q6581097>	"male"@en	"British archivist and paleographer (1882–1961)"@en
"Louis Hjelmslev"@en	<http://www.wikidata.org/entity/Q313769>	<http://www.wikidata.org/entity/Q6581097>	"male"@en	"Danish linguist (1899-1965)"@en
"Erving Goffman"@en	<http://www.wikidata.org/entity/Q314471>	<http://www.wikidata.org/entity/Q6581097>	"male"@en	"Canadian-American sociologist (1922–1982)"@en
"Jules Sion"@en	<http://www.wikidata.org/entity/Q3188912>	<http://www.wikidata.org/entity/Q6581097>	"male"@en	"French geographer (1879-1940)"@en
"Alexandre Koyré"@en	<http://www.wikidata.org/entity/Q319243>	<http://www.wikidata.org/entity/Q6581097>	"male"@en	"French philosopher (1892–1964)"@en
"Stein Rokkan"@en	<http://www.wikidata.org/entity/Q319704>	<http://www.wikidata.org/entity/Q6581097>	"male"@en	"Norwegian political scientist"@en
"William Mason"@en	<http://www.wikidata.org/entity/Q321967>	<http://www.wikidata.org/entity/Q6581097>	"male"@en	"American composer (1829–1908)"@en
"Homi K. Bhabha"@en	<http://www.wikidata.org/entity/Q325741>	<http://www.wikidata.org/entity/Q6581097>	"male"@en	"Indian critical theorist (born 1949)"@en
"Maurice Halbwachs"@en	<http://www.wikidata.org/entity/Q326000>	<http://www.wikidata.org/entity/Q6581097>	"male"@en	"French sociologist (1877-1945), died in Buchenwald concentration camp"@en
"Pierre Macherey"@en	<http://www.wikidata.org/entity/Q326897>	<http://www.wikidata.org/entity/Q6581097>	"male"@en	"French academic"@en
"Mary Church Terrell"@en	<http://www.wikidata.org/entity/Q3296160>	<http://www.wikidata.org/entity/Q6581072>	"female"@en	"American activist and suffragette (1863–1954)"@en
"Paul Gilroy"@en	<http://www.wikidata.org/entity/Q329624>	<http://www.wikidata.org/entity/Q6581097>	"male"@en	"Scholar of the Black diaspora and culture"@en
"Maurice Mandelbaum"@en	<http://www.wikidata.org/entity/Q3301118>	<http://www.wikidata.org/entity/Q6581097>	"male"@en	"American philosopher (1908–1987)"@en
"Samir Amin"@en	<http://www.wikidata.org/entity/Q334134>	<http://www.wikidata.org/entity/Q6581097>	"male"@en	"Egyptian-French economist and political theorist (1931-2018)"@en
"James Boswell"@en	<http://www.wikidata.org/entity/Q335060>	<http://www.wikidata.org/entity/Q6581097>	"male"@en	"Scottish lawyer, diarist and author (1740–1795)"@en
"Sándor Ferenczi"@en	<http://www.wikidata.org/entity/Q335466>	<http://www.wikidata.org/entity/Q6581097>	"male"@en	"Hungarian psychoanalyst (1873–1933)"@en
"Pierre Bourdieu"@en	<http://www.wikidata.org/entity/Q3384136>	<http://www.wikidata.org/entity/Q6581097>	"male"@en	"French rock climber (1895-1969)"@en
"Pratibha Parmar"@en	<http://www.wikidata.org/entity/Q3401401>	<http://www.wikidata.org/entity/Q6581072>	"female"@en	"British filmmaker (born 1955)"@en
"David Harvey"@en	<http://www.wikidata.org/entity/Q343055>	<http://www.wikidata.org/entity/Q6581097>	"male"@en	"British geographer and anthropologist"@en
"Roshdi Rashed"@en	<http://www.wikidata.org/entity/Q3442614>	<http://www.wikidata.org/entity/Q6581097>	"male"@en	"Egyptian-French mathematician, philosopher and historian of science"@en
"Marshall Sahlins"@en	<http://www.wikidata.org/entity/Q345300>	<http://www.wikidata.org/entity/Q6581097>	"male"@en	"American anthropologist (1930-2021)"@en
"Stuart Hall"@en	<http://www.wikidata.org/entity/Q3459517>	<http://www.wikidata.org/entity/Q6581097>	"male"@en	"English former media personality and sex offender"@en
"Craig Clunas"@en	<http://www.wikidata.org/entity/Q3468075>	<http://www.wikidata.org/entity/Q6581097>	"male"@en	"British art historian"@en
"Antoine Meillet"@en	<http://www.wikidata.org/entity/Q347001>	<http://www.wikidata.org/entity/Q6581097>	"male"@en	"French linguist (1866–1936)"@en
"Sheila Jasanoff"@en	<http://www.wikidata.org/entity/Q3481755>	<http://www.wikidata.org/entity/Q6581072>	"female"@en	"American social scientist"@en
"David Kaufmann"@en	<http://www.wikidata.org/entity/Q351593>	<http://www.wikidata.org/entity/Q6581097>	"male"@en	"Austrian academic (1852-1899)"@en
"Trevor Pinch"@en	<http://www.wikidata.org/entity/Q3538596>	<http://www.wikidata.org/entity/Q6581097>	"male"@en	"British sociologist (1952–2021)"@en
"Northrop Frye"@en	<http://www.wikidata.org/entity/Q354256>	<http://www.wikidata.org/entity/Q6581097>	"male"@en	"Canadian literary critic and literary theorist (1912–1991)"@en
"Victor Turner"@en	<http://www.wikidata.org/entity/Q357480>	<http://www.wikidata.org/entity/Q6581097>	"male"@en	"British cultural anthropologist (1920-1983)"@en
"Barry Barnes"@en	<http://www.wikidata.org/entity/Q3635218>	<http://www.wikidata.org/entity/Q6581097>	"male"@en	"basketball coach"@en
"David Harvey"@en	<http://www.wikidata.org/entity/Q3703205>	<http://www.wikidata.org/entity/Q6581097>	"male"@en	"Australian-Brazilian rugby union footballer"@en
"Piero Sraffa"@en	<http://www.wikidata.org/entity/Q370468>	<http://www.wikidata.org/entity/Q6581097>	"male"@en	"Italian economist (1898–1983)"@en
"Armida de la Vara"@en	<http://www.wikidata.org/entity/Q37111475>	<http://www.wikidata.org/entity/Q6581072>	"female"@en	"Mexican poet"@en
"Giovanni Arrighi"@en	<http://www.wikidata.org/entity/Q375310>	<http://www.wikidata.org/entity/Q6581097>	"male"@en	"Italian economist and sociologist (1937-2009)"@en
"Arthur Schopenhauer"@en	<http://www.wikidata.org/entity/Q38193>	<http://www.wikidata.org/entity/Q6581097>	"male"@en	"German philosopher (1788-1860)"@en
"Paolo Rossi"@en	<http://www.wikidata.org/entity/Q3894428>	<http://www.wikidata.org/entity/Q6581097>	"male"@en	"Italian association footballer (1879-1944)"@en
"Paolo Rossi"@en	<http://www.wikidata.org/entity/Q3894430>	<http://www.wikidata.org/entity/Q6581097>	"male"@en	"Italian basketball player and basketball coach (born 1948)"@en
"Paolo Rossi"@en	<http://www.wikidata.org/entity/Q3894431>	<http://www.wikidata.org/entity/Q6581097>	"male"@en	"Italian journalist and politician (born 1958)"@en
"Paolo Rossi"@en	<http://www.wikidata.org/entity/Q3894432>	<http://www.wikidata.org/entity/Q6581097>	"male"@en	"Italian politician and jurist (1900-1985)"@en
"Paolo Rossi"@en	<http://www.wikidata.org/entity/Q3894434>	<http://www.wikidata.org/entity/Q6581097>	"male"@en	"Italian actor, singer-songwriter and comedian (born 1953)"@en
"Raymond Williams"@en	<http://www.wikidata.org/entity/Q394628>	<http://www.wikidata.org/entity/Q6581097>	"male"@en	"Welsh scholar, author, and Marxist literary critic (1921–1988)"@en
"Tony Bennett"@en	<http://www.wikidata.org/entity/Q3993198>	<http://www.wikidata.org/entity/Q6581097>	"male"@en	"American basketball coach and player (born 1969)"@en
"Vânia Bambirra"@en	<http://www.wikidata.org/entity/Q4077162>	<http://www.wikidata.org/entity/Q6581072>	"female"@en	"Brazilian political scientist"@en
"Virginia Woolf"@en	<http://www.wikidata.org/entity/Q40909>	<http://www.wikidata.org/entity/Q6581072>	"female"@en	"English modernist writer (1882–1941)"@en
"Julie Cruikshank"@en	<http://www.wikidata.org/entity/Q42336746>	<http://www.wikidata.org/entity/Q6581072>	"female"@en	"Canadian anthropologist working with Indigenous peoples of the Yukon"@en
"Paul Willis"@en	<http://www.wikidata.org/entity/Q42521567>	<http://www.wikidata.org/entity/Q6581097>	"male"@en	"actor"@en
"Ruy Mauro Marini"@en	<http://www.wikidata.org/entity/Q4285579>	<http://www.wikidata.org/entity/Q6581097>	"male"@en	"Brazilian economist (1932–1997)"@en
"Louis Hartz"@en	<http://www.wikidata.org/entity/Q4496151>	<http://www.wikidata.org/entity/Q6581097>	"male"@en	"American political scientist (1919-1986)"@en
"Stephen Bann"@en	<http://www.wikidata.org/entity/Q4503684>	<http://www.wikidata.org/entity/Q6581097>	"male"@en	"British art historian (born 1942)"@en
"Stuart Hall"@en	<http://www.wikidata.org/entity/Q450741>	<http://www.wikidata.org/entity/Q6581097>	"male"@en	"Jamaican-born British sociologist and cultural theorist"@en
"George Steiner"@en	<http://www.wikidata.org/entity/Q453288>	<http://www.wikidata.org/entity/Q6581097>	"male"@en	"American writer (1928–2020)"@en
"Juliet Mitchell"@en	<http://www.wikidata.org/entity/Q453560>	<http://www.wikidata.org/entity/Q6581072>	"female"@en	"Feminist psychologist"@en
"Wang Feng"@en	<http://www.wikidata.org/entity/Q45366065>	<http://www.wikidata.org/entity/Q6581097>	"male"@en	"Song dynasty person (CBDB = 7374)"@en
"Wang Feng"@en	<http://www.wikidata.org/entity/Q45373345>	<http://www.wikidata.org/entity/Q6581097>	"male"@en	"Song dynasty person CBDB = 12052"@en
"Wang Feng"@en	<http://www.wikidata.org/entity/Q45413941>	<http://www.wikidata.org/entity/Q6581097>	"male"@en	"Ming dynasty person CBDB = 28410"@en
"Wang Feng"@en	<http://www.wikidata.org/entity/Q45427944>	<http://www.wikidata.org/entity/Q6581097>	"male"@en	"Ming dynasty person CBDB = 35518"@en
"Wang Feng"@en	<http://www.wikidata.org/entity/Q45436727>	<http://www.wikidata.org/entity/Q6581097>	"male"@en	"Tang dynasty person CBDB = 192648"@en
"Wang Feng"@en	<http://www.wikidata.org/entity/Q45439555>	<http://www.wikidata.org/entity/Q6581097>	"male"@en	"Ming dynasty person CBDB = 256308"@en
"Wang Feng"@en	<http://www.wikidata.org/entity/Q45442468>	<http://www.wikidata.org/entity/Q6581097>	"male"@en	"Ming dynasty person CBDB = 288176"@en
"Wang Feng"@en	<http://www.wikidata.org/entity/Q45447854>	<http://www.wikidata.org/entity/Q6581097>	"male"@en	"Tang dynasty person CBDB = 166370"@en
"Wang Feng"@en	<http://www.wikidata.org/entity/Q45448763>	<http://www.wikidata.org/entity/Q6581097>	"male"@en	"Ming dynasty person CBDB = 203437"@en
"Wang Feng"@en	<http://www.wikidata.org/entity/Q45472225>	<http://www.wikidata.org/entity/Q6581097>	"male"@en	"Ming dynasty person CBDB = 304747"@en
"Wang Feng"@en	<http://www.wikidata.org/entity/Q45477240>	<http://www.wikidata.org/entity/Q6581097>	"male"@en	"Ming dynasty person CBDB = 294202"@en
"Wang Feng"@en	<http://www.wikidata.org/entity/Q45483063>	<http://www.wikidata.org/entity/Q6581097>	"male"@en	"Ming dynasty person CBDB = 262614"@en
"Wang Feng"@en	<http://www.wikidata.org/entity/Q45504491>	<http://www.wikidata.org/entity/Q6581097>	"male"@en	"Tang dynasty person CBDB = 146296"@en
"Wang Feng"@en	<http://www.wikidata.org/entity/Q45519934>	<http://www.wikidata.org/entity/Q6581097>	"male"@en	"Ming dynasty person CBDB = 342357"@en
"Wang Feng"@en	<http://www.wikidata.org/entity/Q45531929>	<http://www.wikidata.org/entity/Q6581097>	"male"@en	"Ming dynasty person CBDB = 204755"@en
"Wang Feng"@en	<http://www.wikidata.org/entity/Q45532865>	<http://www.wikidata.org/entity/Q6581097>	"male"@en	"person, CBDB = 146931"@en
"Wang Feng"@en	<http://www.wikidata.org/entity/Q45545863>	<http://www.wikidata.org/entity/Q6581097>	"male"@en	"Ming dynasty person CBDB = 237286"@en
"Wang Feng"@en	<http://www.wikidata.org/entity/Q45546979>	<http://www.wikidata.org/entity/Q6581097>	"male"@en	"Ming dynasty person CBDB = 204993"@en
"Wang Feng"@en	<http://www.wikidata.org/entity/Q45561010>	<http://www.wikidata.org/entity/Q6581097>	"male"@en	"Ming dynasty person CBDB = 290822"@en
"Wang Feng"@en	<http://www.wikidata.org/entity/Q45566436>	<http://www.wikidata.org/entity/Q6581097>	"male"@en	"Tang dynasty person CBDB = 189526"@en
"Wang Feng"@en	<http://www.wikidata.org/entity/Q45568518>	<http://www.wikidata.org/entity/Q6581097>	"male"@en	"person, CBDB = 338570"@en
"Wang Feng"@en	<http://www.wikidata.org/entity/Q45582600>	<http://www.wikidata.org/entity/Q6581097>	"male"@en	"Ming dynasty person CBDB = 270233"@en
"Wang Feng"@en	<http://www.wikidata.org/entity/Q45582745>	<http://www.wikidata.org/entity/Q6581097>	"male"@en	"Ming dynasty person CBDB = 312425"@en
"Wang Feng"@en	<http://www.wikidata.org/entity/Q45587353>	<http://www.wikidata.org/entity/Q6581097>	"male"@en	"Ming dynasty person CBDB = 286127"@en
"Wang Feng"@en	<http://www.wikidata.org/entity/Q45595772>	<http://www.wikidata.org/entity/Q6581097>	"male"@en	"Ming dynasty person CBDB = 126793"@en
"Wang Feng"@en	<http://www.wikidata.org/entity/Q45597818>	<http://www.wikidata.org/entity/Q6581097>	"male"@en	"Ming dynasty person CBDB = 328612"@en
"Wang Feng"@en	<http://www.wikidata.org/entity/Q45605208>	<http://www.wikidata.org/entity/Q6581097>	"male"@en	"Ming dynasty person CBDB = 200767"@en
"Wang Feng"@en	<http://www.wikidata.org/entity/Q45632334>	<http://www.wikidata.org/entity/Q6581097>	"male"@en	"Qing dynasty person CBDB = 79177"@en
"Wang Feng"@en	<http://www.wikidata.org/entity/Q45642456>	<http://www.wikidata.org/entity/Q6581097>	"male"@en	"Ming dynasty person CBDB = 127534"@en
"Wang Feng"@en	<http://www.wikidata.org/entity/Q45643911>	<http://www.wikidata.org/entity/Q6581097>	"male"@en	"Ming dynasty person CBDB = 201386"@en
"Wang Feng"@en	<http://www.wikidata.org/entity/Q45650772>	<http://www.wikidata.org/entity/Q6581097>	"male"@en	"Ming dynasty person CBDB = 271839"@en
"Wang Feng"@en	<http://www.wikidata.org/entity/Q45675708>	<http://www.wikidata.org/entity/Q6581097>	"male"@en	"person, CBDB = 155479"@en
"Wang Feng"@en	<http://www.wikidata.org/entity/Q45680352>	<http://www.wikidata.org/entity/Q6581097>	"male"@en	"Tang dynasty person CBDB = 175948"@en
"Wang Feng"@en	<http://www.wikidata.org/entity/Q45680432>	<http://www.wikidata.org/entity/Q6581097>	"male"@en	"Tang dynasty person CBDB = 186501"@en
"Jacques Rancière"@en	<http://www.wikidata.org/entity/Q467470>	<http://www.wikidata.org/entity/Q6581097>	"male"@en	"French philosopher (1940 - )"@en
"Sandra Harding"@en	<http://www.wikidata.org/entity/Q469565>	<http://www.wikidata.org/entity/Q6581072>	"female"@en	"American philosopher of feminist theory, postcolonial theory, and epistemology"@en
"Alfred Marshall"@en	<http://www.wikidata.org/entity/Q4723126>	<http://www.wikidata.org/entity/Q6581097>	"male"@en	"American politician (1797-1868)"@en
"George E. Marcus"@en	<http://www.wikidata.org/entity/Q472339>	<http://www.wikidata.org/entity/Q6581097>	"male"@en	"American anthropologist, university professor, magazine editor"@en
"Marianne Weber"@en	<http://www.wikidata.org/entity/Q47469582>	<http://www.wikidata.org/entity/Q6581072>	"female"@en	"German rower"@en
"Belinda Bozzoli"@en	<http://www.wikidata.org/entity/Q47529914>	<http://www.wikidata.org/entity/Q6581072>	"female"@en	"South African academic and politician"@en
"Angela McRobbie"@en	<http://www.wikidata.org/entity/Q4762514>	<http://www.wikidata.org/entity/Q6581072>	"female"@en	"British academic"@en
"Angela Sidney"@en	<http://www.wikidata.org/entity/Q4762554>	<http://www.wikidata.org/entity/Q6581072>	"female"@en	"Storyteller, author"@en
"Dori Laub"@en	<http://www.wikidata.org/entity/Q47899967>	<http://www.wikidata.org/entity/Q6581097>	"male"@en	"Israeli psychiatrist"@en
"Wang Feng"@en	<http://www.wikidata.org/entity/Q48833380>	<http://www.wikidata.org/entity/Q6581097>	"male"@en	"association football player"@en
"Luce Giard"@en	<http://www.wikidata.org/entity/Q48926800>	<http://www.wikidata.org/entity/Q6581072>	"female"@en	"French historian of science (1950-)"@en
"Brian Vickers"@en	<http://www.wikidata.org/entity/Q4965539>	<http://www.wikidata.org/entity/Q6581097>	"male"@en	"British literary scholar"@en
"Charles Grosvenor Osgood"@en	<http://www.wikidata.org/entity/Q49819144>	<http://www.wikidata.org/entity/Q6581097>	"male"@en	"American academic (1871–1964)"@en
"John Stuart Mill"@en	<http://www.wikidata.org/entity/Q50020>	<http://www.wikidata.org/entity/Q6581097>	"male"@en	"British philosopher and political economist (1806–1873)"@en
"Chandler Davis"@en	<http://www.wikidata.org/entity/Q5071161>	<http://www.wikidata.org/entity/Q6581097>	"male"@en	"Canadian mathematician and writer (1926–2022)"@en
"Franz Neumann"@en	<http://www.wikidata.org/entity/Q51010943>	<http://www.wikidata.org/entity/Q6581097>	"male"@en	
"Christopher Freeman"@en	<http://www.wikidata.org/entity/Q5106593>	<http://www.wikidata.org/entity/Q6581097>	"male"@en	"British biochemist, Professor at Bangor University"@en
"Jean Cavaillès"@en	<http://www.wikidata.org/entity/Q515633>	<http://www.wikidata.org/entity/Q6581097>	"male"@en	"French philosopher and mathematician (1903–1944)"@en
"Steve Woolgar"@en	<http://www.wikidata.org/entity/Q521895>	<http://www.wikidata.org/entity/Q6581097>	"male"@en	"British sociologist"@en
"Ludwik Fleck"@en	<http://www.wikidata.org/entity/Q523087>	<http://www.wikidata.org/entity/Q6581097>	"male"@en	"Polish physician (1896–1961)"@en
"David Harvey"@en	<http://www.wikidata.org/entity/Q5234791>	<http://www.wikidata.org/entity/Q6581097>	"male"@en	"Irish businessman"@en
"David Ricardo"@en	<http://www.wikidata.org/entity/Q5239023>	<http://www.wikidata.org/entity/Q6581097>	"male"@en	"British politician (1803-1864)"@en
"Dick Hughes"@en	<http://www.wikidata.org/entity/Q5273035>	<http://www.wikidata.org/entity/Q6581097>	"male"@en	"American baseball player"@en
"Dick Hughes"@en	<http://www.wikidata.org/entity/Q5273036>	<http://www.wikidata.org/entity/Q6581097>	"male"@en	"English footballer (1902-1984)"@en
"Elizabeth Lapovsky Kennedy"@en	<http://www.wikidata.org/entity/Q5363102>	<http://www.wikidata.org/entity/Q6581072>	"female"@en	"American feminist"@en
"Eric Dunning"@en	<http://www.wikidata.org/entity/Q5386404>	<http://www.wikidata.org/entity/Q6581097>	"male"@en	"sociologist"@en
"Erich Auerbach"@en	<http://www.wikidata.org/entity/Q5387999>	<http://www.wikidata.org/entity/Q6581097>	"male"@en	"Czech-British photographer (1911-1977)"@en
"Lytton Strachey"@en	<http://www.wikidata.org/entity/Q540427>	<http://www.wikidata.org/entity/Q6581097>	"male"@en	"English writer (1880–1932)"@en
"William Mason"@en	<http://www.wikidata.org/entity/Q54296161>	<http://www.wikidata.org/entity/Q6581097>	"male"@en	"(c.1572-c.1627) of Gray's Inn, London and Bury St. Edmunds, Suff"@en
"Richard Tuck"@en	<http://www.wikidata.org/entity/Q54629043>	<http://www.wikidata.org/entity/Q6581097>	"male"@en	"British academic"@en
"Simon Schaffer"@en	<http://www.wikidata.org/entity/Q547039>	<http://www.wikidata.org/entity/Q6581097>	"male"@en	"British historian of science"@en
"Frances James"@en	<http://www.wikidata.org/entity/Q5478749>	<http://www.wikidata.org/entity/Q6581072>	"female"@en	"American ecologist"@en
"Dick Hughes"@en	<http://www.wikidata.org/entity/Q54913396>	<http://www.wikidata.org/entity/Q6581097>	"male"@en	"Australian jazz pianist, singer and journalist"@en
"Edmund Leach"@en	<http://www.wikidata.org/entity/Q550729>	<http://www.wikidata.org/entity/Q6581097>	"male"@en	"British social anthropologist (1910–1989)"@en
"John Law"@en	<http://www.wikidata.org/entity/Q55367493>	<http://www.wikidata.org/entity/Q6581097>	"male"@en	"Scottish footballer"@en
"George Unwin"@en	<http://www.wikidata.org/entity/Q5545398>	<http://www.wikidata.org/entity/Q6581097>	"male"@en	"British flying ace"@en
"John Law"@en	<http://www.wikidata.org/entity/Q55615208>	<http://www.wikidata.org/entity/Q6581097>	"male"@en	"English priest (1738-1827)"@en
"Jean-Noël Biraben"@en	<http://www.wikidata.org/entity/Q55621264>	<http://www.wikidata.org/entity/Q6581097>	"male"@en	"French physician and demographer"@en
"Gonzalo Sánchez"@en	<http://www.wikidata.org/entity/Q5582262>	<http://www.wikidata.org/entity/Q6581097>	"male"@en	"Negro League Baseball player"@en
"Arjun Appadurai"@en	<http://www.wikidata.org/entity/Q560986>	<http://www.wikidata.org/entity/Q6581097>	"male"@en	"social-cultural anthropologist (born 1949)"@en
"Paul Connerton"@en	<http://www.wikidata.org/entity/Q5611401>	<http://www.wikidata.org/entity/Q6581097>	"male"@en	"British sociologist"@en
"Anke Voss-Hubbard"@en	<http://www.wikidata.org/entity/Q56421733>	<http://www.wikidata.org/entity/Q6581072>	"female"@en	"US archivist and feminist"@en
"Harry Collins"@en	<http://www.wikidata.org/entity/Q5668003>	<http://www.wikidata.org/entity/Q6581097>	"male"@en	"Australian rules footballer (1892-1918)"@en
"William Mason"@en	<http://www.wikidata.org/entity/Q56701924>	<http://www.wikidata.org/entity/Q6581097>	"male"@en	"British engraver (1809-1875)"@en
"Paolo Rossi"@en	<http://www.wikidata.org/entity/Q56743799>	<http://www.wikidata.org/entity/Q6581097>	"male"@en	"researcher (ORCID 0000-0003-2620-7918)"@en
"Nira Yuval-Davis"@en	<http://www.wikidata.org/entity/Q56872942>	<http://www.wikidata.org/entity/Q6581072>	"female"@en	"British academic in sociology"@en
"Erich Fromm"@en	<http://www.wikidata.org/entity/Q57085>	<http://www.wikidata.org/entity/Q6581097>	"male"@en	"German-American sociologist and psychoanalyst (1900–1980)"@en
"Erich Auerbach"@en	<http://www.wikidata.org/entity/Q57603>	<http://www.wikidata.org/entity/Q6581097>	"male"@en	"German philologist (1892-1957)"@en
"Anthony D. King"@en	<http://www.wikidata.org/entity/Q58110675>	<http://www.wikidata.org/entity/Q6581097>	"male"@en	"architectural historian and sociologist"@en
"Felix Driver"@en	<http://www.wikidata.org/entity/Q58212019>	<http://www.wikidata.org/entity/Q6581097>	"male"@en	"geographer"@en
"David Kaufmann"@en	<http://www.wikidata.org/entity/Q58229649>	<http://www.wikidata.org/entity/Q6581097>	"male"@en	"Swiss political scientist and assistant professor of spatial development and urban policy at the Swiss Federal Institute of Technology (ETH)"@en
"Edmund Husserl"@en	<http://www.wikidata.org/entity/Q58586>	<http://www.wikidata.org/entity/Q6581097>	"male"@en	"German philosopher, known as the father of phenomenology (*1859 – †1938)"@en
"Gonzalo Sánchez"@en	<http://www.wikidata.org/entity/Q5883294>	<http://www.wikidata.org/entity/Q6581097>	"male"@en	
"Anton Blok"@en	<http://www.wikidata.org/entity/Q588350>	<http://www.wikidata.org/entity/Q6581097>	"male"@en	"Dutch anthropologist (1935–2024)"@en
"Henri Wallon"@en	<http://www.wikidata.org/entity/Q589355>	<http://www.wikidata.org/entity/Q6581097>	"male"@en	"French politician (1812-1904)"@en
"Anna Davin"@en	<http://www.wikidata.org/entity/Q59143386>	<http://www.wikidata.org/entity/Q6581072>	"female"@en	"British feminist historian"@en
"Lionel Giles"@en	<http://www.wikidata.org/entity/Q59188>	<http://www.wikidata.org/entity/Q6581097>	"male"@en	"British sinologist, writer and philosopher (1875–1958)"@en
"Lester-Irabinna Rigney"@en	<http://www.wikidata.org/entity/Q59201562>	<http://www.wikidata.org/entity/Q6581097>	"male"@en	"Australian education researcher"@en
"Howard Winant"@en	<http://www.wikidata.org/entity/Q5921272>	<http://www.wikidata.org/entity/Q6581097>	"male"@en	"American sociologist"@en
"Pierre Mayol"@en	<http://www.wikidata.org/entity/Q59524767>	<http://www.wikidata.org/entity/Q6581097>	"male"@en	"born:1945-07-08|died:2007-10-00|; Mayol, Pierre, 1945-2007"@en
"Albert Riedlinger"@en	<http://www.wikidata.org/entity/Q59529670>	<http://www.wikidata.org/entity/Q6581097>	"male"@en	"born:1882|died:1978|; Riedlinger, Albert, 1882-1978"@en
"Lionel Bataillon"@en	<http://www.wikidata.org/entity/Q59533237>	<http://www.wikidata.org/entity/Q6581097>	"male"@en	"born:1891|died:1961|; Bataillon, Lionel; Bataillon, Lionel, 1891-1961; Bataillion, Lionel; Bataillion, Lionel, 1891-"@en
"Herbert Marcuse"@en	<http://www.wikidata.org/entity/Q60030>	<http://www.wikidata.org/entity/Q6581097>	"male"@en	"German philosopher, sociologist, and political theorist (1898–1979)"@en
"Aby Warburg"@en	<http://www.wikidata.org/entity/Q60185>	<http://www.wikidata.org/entity/Q6581097>	"male"@en	"German art historian and cultural theorist (1866–1929)"@en
"Lise Vogel"@en	<http://www.wikidata.org/entity/Q60302384>	<http://www.wikidata.org/entity/Q6581072>	"female"@en	"American Marxist-feminist sociologist and art historian (b. 1938)"@en
"Alexander Kluge"@en	<http://www.wikidata.org/entity/Q60637>	<http://www.wikidata.org/entity/Q6581097>	"male"@en	"German writer, philosopher, academic and film director (1932–2026)"@en
"J. T. Murphy"@en	<http://www.wikidata.org/entity/Q6107199>	<http://www.wikidata.org/entity/Q6581097>	"male"@en	"British politician"@en
"Walter Benjamin"@en	<http://www.wikidata.org/entity/Q61078>	<http://www.wikidata.org/entity/Q6581097>	"male"@en	"German cultural critic, philosopher and social critic (1892–1940)"@en
"Bertha Pappenheim"@en	<http://www.wikidata.org/entity/Q61178>	<http://www.wikidata.org/entity/Q6581072>	"female"@en	"Austrian feminist (1859–1936)"@en
"Paolo Rossi"@en	<http://www.wikidata.org/entity/Q61481777>	<http://www.wikidata.org/entity/Q6581097>	"male"@en	"author (1856-1938)"@en
"Paolo Rossi"@en	<http://www.wikidata.org/entity/Q61481778>	<http://www.wikidata.org/entity/Q6581097>	"male"@en	"author (1927-2017)"@en
"Jane M. Jacobs"@en	<http://www.wikidata.org/entity/Q6152513>	<http://www.wikidata.org/entity/Q6581072>	"female"@en	"Australian geographer"@en
"David Ricardo"@en	<http://www.wikidata.org/entity/Q62006021>	<http://www.wikidata.org/entity/Q6581097>	"male"@en	"Mexican playwright"@en
"David Harvey"@en	<http://www.wikidata.org/entity/Q62018273>	<http://www.wikidata.org/entity/Q6581097>	"male"@en	"British structural engineer"@en
"Oskar Negt"@en	<http://www.wikidata.org/entity/Q62239>	<http://www.wikidata.org/entity/Q6581097>	"male"@en	"German philosopher (1934–2024)"@en
"Gonzalo Sánchez"@en	<http://www.wikidata.org/entity/Q62287032>	<http://www.wikidata.org/entity/Q6581097>	"male"@en	"Peruvian association football player"@en
"John Law"@en	<http://www.wikidata.org/entity/Q6244134>	<http://www.wikidata.org/entity/Q6581097>	"male"@en	"Australian rules footballer"@en
"John Law"@en	<http://www.wikidata.org/entity/Q6244136>	<http://www.wikidata.org/entity/Q6581097>	"male"@en	"American artist"@en
"John Law"@en	<http://www.wikidata.org/entity/Q6244138>	<http://www.wikidata.org/entity/Q6581097>	"male"@en	"Irish bishop"@en
"John Law"@en	<http://www.wikidata.org/entity/Q6244142>	<http://www.wikidata.org/entity/Q6581097>	"male"@en	"Hong Kong film director"@en
"John Law"@en	<http://www.wikidata.org/entity/Q6244146>	<http://www.wikidata.org/entity/Q6581097>	"male"@en	"British musician"@en
"John M. Janzen"@en	<http://www.wikidata.org/entity/Q6245849>	<http://www.wikidata.org/entity/Q6581097>	"male"@en	"American anthropologist"@en
"Paul Rée"@en	<http://www.wikidata.org/entity/Q62596>	<http://www.wikidata.org/entity/Q6581097>	"male"@en	"Prussian Doctor (1849–1901)"@en
"Christopher Freeman"@en	<http://www.wikidata.org/entity/Q62933905>	<http://www.wikidata.org/entity/Q6581097>	"male"@en	"researcher"@en
"David Harvey"@en	<http://www.wikidata.org/entity/Q63101114>	<http://www.wikidata.org/entity/Q6581097>	"male"@en	"mathematician (Ph.D. Harvard University 2008)"@en
"George Steiner"@en	<http://www.wikidata.org/entity/Q63708797>	<http://www.wikidata.org/entity/Q6581097>	"male"@en	"Hugnarian-born composer (1900–1967)"@en
"George Steiner"@en	<http://www.wikidata.org/entity/Q63708821>	<http://www.wikidata.org/entity/Q6581097>	"male"@en	"Canadian mathematician"@en
"George Steiner"@en	<http://www.wikidata.org/entity/Q63708850>	<http://www.wikidata.org/entity/Q6581097>	"male"@en	"physician, born 11 Mar. 1936"@en
"Kenneth Burke"@en	<http://www.wikidata.org/entity/Q6389917>	<http://www.wikidata.org/entity/Q6581097>	"male"@en	"Irish hurler"@en
"Igor Kopytoff"@en	<http://www.wikidata.org/entity/Q63981705>	<http://www.wikidata.org/entity/Q6581097>	"male"@en	"American anthropologist"@en
"Wang Feng"@en	<http://www.wikidata.org/entity/Q64015717>	<http://www.wikidata.org/entity/Q6581097>	"male"@en	"native of Shanyin during the Qing Dynasty"@en
"Kimberlé Crenshaw"@en	<http://www.wikidata.org/entity/Q6409990>	<http://www.wikidata.org/entity/Q6581072>	"female"@en	"American legal academic (born 1959)"@en
"Karl Knies"@en	<http://www.wikidata.org/entity/Q64265>	<http://www.wikidata.org/entity/Q6581097>	"male"@en	"German economist and university lecturer (1821-1898)"@en
"John Law"@en	<http://www.wikidata.org/entity/Q645685>	<http://www.wikidata.org/entity/Q6581097>	"male"@en	"British sociologist"@en
"Amy Louise Erickson"@en	<http://www.wikidata.org/entity/Q64597133>	<http://www.wikidata.org/entity/Q6581072>	"female"@en	"historian"@en
"Anna Davin"@en	<http://www.wikidata.org/entity/Q64605828>	<http://www.wikidata.org/entity/Q6581072>	"female"@en	"researcher"@en
"Anna Davin"@en	<http://www.wikidata.org/entity/Q64707077>	<http://www.wikidata.org/entity/Q6581072>	"female"@en	
"John Law"@en	<http://www.wikidata.org/entity/Q65084379>	<http://www.wikidata.org/entity/Q6581097>	"male"@en	"Scottish Presbyterian minister"@en
"Jürgen Kocka"@en	<http://www.wikidata.org/entity/Q65770>	<http://www.wikidata.org/entity/Q6581097>	"male"@en	"German historian"@en
"Wang Feng"@en	<http://www.wikidata.org/entity/Q65905155>	<http://www.wikidata.org/entity/Q6581097>	"male"@en	"person, CBDB ID = 438260"@en
"Wang Feng"@en	<http://www.wikidata.org/entity/Q65907369>	<http://www.wikidata.org/entity/Q6581097>	"male"@en	"person, CBDB ID = 378881"@en
"Wang Feng"@en	<http://www.wikidata.org/entity/Q65914279>	<http://www.wikidata.org/entity/Q6581097>	"male"@en	"person, CBDB ID = 411445"@en
"Wang Feng"@en	<http://www.wikidata.org/entity/Q65914345>	<http://www.wikidata.org/entity/Q6581097>	"male"@en	"person, China Biographical Database ID=381233"@en
"Hippolyte Bernheim"@en	<http://www.wikidata.org/entity/Q661050>	<http://www.wikidata.org/entity/Q6581097>	"male"@en	"French physician and neurologist (1840-1919)"@en
"Marianne Weber"@en	<http://www.wikidata.org/entity/Q66916>	<http://www.wikidata.org/entity/Q6581072>	"female"@en	"German women's rights activist and legal historian (1870-1954)"@en
"Madhav Gadgil"@en	<http://www.wikidata.org/entity/Q6727256>	<http://www.wikidata.org/entity/Q6581097>	"male"@en	"Indian ecologist, writer, environmental activist"@en
"Margaret Storrs Grierson"@en	<http://www.wikidata.org/entity/Q6759931>	<http://www.wikidata.org/entity/Q6581072>	"female"@en	"Founder and first director, Sophia Smith Collection, Smith College (1900-1997)"@en
"Michael Omi"@en	<http://www.wikidata.org/entity/Q6833247>	<http://www.wikidata.org/entity/Q6581097>	"male"@en	"جامعهشناس آمریکایی"@en
"Paolo Rossi"@en	<http://www.wikidata.org/entity/Q686429>	<http://www.wikidata.org/entity/Q6581097>	"male"@en	"Italian philosopher and science historian (1923-2012)"@en
"Nevitt Sanford"@en	<http://www.wikidata.org/entity/Q7004982>	<http://www.wikidata.org/entity/Q6581097>	"male"@en	"professor of psychology at the University of California at Berkeley (1909–1995)"@en
"Nigel Smith"@en	<http://www.wikidata.org/entity/Q7032645>	<http://www.wikidata.org/entity/Q6581097>	"male"@en	"Olympic skier"@en
"Nigel Smith"@en	<http://www.wikidata.org/entity/Q7032646>	<http://www.wikidata.org/entity/Q6581097>	"male"@en	"professional footballer (born 1958)"@en
"Nigel Smith"@en	<http://www.wikidata.org/entity/Q7032648>	<http://www.wikidata.org/entity/Q6581097>	"male"@en	"English footballer (born 1969)"@en
"Nigel Smith"@en	<http://www.wikidata.org/entity/Q7032649>	<http://www.wikidata.org/entity/Q6581097>	"male"@en	"British racing driver"@en
"Wang Feng"@en	<http://www.wikidata.org/entity/Q704990>	<http://www.wikidata.org/entity/Q6581097>	"male"@en	"Chinese diver"@en
"Alexander Gerschenkron"@en	<http://www.wikidata.org/entity/Q709886>	<http://www.wikidata.org/entity/Q6581097>	"male"@en	"American economist (1904–1978)"@en
"Paolo Rossi"@en	<http://www.wikidata.org/entity/Q7132241>	<http://www.wikidata.org/entity/Q6581097>	"male"@en	"Italian footballer (1982)"@en
"Paul Willis"@en	<http://www.wikidata.org/entity/Q7154408>	<http://www.wikidata.org/entity/Q6581097>	"male"@en	"American actor (1901-1960)"@en
"Paul Willis"@en	<http://www.wikidata.org/entity/Q7154409>	<http://www.wikidata.org/entity/Q6581097>	"male"@en	"Cricket player (born 1952)"@en
"Paul Willis"@en	<http://www.wikidata.org/entity/Q7154410>	<http://www.wikidata.org/entity/Q6581097>	"male"@en	"Scottish footballer (born 1991)"@en
"Peter Temin"@en	<http://www.wikidata.org/entity/Q7177268>	<http://www.wikidata.org/entity/Q6581097>	"male"@en	"American economist (1937–2025)"@en
"Ranginui Walker"@en	<http://www.wikidata.org/entity/Q7292840>	<http://www.wikidata.org/entity/Q6581097>	"male"@en	"New Zealand writer and academic (1932–2016)"@en
"Rhoda Power"@en	<http://www.wikidata.org/entity/Q7320855>	<http://www.wikidata.org/entity/Q6581072>	"female"@en	"British broadcaster (1890–1957)"@en
"Charles F. Pidgin"@en	<http://www.wikidata.org/entity/Q73423127>	<http://www.wikidata.org/entity/Q6581097>	"male"@en	"patent holder"@en
"Robert D. Bullard"@en	<http://www.wikidata.org/entity/Q7343289>	<http://www.wikidata.org/entity/Q6581097>	"male"@en	"American sociologist known as the father of environmental justice"@en
"Robert Kelley"@en	<http://www.wikidata.org/entity/Q7346296>	<http://www.wikidata.org/entity/Q6581097>	"male"@en	"President of the University of North Dakota"@en
"Michael Frisch"@en	<http://www.wikidata.org/entity/Q73677273>	<http://www.wikidata.org/entity/Q6581097>	"male"@en	"urban planning researcher"@en
"George Perkins Marsh"@en	<http://www.wikidata.org/entity/Q748127>	<http://www.wikidata.org/entity/Q6581097>	"male"@en	"American politician (1801-1882)"@en
"Mary Douglas"@en	<http://www.wikidata.org/entity/Q75257132>	<http://www.wikidata.org/entity/Q6581072>	"female"@en	"Peerage person ID=16583"@en
"John Law"@en	<http://www.wikidata.org/entity/Q75341349>	<http://www.wikidata.org/entity/Q6581097>	"male"@en	"Peerage person ID=74703"@en
"Harry Collins"@en	<http://www.wikidata.org/entity/Q75357955>	<http://www.wikidata.org/entity/Q6581097>	"male"@en	"Peerage person ID=85936"@en
"Mary Douglas"@en	<http://www.wikidata.org/entity/Q75364466>	<http://www.wikidata.org/entity/Q6581072>	"female"@en	"(died 1921)"@en
"David Harvey"@en	<http://www.wikidata.org/entity/Q75427665>	<http://www.wikidata.org/entity/Q6581097>	"male"@en	"(died 1788)"@en
"Frances James"@en	<http://www.wikidata.org/entity/Q75442952>	<http://www.wikidata.org/entity/Q6581072>	"female"@en	"Peerage person ID=144561"@en
"Mary Douglas"@en	<http://www.wikidata.org/entity/Q75443583>	<http://www.wikidata.org/entity/Q6581072>	"female"@en	"Peerage person ID=144931"@en
"Mary Douglas"@en	<http://www.wikidata.org/entity/Q75469205>	<http://www.wikidata.org/entity/Q6581072>	"female"@en	"Peerage person ID=161492"@en
"James Tully"@en	<http://www.wikidata.org/entity/Q75497218>	<http://www.wikidata.org/entity/Q6581097>	"male"@en	"Peerage person ID=177628"@en
"Judith Butler"@en	<http://www.wikidata.org/entity/Q75611264>	<http://www.wikidata.org/entity/Q6581072>	"female"@en	"(died 1749)"@en
"Judith Butler"@en	<http://www.wikidata.org/entity/Q75634674>	<http://www.wikidata.org/entity/Q6581072>	"female"@en	"Peerage person ID=260521"@en
"William Mason"@en	<http://www.wikidata.org/entity/Q75652469>	<http://www.wikidata.org/entity/Q6581097>	"male"@en	"Peerage person ID=273411"@en
"John Law"@en	<http://www.wikidata.org/entity/Q75678437>	<http://www.wikidata.org/entity/Q6581097>	"male"@en	"(died 1827)"@en
"Brian Vickers"@en	<http://www.wikidata.org/entity/Q75689335>	<http://www.wikidata.org/entity/Q6581097>	"male"@en	"Peerage person ID=289381"@en
"Tony Bennett"@en	<http://www.wikidata.org/entity/Q75737837>	<http://www.wikidata.org/entity/Q6581097>	"male"@en	"Peerage person ID=309329"@en
"James Tully"@en	<http://www.wikidata.org/entity/Q75743822>	<http://www.wikidata.org/entity/Q6581097>	"male"@en	"Peerage person ID=312186"@en
"William Mason"@en	<http://www.wikidata.org/entity/Q75799394>	<http://www.wikidata.org/entity/Q6581097>	"male"@en	"Peerage person ID=339575"@en
"John Law"@en	<http://www.wikidata.org/entity/Q75850467>	<http://www.wikidata.org/entity/Q6581097>	"male"@en	"Peerage person ID=354638"@en
"David Harvey"@en	<http://www.wikidata.org/entity/Q75851457>	<http://www.wikidata.org/entity/Q6581097>	"male"@en	"Peerage person ID=355357"@en
"William Ashley"@en	<http://www.wikidata.org/entity/Q75869670>	<http://www.wikidata.org/entity/Q6581097>	"male"@en	"Peerage person ID=368714"@en
"Alfred Thayer Mahan"@en	<http://www.wikidata.org/entity/Q75879730>	<http://www.wikidata.org/entity/Q6581097>	"male"@en	"Peerage person ID=376063"@en
"Stuart Hall"@en	<http://www.wikidata.org/entity/Q75915063>	<http://www.wikidata.org/entity/Q6581097>	"male"@en	"Peerage person ID=400816"@en
"Mary Douglas"@en	<http://www.wikidata.org/entity/Q75917658>	<http://www.wikidata.org/entity/Q6581072>	"female"@en	"(died 1903)"@en
"Mary Douglas"@en	<http://www.wikidata.org/entity/Q75951655>	<http://www.wikidata.org/entity/Q6581072>	"female"@en	"(died 1926)"@en
"William Mason"@en	<http://www.wikidata.org/entity/Q75956624>	<http://www.wikidata.org/entity/Q6581097>	"male"@en	"Peerage person ID=428863"@en
"Alfred Marshall"@en	<http://www.wikidata.org/entity/Q75980746>	<http://www.wikidata.org/entity/Q6581097>	"male"@en	"(1838-1892)"@en
"Mary Douglas"@en	<http://www.wikidata.org/entity/Q76016998>	<http://www.wikidata.org/entity/Q6581072>	"female"@en	"Peerage person ID=470103"@en
"James Boswell"@en	<http://www.wikidata.org/entity/Q76026355>	<http://www.wikidata.org/entity/Q6581097>	"male"@en	"Peerage person ID=477191"@en
"Mary Douglas"@en	<http://www.wikidata.org/entity/Q76061638>	<http://www.wikidata.org/entity/Q6581072>	"female"@en	"Peerage person ID=503666"@en
"John Law"@en	<http://www.wikidata.org/entity/Q76066118>	<http://www.wikidata.org/entity/Q6581097>	"male"@en	"Peerage person ID=506992"@en
"Mary Douglas"@en	<http://www.wikidata.org/entity/Q76070882>	<http://www.wikidata.org/entity/Q6581072>	"female"@en	"Peerage person ID=509923"@en
"Melanie Klein"@en	<http://www.wikidata.org/entity/Q76081557>	<http://www.wikidata.org/entity/Q6581072>	"female"@en	"Peerage person ID=517379"@en
"Mary Douglas"@en	<http://www.wikidata.org/entity/Q76084026>	<http://www.wikidata.org/entity/Q6581072>	"female"@en	"Peerage person ID=519252"@en
"Mary Douglas"@en	<http://www.wikidata.org/entity/Q76092924>	<http://www.wikidata.org/entity/Q6581072>	"female"@en	"Peerage person ID=525503"@en
"David Ricardo"@en	<http://www.wikidata.org/entity/Q76104822>	<http://www.wikidata.org/entity/Q6581097>	"male"@en	"Peerage person ID=533976"@en
"William Mason"@en	<http://www.wikidata.org/entity/Q76105837>	<http://www.wikidata.org/entity/Q6581097>	"male"@en	"Peerage person ID=534727"@en
"Mary Douglas"@en	<http://www.wikidata.org/entity/Q76107078>	<http://www.wikidata.org/entity/Q6581072>	"female"@en	"(died 1786)"@en
"Frances James"@en	<http://www.wikidata.org/entity/Q76117192>	<http://www.wikidata.org/entity/Q6581072>	"female"@en	"Peerage person ID=542737"@en
"William Mason"@en	<http://www.wikidata.org/entity/Q76124638>	<http://www.wikidata.org/entity/Q6581097>	"male"@en	"Peerage person ID=548060"@en
"Reinhard Bendix"@en	<http://www.wikidata.org/entity/Q76175>	<http://www.wikidata.org/entity/Q6581097>	"male"@en	"German-American sociologist"@en
"Frances James"@en	<http://www.wikidata.org/entity/Q76182727>	<http://www.wikidata.org/entity/Q6581072>	"female"@en	"(born 1841)"@en
"Mary Douglas"@en	<http://www.wikidata.org/entity/Q76191842>	<http://www.wikidata.org/entity/Q6581072>	"female"@en	"Peerage person ID=593702"@en
"Mary Douglas"@en	<http://www.wikidata.org/entity/Q76210502>	<http://www.wikidata.org/entity/Q6581072>	"female"@en	"Peerage person ID=606659"@en
"William Mason"@en	<http://www.wikidata.org/entity/Q76250882>	<http://www.wikidata.org/entity/Q6581097>	"male"@en	"Peerage person ID=637349"@en
"Mary Douglas"@en	<http://www.wikidata.org/entity/Q76251486>	<http://www.wikidata.org/entity/Q6581072>	"female"@en	"Peerage person ID=637798"@en
"Raymond Williams"@en	<http://www.wikidata.org/entity/Q76262605>	<http://www.wikidata.org/entity/Q6581097>	"male"@en	"Peerage person ID=646124"@en
"George Unwin"@en	<http://www.wikidata.org/entity/Q76265250>	<http://www.wikidata.org/entity/Q6581097>	"male"@en	"Peerage person ID=648203"@en
"Stuart Hall"@en	<http://www.wikidata.org/entity/Q7626610>	<http://www.wikidata.org/entity/Q6581097>	"male"@en	"British boxer"@en
"Stuart Hall"@en	<http://www.wikidata.org/entity/Q7626612>	<http://www.wikidata.org/entity/Q6581097>	"male"@en	"racecar driver"@en
"William Mason"@en	<http://www.wikidata.org/entity/Q76291250>	<http://www.wikidata.org/entity/Q6581097>	"male"@en	"Peerage person ID=667028"@en
"Mary Douglas"@en	<http://www.wikidata.org/entity/Q76307673>	<http://www.wikidata.org/entity/Q6581072>	"female"@en	"(1836-1840)"@en
"Mary Douglas"@en	<http://www.wikidata.org/entity/Q76307677>	<http://www.wikidata.org/entity/Q6581072>	"female"@en	"(1796-1823)"@en
"Mary Douglas"@en	<http://www.wikidata.org/entity/Q76310208>	<http://www.wikidata.org/entity/Q6581072>	"female"@en	"Peerage person ID=679322"@en
"Mary Douglas"@en	<http://www.wikidata.org/entity/Q76310890>	<http://www.wikidata.org/entity/Q6581072>	"female"@en	"Peerage person ID=679724"@en
"David Harvey"@en	<http://www.wikidata.org/entity/Q76317234>	<http://www.wikidata.org/entity/Q6581097>	"male"@en	"Peerage person ID=684060"@en
"Mary Douglas"@en	<http://www.wikidata.org/entity/Q76332762>	<http://www.wikidata.org/entity/Q6581072>	"female"@en	"Peerage person ID=695397"@en
"Jürgen Habermas"@en	<http://www.wikidata.org/entity/Q76357>	<http://www.wikidata.org/entity/Q6581097>	"male"@en	"German sociologist and philosopher (1929–2026)"@en
"Alfred Marshall"@en	<http://www.wikidata.org/entity/Q76361556>	<http://www.wikidata.org/entity/Q6581097>	"male"@en	"Peerage person ID=711436"@en
"Siegfried Kracauer"@en	<http://www.wikidata.org/entity/Q76435>	<http://www.wikidata.org/entity/Q6581097>	"male"@en	"German writer, journalist, sociologist, cultural critic, and film theorist (1889-1966)"@en
"Friedrich Schleiermacher"@en	<http://www.wikidata.org/entity/Q76576>	<http://www.wikidata.org/entity/Q6581097>	"male"@en	"German theologian, philosopher, and biblical scholar (1768-1834)"@en
"Max Horkheimer"@en	<http://www.wikidata.org/entity/Q76826>	<http://www.wikidata.org/entity/Q6581097>	"male"@en	"German philosopher and sociologist (1895–1973)"@en
"Franz Boas"@en	<http://www.wikidata.org/entity/Q76857>	<http://www.wikidata.org/entity/Q6581097>	"male"@en	"German-American anthropologist"@en
"Harry Collins"@en	<http://www.wikidata.org/entity/Q769751>	<http://www.wikidata.org/entity/Q6581097>	"male"@en	"British sociologist of science"@en
"Heinrich Rickert"@en	<http://www.wikidata.org/entity/Q77012>	<http://www.wikidata.org/entity/Q6581097>	"male"@en	"German philosopher (1863-1936)"@en
"Leo Löwenthal"@en	<http://www.wikidata.org/entity/Q77146>	<http://www.wikidata.org/entity/Q6581097>	"male"@en	"German sociologist (1900–1993)"@en
"Friedrich Pollock"@en	<http://www.wikidata.org/entity/Q77175>	<http://www.wikidata.org/entity/Q6581097>	"male"@en	"German social scientist (1894–1970)"@en
"Bruno Hildebrand"@en	<http://www.wikidata.org/entity/Q77667>	<http://www.wikidata.org/entity/Q6581097>	"male"@en	"German economist (1812-1878)"@en
"Tony Bennett"@en	<http://www.wikidata.org/entity/Q7821881>	<http://www.wikidata.org/entity/Q6581097>	"male"@en	"American football player"@en
"Tony Bennett"@en	<http://www.wikidata.org/entity/Q7821882>	<http://www.wikidata.org/entity/Q6581097>	"male"@en	"American politician"@en
"Tony Bennett"@en	<http://www.wikidata.org/entity/Q7821883>	<http://www.wikidata.org/entity/Q6581097>	"male"@en	"British sociologist (1947-)"@en
"Anna Freud"@en	<http://www.wikidata.org/entity/Q78485>	<http://www.wikidata.org/entity/Q6581072>	"female"@en	"austrian-British psychoanalyst (1895–1982)"@en
"Victor Turner"@en	<http://www.wikidata.org/entity/Q7926403>	<http://www.wikidata.org/entity/Q6581097>	"male"@en	"English-Pakistani civil service officer, statistician and economist (1892-1974)"@en
"Wang Feng"@en	<http://www.wikidata.org/entity/Q7967428>	<http://www.wikidata.org/entity/Q6581072>	"female"@en	"Chinese canoeist"@en
"Wang Feng"@en	<http://www.wikidata.org/entity/Q7967432>	<http://www.wikidata.org/entity/Q6581097>	"male"@en	"Chinese rock musician and composer (born 1971)"@en
"William H. Sewell Jr."@en	<http://www.wikidata.org/entity/Q8010586>	<http://www.wikidata.org/entity/Q6581097>	"male"@en	"American academic"@en
"William Mason"@en	<http://www.wikidata.org/entity/Q8015205>	<http://www.wikidata.org/entity/Q6581097>	"male"@en	"Virginia planter and militiaman of the American Revolutionary War"@en
"William Mason"@en	<http://www.wikidata.org/entity/Q8015206>	<http://www.wikidata.org/entity/Q6581097>	"male"@en	"American gunsmith (1837–1913)"@en
"William Mason"@en	<http://www.wikidata.org/entity/Q8015207>	<http://www.wikidata.org/entity/Q6581097>	"male"@en	"U.S. politician (1786–1860)"@en
"William Mason"@en	<http://www.wikidata.org/entity/Q8015208>	<http://www.wikidata.org/entity/Q6581097>	"male"@en	"cricketer (1811-1865)"@en
"William Mason"@en	<http://www.wikidata.org/entity/Q8015210>	<http://www.wikidata.org/entity/Q6581097>	"male"@en	"American mechanical engineer (1808-1883)"@en
"William Mason"@en	<http://www.wikidata.org/entity/Q8015217>	<http://www.wikidata.org/entity/Q6581097>	"male"@en	"New Zealand architect (1810–1897)"@en
"William Mason"@en	<http://www.wikidata.org/entity/Q8015219>	<http://www.wikidata.org/entity/Q6581097>	"male"@en	"English Calvinist writer"@en
"Charles Blondel"@en	<http://www.wikidata.org/entity/Q821925>	<http://www.wikidata.org/entity/Q6581097>	"male"@en	"French physician, philosopher and psychologist (1876–1939)"@en
"Wang Feng"@en	<http://www.wikidata.org/entity/Q8298441>	<http://www.wikidata.org/entity/Q6581097>	"male"@en	"Chinese politician (1910-1998)"@en
"Melanie Klein"@en	<http://www.wikidata.org/entity/Q82999>	<http://www.wikidata.org/entity/Q6581072>	"female"@en	"British Austrian born psychoanalyst (1882–1960)"@en
"James Epstein"@en	<http://www.wikidata.org/entity/Q83422387>	<http://www.wikidata.org/entity/Q6581097>	"male"@en	"historian"@en
"Carl Menger"@en	<http://www.wikidata.org/entity/Q84177>	<http://www.wikidata.org/entity/Q6581097>	"male"@en	"founder of the Austrian School of economics (1840–1921)"@en
"Josef Breuer"@en	<http://www.wikidata.org/entity/Q84430>	<http://www.wikidata.org/entity/Q6581097>	"male"@en	"Austrian physician (1842-1925)"@en
"Giovanni Arrighi"@en	<http://www.wikidata.org/entity/Q84603545>	<http://www.wikidata.org/entity/Q6581097>	"male"@en	"Italian military (1861-1923)"@en
"Heinrich Rickert"@en	<http://www.wikidata.org/entity/Q84704>	<http://www.wikidata.org/entity/Q6581097>	"male"@en	"German journalist and author (1833-1902)"@en
"Paul Willis"@en	<http://www.wikidata.org/entity/Q84997138>	<http://www.wikidata.org/entity/Q6581097>	"male"@en	"researcher"@en
"Rosika Schwimmer"@en	<http://www.wikidata.org/entity/Q853932>	<http://www.wikidata.org/entity/Q6581072>	"female"@en	"Hungarian activist, editor (1877-1948)"@en
"Franz Neumann"@en	<http://www.wikidata.org/entity/Q85809>	<http://www.wikidata.org/entity/Q6581097>	"male"@en	"Austrian architect and politician (1844–1905)"@en
"Karin Knorr Cetina"@en	<http://www.wikidata.org/entity/Q87092>	<http://www.wikidata.org/entity/Q6581072>	"female"@en	"Austrian sociologist"@en
"Else Frenkel-Brunswik"@en	<http://www.wikidata.org/entity/Q87963>	<http://www.wikidata.org/entity/Q6581072>	"female"@en	"Austrian-American psychologist"@en
"David Harvey"@en	<http://www.wikidata.org/entity/Q89124407>	<http://www.wikidata.org/entity/Q6581097>	"male"@en	"American chemical engineer/rare earth researcher"@en
"David H. Smith"@en	<http://www.wikidata.org/entity/Q89186261>	<http://www.wikidata.org/entity/Q6581097>	"male"@en	"American pharmacist and researcher of drug safety and pharmacy outcomes"@en
"Ho Peng-Yoke"@en	<http://www.wikidata.org/entity/Q8969577>	<http://www.wikidata.org/entity/Q6581097>	"male"@en	"malaya-born historian of Chinese science (1926–2014)"@en
"Sandra Harding"@en	<http://www.wikidata.org/entity/Q90209148>	<http://www.wikidata.org/entity/Q6581072>	"female"@en	"Australian economic sociologist and academic administrator"@en
"Michael Billig"@en	<http://www.wikidata.org/entity/Q9032242>	<http://www.wikidata.org/entity/Q6581097>	"male"@en	"British psychologist"@en
"Paolo Rossi"@en	<http://www.wikidata.org/entity/Q90658087>	<http://www.wikidata.org/entity/Q6581097>	"male"@en	"researcher (ORCID 0000-0001-8178-0122)"@en
"Joseph P. Ferrie"@en	<http://www.wikidata.org/entity/Q91450923>	<http://www.wikidata.org/entity/Q6581097>	"male"@en	"American economist (ORCID 0000-0002-7261-3610)"@en
"Hans Ulrich Gumbrecht"@en	<http://www.wikidata.org/entity/Q92341>	<http://www.wikidata.org/entity/Q6581097>	"male"@en	"German-born American literary theorist"@en
"Frank Ramsey"@en	<http://www.wikidata.org/entity/Q926153>	<http://www.wikidata.org/entity/Q6581097>	"male"@en	"American basketball player (1931-2018)"@en
"Paolo Rossi"@en	<http://www.wikidata.org/entity/Q93222458>	<http://www.wikidata.org/entity/Q6581097>	"male"@en	"Italian archivist (born 1962)"@en
"Paul Willis"@en	<http://www.wikidata.org/entity/Q932517>	<http://www.wikidata.org/entity/Q6581097>	"male"@en	"British sociologist"@en
"John Law"@en	<http://www.wikidata.org/entity/Q93327760>	<http://www.wikidata.org/entity/Q6581097>	"male"@en	"Minister of the Church of Scotland"@en
"Paolo Rossi"@en	<http://www.wikidata.org/entity/Q93412637>	<http://www.wikidata.org/entity/Q6581097>	"male"@en	"jurist 1608-1674"@en
"Rita Huggins"@en	<http://www.wikidata.org/entity/Q94278975>	<http://www.wikidata.org/entity/Q6581072>	"female"@en	"Australian Indigenous activist"@en
"James Boswell"@en	<http://www.wikidata.org/entity/Q94516487>	<http://www.wikidata.org/entity/Q6581097>	"male"@en	
"Henri Wallon"@en	<http://www.wikidata.org/entity/Q946417>	<http://www.wikidata.org/entity/Q6581097>	"male"@en	"French psychologist, philosopher, pedagogist, and politician (1879–1962)"@en
"David H. Smith"@en	<http://www.wikidata.org/entity/Q94664859>	<http://www.wikidata.org/entity/Q6581097>	"male"@en	"American son of a Baptist preacher and author of "Remember The Good Times""@en
"Marianne Weber"@en	<http://www.wikidata.org/entity/Q94751780>	<http://www.wikidata.org/entity/Q6581072>	"female"@en	
"Heinrich Rickert"@en	<http://www.wikidata.org/entity/Q94879641>	<http://www.wikidata.org/entity/Q6581097>	"male"@en	"German mathematician (1890-1917)"@en
"Franz Neumann"@en	<http://www.wikidata.org/entity/Q94932638>	<http://www.wikidata.org/entity/Q6581097>	"male"@en	
"David Kaufmann"@en	<http://www.wikidata.org/entity/Q94943240>	<http://www.wikidata.org/entity/Q6581097>	"male"@en	
"Heinrich Rickert"@en	<http://www.wikidata.org/entity/Q95761465>	<http://www.wikidata.org/entity/Q6581097>	"male"@en	
"Kenneth Burke"@en	<http://www.wikidata.org/entity/Q960081>	<http://www.wikidata.org/entity/Q6581097>	"male"@en	"American philosopher and literary critic (1897–1993)"@en
"William Ashley"@en	<http://www.wikidata.org/entity/Q96207706>	<http://www.wikidata.org/entity/Q6581097>	"male"@en	"Abt 1742 -"@en
"Wang Feng"@en	<http://www.wikidata.org/entity/Q96379661>	<http://www.wikidata.org/entity/Q6581097>	"male"@en	"Chinese Communist Party official"@en
"John Law"@en	<http://www.wikidata.org/entity/Q97001489>	<http://www.wikidata.org/entity/Q6581097>	"male"@en	"English cricketer (1923-2004)"@en
"Aldo Leopold"@en	<http://www.wikidata.org/entity/Q971382>	<http://www.wikidata.org/entity/Q6581097>	"male"@en	"American writer and scientist (1887-1948)"@en
"George Sessions"@en	<http://www.wikidata.org/entity/Q97219073>	<http://www.wikidata.org/entity/Q6581097>	"male"@en	"ecologist"@en
"Milton Rogovin"@en	<http://www.wikidata.org/entity/Q973668>	<http://www.wikidata.org/entity/Q6581097>	"male"@en	"American photographer (1909–2011)"@en
"Melanie Klein"@en	<http://www.wikidata.org/entity/Q97680269>	<http://www.wikidata.org/entity/Q6581072>	"female"@en	"German association football player"@en
"Anthony D. Smith"@en	<http://www.wikidata.org/entity/Q976971>	<http://www.wikidata.org/entity/Q6581097>	"male"@en	"British academic (1939-2016)"@en
"Wang Feng"@en	<http://www.wikidata.org/entity/Q97705692>	<http://www.wikidata.org/entity/Q6581072>	"female"@en	"Chinese politician"@en
"Melanie Klein"@en	<http://www.wikidata.org/entity/Q97734668>	<http://www.wikidata.org/entity/Q6581072>	"female"@en	"Austrian association football player"@en
"Raúl Prebisch"@en	<http://www.wikidata.org/entity/Q982374>	<http://www.wikidata.org/entity/Q6581097>	"male"@en	"Argentine economist (1901-1986)"@en
"Fei Xiaotong"@en	<http://www.wikidata.org/entity/Q982656>	<http://www.wikidata.org/entity/Q6581097>	"male"@en	"Chinese anthropologist, sociologist (1910-2005)"@en
"Celso Furtado"@en	<http://www.wikidata.org/entity/Q984416>	<http://www.wikidata.org/entity/Q6581097>	"male"@en	"Brazilian economist (1920-2004)"@en
"Paolo Rossi"@en	<http://www.wikidata.org/entity/Q98537078>	<http://www.wikidata.org/entity/Q6581097>	"male"@en	"Dipartimento di Scienze Geologiche, Università degli Studi di Roma Tre"@en
"John Law"@en	<http://www.wikidata.org/entity/Q98761494>	<http://www.wikidata.org/entity/Q6581097>	"male"@en	
"Mary Douglas"@en	<http://www.wikidata.org/entity/Q98925696>	<http://www.wikidata.org/entity/Q6581072>	"female"@en	
"David Harvey"@en	<http://www.wikidata.org/entity/Q99631842>	<http://www.wikidata.org/entity/Q6581097>	"male"@en	"British chemistry researcher"@en
"Annabel S. Brett"@en	<http://www.wikidata.org/entity/Q99814696>	<http://www.wikidata.org/entity/Q6581072>	"female"@en	"historian of political thought"@en
"Franz Neumann"@en	<http://www.wikidata.org/entity/Q99858942>	<http://www.wikidata.org/entity/Q6581097>	"male"@en	"Chancellor and Landvogt of the Neumark and Master of the Brandenburg Bailiwick of the Order of Saint John (1495-1568)"@en
