journal_key,issn_match_status,records
initial:annales_1929,matching_deposited_issn,207
initial:annales_english,matching_deposited_issn,267
initial:cambridge_historical_journal,matching_deposited_issn,384
initial:canadian_journal_history,matching_deposited_issn,8070
initial:contemporary_history,matching_deposited_issn,3083
initial:historical_journal,matching_deposited_issn,4472
initial:history_theory,matching_deposited_issn,2421
initial:labour_le_travail,matching_deposited_issn,3520
initial:mississippi_valley,matching_deposited_issn,8672
initial:william_mary,matching_deposited_issn,10822
journal_016ce76060061eb0,matching_deposited_issn,501
journal_02374963f4ea4849,matching_deposited_issn,338
journal_02eec3b72cd5349d,matching_deposited_issn,469
journal_03730bc252490e14,matching_deposited_issn,2378
journal_03fcc30800ae6fd9,matching_deposited_issn,4952
journal_05418473995006e9,matching_deposited_issn,344
journal_054d070a681aafc6,matching_deposited_issn,5119
journal_05682cc5619c8c31,matching_deposited_issn,51
journal_057f4e95b6bd7edb,matching_deposited_issn,732
journal_05b07cc1ed9ec31d,matching_deposited_issn,522
journal_06580f980c0bb576,matching_deposited_issn,171
journal_06d93b627ca5596b,matching_deposited_issn,1318
journal_074a5b70dab9caaf,matching_deposited_issn,112
journal_07ccddae5a67c1fa,matching_deposited_issn,1014
journal_07d22e9c6b79ee21,matching_deposited_issn,4408
journal_0835598cd9000a22,matching_deposited_issn,121
journal_09012fb45eab4d3e,matching_deposited_issn,401
journal_09fc2f1a6d52501a,matching_deposited_issn,140
journal_0aa5f8709a0dfd0f,matching_deposited_issn,1133
journal_0ab656c2753f6d74,matching_deposited_issn,1780
journal_0ade3b13475fde7c,matching_deposited_issn,6931
journal_0b541c9b34dc482a,matching_deposited_issn,935
journal_0e1cecd651790c35,matching_deposited_issn,843
journal_0f2e6daed59d611b,matching_deposited_issn,2587
journal_0ff5c17fd43c4f65,matching_deposited_issn,1126
journal_123c05bc2318b339,matching_deposited_issn,784
journal_12aa1a6827133fc8,matching_deposited_issn,3071
journal_12bf31db16a72aab,matching_deposited_issn,621
journal_12fdca399e8d8d40,matching_deposited_issn,294
journal_152934bf5a838f6b,matching_deposited_issn,79
journal_1594f7d6e473ab43,matching_deposited_issn,51
journal_15b0eb0d40baa4d7,matching_deposited_issn,262
journal_16c2606d6dc20ebf,matching_deposited_issn,1085
journal_186238c00e627d8e,matching_deposited_issn,8477
journal_18b9b876e4599c56,matching_deposited_issn,129
journal_1afb8b667f1ae5c3,matching_deposited_issn,1092
journal_1b4c993862f3c909,matching_deposited_issn,1582
journal_1b504ae54f900909,matching_deposited_issn,111
journal_1b86c431903b1bf8,matching_deposited_issn,406
journal_1c7b5476f23090dc,matching_deposited_issn,4681
journal_1cbec499c3288335,matching_deposited_issn,857
journal_1d2f5edf681df07a,matching_deposited_issn,979
journal_1d3e57485ef758f2,matching_deposited_issn,1148
journal_1d41a7564c5d12b7,matching_deposited_issn,277
journal_1e179fb66763df00,matching_deposited_issn,1211
journal_1f31b643beaca0dd,matching_deposited_issn,369
journal_2119b0e45870cd6f,matching_deposited_issn,54
journal_231bcd1c47c023b4,matching_deposited_issn,166
journal_237c04bd38e91dd0,matching_deposited_issn,832
journal_25b3b25c0672ff34,matching_deposited_issn,1227
journal_25fe68c2c0186186,matching_deposited_issn,1790
journal_2601706da5173a25,matching_deposited_issn,691
journal_264c39cda506d1ec,matching_deposited_issn,10368
journal_2945cb5c5cc8af94,matching_deposited_issn,946
journal_29d4cfabb5270347,matching_deposited_issn,150
journal_2af88744d50502c3,matching_deposited_issn,1042
journal_2b8522c13948819d,matching_deposited_issn,2788
journal_2c098277f043966a,matching_deposited_issn,212
journal_2c835362abb13fca,matching_deposited_issn,5474
journal_2dfeedfb997d608a,matching_deposited_issn,219
journal_2e04fa56f6705ec2,matching_deposited_issn,1140
journal_2e0fda8be73ce644,matching_deposited_issn,9282
journal_2e3ccb52f5b36377,matching_deposited_issn,176
journal_2e6e57ae34ea1b42,matching_deposited_issn,154
journal_2f149169331d4289,matching_deposited_issn,364
journal_301d620d70ac04c6,matching_deposited_issn,251
journal_30f867b31cdf447a,matching_deposited_issn,1980
journal_31e5d822b53d053f,matching_deposited_issn,3001
journal_321a8cfc8ab54ea0,matching_deposited_issn,1684
journal_3261cd2551a8f4ca,matching_deposited_issn,2720
journal_34e0333c4604a050,matching_deposited_issn,3565
journal_366b2c11ffcdece3,matching_deposited_issn,87
journal_38e479e715d9523d,matching_deposited_issn,13347
journal_3979fc76be7c4768,matching_deposited_issn,160
journal_3ad0b129b00ae4ae,matching_deposited_issn,950
journal_3c679fa7ce9ce3b7,matching_deposited_issn,2121
journal_3d173a064b1993c6,matching_deposited_issn,1649
journal_3d33767a76e5aca1,matching_deposited_issn,2371
journal_3d98833a0d8281f8,matching_deposited_issn,12198
journal_3e25012edc96e37a,matching_deposited_issn,3503
journal_3f383aa8e45b2601,matching_deposited_issn,6209
journal_3f55dca82ed716b2,matching_deposited_issn,969
journal_3f66d54b263d36b2,matching_deposited_issn,260
journal_3ff498241f0fb6c6,matching_deposited_issn,932
journal_4037fa4fe9ea5914,matching_deposited_issn,1603
journal_40dae856794b879a,matching_deposited_issn,632
journal_422a2a3e5b661577,matching_deposited_issn,1525
journal_423100a5a865d9cb,matching_deposited_issn,2838
journal_430c5c5a636cf950,matching_deposited_issn,8163
journal_43b50270ea079854,matching_deposited_issn,362
journal_4455dbe3edff263b,matching_deposited_issn,865
journal_4630cadaf7561ba5,matching_deposited_issn,2269
journal_465233074c92587e,matching_deposited_issn,18115
journal_46f60c2239c241af,matching_deposited_issn,395
journal_472e21a0b18f882a,matching_deposited_issn,296
journal_48084857eb5bdc78,matching_deposited_issn,188
journal_48176cf0ef384b8d,matching_deposited_issn,206
journal_483c5dbb9cc38f4f,matching_deposited_issn,667
journal_4a594fa2503f3313,matching_deposited_issn,31
journal_4ab29e2dc4c42863,matching_deposited_issn,252
journal_4cb3ce45f1001168,matching_deposited_issn,1446
journal_4d7fa7f3dd0dba0e,matching_deposited_issn,2556
journal_4d911409059178f9,matching_deposited_issn,1462
journal_4e8ff5bd7ff87fe6,matching_deposited_issn,79
journal_4f86aafee1743ee1,matching_deposited_issn,334
journal_50571d41b70f9a9f,matching_deposited_issn,2618
journal_513aa84d8ec855f3,matching_deposited_issn,130
journal_52d81008d00a13c6,matching_deposited_issn,3061
journal_53d0ad654c4a87ff,matching_deposited_issn,405
journal_54275c61f233de7b,matching_deposited_issn,384
journal_55b2862e091c93c6,matching_deposited_issn,1267
journal_5616638fc5b421be,matching_deposited_issn,8467
journal_567d4902fd507274,matching_deposited_issn,505
journal_57a3505b8688a2ce,matching_deposited_issn,411
journal_5821106d7b9088f4,matching_deposited_issn,788
journal_5a828d39d05d6fb8,matching_deposited_issn,1182
journal_5b3d779e522e957e,matching_deposited_issn,2132
journal_5b5389388885c1fc,matching_deposited_issn,1140
journal_5de8246e0b40b7e2,matching_deposited_issn,2706
journal_5e0a17306de38521,matching_deposited_issn,304
journal_5e2c4b4321a8e81d,matching_deposited_issn,209
journal_607f3bb0a5c3ec5c,matching_deposited_issn,1458
journal_60c629672bd0f92f,matching_deposited_issn,169
journal_647183c1e131cf7a,matching_deposited_issn,3499
journal_64cf927ba34d3582,matching_deposited_issn,4580
journal_64eed992b3141a9f,matching_deposited_issn,2414
journal_65dd21715536a35f,matching_deposited_issn,18010
journal_65e984143e40bede,matching_deposited_issn,440
journal_691748060487dd52,matching_deposited_issn,124
journal_69b32aaa614295f7,matching_deposited_issn,5454
journal_6c1110e1ca9a1ad1,matching_deposited_issn,1778
journal_6d9388bf4f2e1a99,matching_deposited_issn,4353
journal_6e5b6b13fb51ee4f,matching_deposited_issn,750
journal_6fcb20cb67be1401,matching_deposited_issn,1090
journal_70e76363b3fe29d9,matching_deposited_issn,1322
journal_714fc18dceabbefd,matching_deposited_issn,3981
journal_7179bd45aeb8209a,matching_deposited_issn,353
journal_71accc8bf8209681,matching_deposited_issn,776
journal_72c9ee8b2d7bcf0f,matching_deposited_issn,308
journal_73cfe4dd8669d4b5,matching_deposited_issn,1238
journal_757056d67864f4e8,matching_deposited_issn,470
journal_759510c0ed4a2f0e,matching_deposited_issn,359
journal_75c6a08ade7751b8,matching_deposited_issn,348
journal_7632f05d8be4b918,matching_deposited_issn,560
journal_77695299ceedc9b2,matching_deposited_issn,1817
journal_7779b0949c5eba6b,matching_deposited_issn,652
journal_77a3ca6064c87819,matching_deposited_issn,490
journal_78af5311fd3dff5a,matching_deposited_issn,134576
journal_798c8a7ecbd4ce8b,matching_deposited_issn,3217
journal_7a73310b46e86f18,matching_deposited_issn,713
journal_7b35c15d5248d085,matching_deposited_issn,5703
journal_7b94787a9b8edf12,matching_deposited_issn,17322
journal_7bfa328cb1f8254a,matching_deposited_issn,1131
journal_7c1762a74e99d9a6,matching_deposited_issn,8363
journal_7e0d413e53aebefb,matching_deposited_issn,1779
journal_7f61c29f57730a14,matching_deposited_issn,290
journal_805acfa65470a411,matching_deposited_issn,3203
journal_807321c1e1922a76,matching_deposited_issn,1357
journal_808afeaacb5f4b11,matching_deposited_issn,624
journal_811c9bfd83714935,matching_deposited_issn,2412
journal_8190ce597550789c,matching_deposited_issn,3730
journal_8216afcd658d2b61,matching_deposited_issn,266
journal_82377ada849877fd,matching_deposited_issn,1972
journal_824e0c40e74b1fc3,matching_deposited_issn,4707
journal_84203dbdbd3796c3,matching_deposited_issn,2937
journal_8427ca6e04ef4a41,matching_deposited_issn,557
journal_84e0dc80bd203264,matching_deposited_issn,567
journal_85759916e0bae0c5,matching_deposited_issn,165
journal_86ee003c94c7951e,matching_deposited_issn,512
journal_8786da46168acc00,matching_deposited_issn,435
journal_88109e0093fdd947,matching_deposited_issn,896
journal_887b02cb52ffc529,matching_deposited_issn,208
journal_88eb32c3285de5d0,matching_deposited_issn,1167
journal_8a7c26ca6615de05,matching_deposited_issn,3520
journal_8ab78befbed06155,matching_deposited_issn,5225
journal_8bec0e86e7c4a53e,matching_deposited_issn,1044
journal_8c0a1181448bc235,matching_deposited_issn,4558
journal_8c92d015d9ca95a2,matching_deposited_issn,2230
journal_8ca2dcb0199b28f9,matching_deposited_issn,22742
journal_8cb6f3595878e6b7,matching_deposited_issn,115
journal_8dd065a0e32535b3,matching_deposited_issn,1227
journal_8fa6d55b62619679,matching_deposited_issn,259
journal_90cf8ded2289c4e2,matching_deposited_issn,341
journal_919d0c14e01dd6ed,matching_deposited_issn,513
journal_91f1c756cb33896f,matching_deposited_issn,41
journal_9391847d5e9cffe7,matching_deposited_issn,3185
journal_94cac3e8a12573d7,matching_deposited_issn,163
journal_95d1a1a5f3c42882,matching_deposited_issn,1966
journal_96e925e588a01d43,matching_deposited_issn,1793
journal_970e4c11481041d7,matching_deposited_issn,33218
journal_97cc033e49a4f22b,matching_deposited_issn,3800
journal_98ba9d1de9eef297,matching_deposited_issn,459
journal_996df5230b13e08b,matching_deposited_issn,24
journal_9a03579a38d60741,matching_deposited_issn,14
journal_9c4f10e776b54df4,matching_deposited_issn,1762
journal_9c6f44fb42920fdc,matching_deposited_issn,374
journal_9caf0673e1a3b685,matching_deposited_issn,268
journal_9d03148c52b1a89d,matching_deposited_issn,526
journal_9dac4f2eb2dce0f8,matching_deposited_issn,217
journal_9ed6094437f11ea2,matching_deposited_issn,118
journal_a00c9347fa743603,matching_deposited_issn,2252
journal_a09ca3d405b3ee2d,matching_deposited_issn,2288
journal_a0ecba92e4f263e1,matching_deposited_issn,1580
journal_a13036715c908b55,matching_deposited_issn,4528
journal_a3c5811a564c9812,matching_deposited_issn,281
journal_a43b2d9e9ee6d8b0,matching_deposited_issn,2003
journal_a47aa9a4395e5225,matching_deposited_issn,271
journal_a5ffa3668c8cb0b3,matching_deposited_issn,2438
journal_a60d063c840e1fcd,matching_deposited_issn,6294
journal_a67e93621de863b1,matching_deposited_issn,622
journal_a6e068f32590fd4a,matching_deposited_issn,1551
journal_a8aa6b4722fceb2e,matching_deposited_issn,1551
journal_aa1243d525819115,matching_deposited_issn,14575
journal_ab2613b233799692,matching_deposited_issn,1389
journal_abdcba84ad2aa0dc,matching_deposited_issn,5877
journal_abfd10f3a0d4ea8e,matching_deposited_issn,1321
journal_adee8b7eb5501f25,matching_deposited_issn,423
journal_aefa3b842e9299d0,matching_deposited_issn,305
journal_af321c83d77f929c,matching_deposited_issn,106
journal_af9eb2a59f476770,matching_deposited_issn,35299
journal_b02e7da77e614967,matching_deposited_issn,244
journal_b07a7af7b61dace6,matching_deposited_issn,2070
journal_b08fd4802c40b034,matching_deposited_issn,8504
journal_b11573f4d81e9f89,matching_deposited_issn,472
journal_b20b0d03cbc378be,matching_deposited_issn,2297
journal_b29c1b490cd7f2af,matching_deposited_issn,2392
journal_b2aca6e2c5b0a211,matching_deposited_issn,2489
journal_b2c77d0bf6c9b20c,matching_deposited_issn,205
journal_b333afd6f217e269,matching_deposited_issn,1631
journal_b3ca8061d47a3438,matching_deposited_issn,1096
journal_b43fdf40584be57d,matching_deposited_issn,826
journal_b5b188191ea8d9f7,matching_deposited_issn,18010
journal_b5cc1afac0a59b60,matching_deposited_issn,134
journal_b8545866db1e00ae,matching_deposited_issn,940
journal_b87bc42725143f37,matching_deposited_issn,230
journal_b8bc3aaecbd1501f,matching_deposited_issn,3622
journal_b94d9fb6ecebd296,matching_deposited_issn,136
journal_bb186df994dfcc83,matching_deposited_issn,1968
journal_bbcb45648f11880b,matching_deposited_issn,924
journal_bc9a224a0c7ddec6,matching_deposited_issn,242
journal_bcbdf33aaac0ed1d,matching_deposited_issn,1859
journal_bd5a46a99fe5bd14,matching_deposited_issn,1316
journal_be8760a9bb1f774e,matching_deposited_issn,563
journal_bff810e388b95a3f,matching_deposited_issn,1381
journal_c1e5fe398786a42c,matching_deposited_issn,237
journal_c234c6c00846d8e3,matching_deposited_issn,2122
journal_c2452c54fca6f59e,matching_deposited_issn,60
journal_c2461bf533cd622a,matching_deposited_issn,1691
journal_c293897f8b6f4bd9,matching_deposited_issn,153
journal_c3a89c9c58a756cc,matching_deposited_issn,400
journal_c3ea04dfb8fa5d34,matching_deposited_issn,4228
journal_c581690fb5cc4430,matching_deposited_issn,181
journal_c6b43684f97d61b4,matching_deposited_issn,244
journal_c782341e2d63843a,matching_deposited_issn,1516
journal_c7c09979aff15611,matching_deposited_issn,75
journal_c9168e421ddebe7a,matching_deposited_issn,2164
journal_c97a546045c469c8,matching_deposited_issn,1813
journal_ca95e71681fc7e1a,matching_deposited_issn,447
journal_cbd6a933b40e0219,matching_deposited_issn,71
journal_cc0994c4fffcf676,matching_deposited_issn,2219
journal_cc21c94c66fe3843,matching_deposited_issn,1462
journal_cceba9b53846150a,matching_deposited_issn,275
journal_cd8ea342913754b3,matching_deposited_issn,1093
journal_ce1f623ed2219e26,matching_deposited_issn,2490
journal_ce86c0d0153d20cd,matching_deposited_issn,1029
journal_d046d761f06295b8,matching_deposited_issn,1282
journal_d0aa0fce346501e1,matching_deposited_issn,117
journal_d0b016607a360c95,matching_deposited_issn,1166
journal_d14b6c9eeebdd0d6,matching_deposited_issn,971
journal_d1e73b074516df50,matching_deposited_issn,2612
journal_d21e2f0682668ea4,matching_deposited_issn,1347
journal_d2ba6f0dddefaf57,matching_deposited_issn,13
journal_d318e15fefc2343c,matching_deposited_issn,95
journal_d374e610cfd52bac,matching_deposited_issn,294
journal_d3fdfb4668463677,matching_deposited_issn,1224
journal_d49ff3b1ae59979f,matching_deposited_issn,679
journal_d529db383a51b85a,matching_deposited_issn,626
journal_d607b2b37a8c04f3,matching_deposited_issn,5211
journal_d620de9e27dd4317,matching_deposited_issn,1042
journal_d63c3d93c03ef931,matching_deposited_issn,277
journal_d70bc8b4433eab4e,matching_deposited_issn,547
journal_d73bba16eb647404,matching_deposited_issn,132
journal_d95c189c6494a6b0,matching_deposited_issn,227
journal_d990835e95820881,matching_deposited_issn,5176
journal_d9b4415efa8a311d,matching_deposited_issn,527
journal_da73a59f384f79a3,matching_deposited_issn,361
journal_db43394a79456ab5,matching_deposited_issn,3352
journal_dd5aeee8c86c93fa,matching_deposited_issn,1498
journal_deea893c9dccfcc7,matching_deposited_issn,679
journal_e02602c2913ad82a,matching_deposited_issn,1089
journal_e272cda784553865,matching_deposited_issn,27547
journal_e36f736779fd97b7,matching_deposited_issn,5601
journal_e391690d1620df07,matching_deposited_issn,232
journal_e4bfecd95b129a38,matching_deposited_issn,2180
journal_e58627135946a4e7,matching_deposited_issn,521
journal_e6929b124f9137bc,matching_deposited_issn,4619
journal_e826de5b0944e7f4,matching_deposited_issn,224
journal_e86963327015c29b,matching_deposited_issn,14153
journal_ea759c416ef0daad,matching_deposited_issn,58
journal_ebe7717166683b58,matching_deposited_issn,44
journal_ec3bc593890aed44,matching_deposited_issn,293
journal_ec6114ac32c92f0e,matching_deposited_issn,1035
journal_ec74f244f54d7364,matching_deposited_issn,2269
journal_ec7cbde01f926330,matching_deposited_issn,419
journal_ecbd320c8d6e9372,matching_deposited_issn,738
journal_ed00abc0414f5a9f,matching_deposited_issn,853
journal_ed54031020e6f922,matching_deposited_issn,692
journal_ef1613e97ed2256c,matching_deposited_issn,16992
journal_ef5d6bc586ea9c38,matching_deposited_issn,3276
journal_efceea525a4eea2c,matching_deposited_issn,3047
journal_f0ff8d2c0ee1f500,matching_deposited_issn,399
journal_f13d6292fe84a3b8,matching_deposited_issn,3559
journal_f1858a37c3515a13,matching_deposited_issn,16011
journal_f33abcd156e85bc9,matching_deposited_issn,960
journal_f3de9e4ca398c804,matching_deposited_issn,477
journal_f40eafadb04073aa,matching_deposited_issn,852
journal_f522caac01d8a34a,matching_deposited_issn,1565
journal_f54a2269518da5c0,matching_deposited_issn,889
journal_f6713658693c61b7,matching_deposited_issn,6783
journal_f79eaa7c902e07c9,matching_deposited_issn,308
journal_f7f5c76bcfa26287,matching_deposited_issn,1127
journal_f945b16485034b24,matching_deposited_issn,13739
journal_f94d1b95f9753857,matching_deposited_issn,370
journal_fa867d3a552b6485,matching_deposited_issn,3550
journal_fa9bf2f89281677e,matching_deposited_issn,1793
journal_fb2e541ced15c90d,matching_deposited_issn,49993
journal_fdceba6666bdce96,matching_deposited_issn,1864
journal_fde910319ee8dd75,matching_deposited_issn,1316
journal_fe3758f7a5626a04,matching_deposited_issn,1979
journal_fec8730d1b37f6d3,matching_deposited_issn,239
journal_ff36bfe8f9406a9c,matching_deposited_issn,2567
journal_ff5dd150e367cfe0,matching_deposited_issn,198
