journal_key,label,records,article_records,with_page_field,with_calculated_length,length_at_least_10,records_with_orcid,orcid_credits,distinct_orcids,records_with_affiliation,earliest_deposited_year,latest_deposited_year,test_records
journal_78af5311fd3dff5a,The American Historical Review,134576,134239,133957,80473,3871,548,558,525,55290,1895,2026,1
journal_fb2e541ced15c90d,The English Historical Review,49993,49993,49896,36303,3216,370,372,298,4656,1886,2026,0
journal_af9eb2a59f476770,The Journal of American History,35299,35299,35180,12919,977,0,0,0,3368,1914,2026,0
journal_970e4c11481041d7,Hispanic American Historical Review,33218,33218,33164,22352,1858,0,0,0,17919,1918,2026,0
journal_e272cda784553865,Speculum,27547,27547,26737,24518,2165,0,0,0,87,1926,2026,0
journal_8ca2dcb0199b28f9,Isis,22742,22348,22034,21858,1993,0,0,0,17,1913,2026,0
journal_465233074c92587e,The Journal of Modern History,18115,17774,17243,17017,1839,0,0,0,101,1929,2026,0
journal_65dd21715536a35f,"Annales. Histoire, Sciences sociales",18010,18010,18010,16501,2943,0,0,0,43,1946,2026,0
journal_b5b188191ea8d9f7,"Annales. Économies, sociétés, civilisations",18010,18010,18010,16501,2943,0,0,0,43,1946,2026,0
journal_7b94787a9b8edf12,Church History,17322,17322,17322,16294,1927,153,153,137,269,1932,2026,0
journal_ef1613e97ed2256c,Renaissance Quarterly,16992,16968,16714,16567,1304,0,0,0,277,1967,2026,0
journal_f1858a37c3515a13,Sixteenth Century Journal,16011,16011,15696,15696,1276,0,0,0,78,1972,2026,0
journal_aa1243d525819115,The Economic History Review,14575,14244,14153,5373,2484,226,301,250,1764,1927,2026,0
journal_e86963327015c29b,Historische Zeitschrift,14153,14153,13377,11921,4491,0,0,0,5327,1859,2026,0
journal_f945b16485034b24,Journal of Economic History,13739,13739,13710,13162,2360,115,127,106,67,1941,2026,0
journal_38e479e715d9523d,Technology and Culture,13347,13347,13343,7360,1210,0,0,0,0,1959,2026,0
journal_3d98833a0d8281f8,Pacific Historical Review,12198,12179,11868,11705,1750,0,0,0,1951,1932,2026,0
initial:william_mary,William and Mary Quarterly,10822,10821,10719,302,87,1,1,1,0,1892,2026,0
journal_264c39cda506d1ec,Canadian Historical Review,10368,10368,10367,10086,2022,0,0,0,4521,1920,2026,0
journal_2e0fda8be73ce644,Historiallinen aikakauskirja,9282,9282,7027,6465,851,8,10,10,0,1903,2025,0
initial:mississippi_valley,The Mississippi Valley Historical Review,8672,8672,8668,0,0,0,0,0,0,1914,1964,0
journal_b08fd4802c40b034,The New England Quarterly,8504,8497,8497,1322,385,0,0,0,796,1928,2026,0
journal_186238c00e627d8e,Journal of Interdisciplinary History,8477,8435,8435,4391,477,0,0,0,3943,1970,2026,0
journal_5616638fc5b421be,Western Historical Quarterly,8467,8467,8351,3122,400,32,32,30,928,1970,2026,0
journal_7c1762a74e99d9a6,Medical History,8363,8363,8363,7788,1595,108,130,116,58,1957,2026,0
journal_430c5c5a636cf950,Journal of the History of Medicine and Allied Sciences,8163,8163,8094,6554,1354,99,108,99,472,1946,2026,0
initial:canadian_journal_history,Canadian Journal of History,8070,8070,8069,8043,732,1,1,1,7695,1966,2026,0
journal_0ade3b13475fde7c,Journal of Social History,6931,6931,6836,6599,1757,124,130,114,590,1967,2026,0
journal_f6713658693c61b7,Journal of the Society of Architectural Historians,6783,6783,6418,6375,1020,0,0,0,1381,1945,2026,0
journal_a60d063c840e1fcd,The Journal of African History,6294,6294,6240,5892,1965,241,249,221,47,1960,2026,0
journal_3f383aa8e45b2601,Journal of British Studies,6209,6062,5809,5444,1223,921,936,825,198,1961,2026,0
journal_abdcba84ad2aa0dc,The British Journal for the History of Science,5877,5877,5875,5527,1292,151,161,149,186,1962,2026,0
journal_7b35c15d5248d085,Journal of Historical Geography,5703,5703,5697,4899,1341,379,436,372,0,1975,2026,0
journal_e36f736779fd97b7,German History,5601,5601,5586,5513,949,102,103,84,745,1984,2026,0
journal_2c835362abb13fca,Journal of the History of the Behavioral Sciences,5474,5222,5090,4898,915,230,249,207,630,1965,2026,0
journal_69b32aaa614295f7,Business History,5454,5454,5454,5424,1946,299,412,320,4689,1958,2026,0
journal_8ab78befbed06155,History of Education Quarterly,5225,5162,5160,2049,486,223,245,194,66,1961,2026,0
journal_d607b2b37a8c04f3,History of European Ideas,5211,5211,5203,5074,1800,280,291,204,2830,1980,2026,0
journal_d990835e95820881,The Public Historian,5176,5153,5138,5063,940,0,0,0,1030,1978,2026,0
journal_054d070a681aafc6,Le Mouvement social,5119,5119,5119,1225,903,0,0,0,0,1960,2026,0
journal_03fcc30800ae6fd9,International Journal of Maritime History,4952,4952,4920,4843,1072,273,295,249,3424,1989,2026,0
journal_824e0c40e74b1fc3,Revue du Nord,4707,4707,4707,3590,2642,0,0,0,0,1910,2026,0
journal_1c7b5476f23090dc,Journal of Negro History,4681,4681,4400,4310,1332,0,0,0,0,1916,2001,0
journal_e6929b124f9137bc,Ethnohistory,4619,4619,4618,1911,618,0,0,0,547,1954,2026,0
journal_64cf927ba34d3582,Central European History,4580,4580,4580,4169,992,189,200,189,150,1968,2026,0
journal_8c0a1181448bc235,Irish Historical Studies,4558,4558,4558,4305,847,96,96,86,76,1938,2026,0
journal_a13036715c908b55,Philippine Studies: Historical and Ethnographic Viewpoints,4528,4518,487,486,229,0,0,0,166,1953,2026,0
initial:historical_journal,The Historical Journal,4472,4472,4472,4148,2823,447,467,441,98,1958,2026,0
journal_07d22e9c6b79ee21,European History Quarterly,4408,4408,4401,4400,843,118,126,125,2737,1984,2026,0
journal_6d9388bf4f2e1a99,Social History of Medicine,4353,4353,4207,4038,1068,261,275,251,805,1988,2026,0
journal_c3ea04dfb8fa5d34,Klio,4228,4228,4011,3868,1884,36,38,36,545,1901,2026,0
journal_714fc18dceabbefd,Revue historique,3981,3981,3981,1184,825,0,0,0,0,1992,2026,0
journal_97cc033e49a4f22b,Urban History,3800,3800,3800,3603,1285,408,442,372,108,1974,2026,0
journal_8190ce597550789c,Journal of the History of Ideas,3730,3730,3695,1221,949,0,0,0,0,1940,2026,0
journal_b8bc3aaecbd1501f,Environmental History,3622,3622,3460,3432,766,12,12,12,24,1996,2026,0
journal_34e0333c4604a050,History of Political Economy,3565,3565,3544,3540,2019,0,0,0,390,1969,2026,0
journal_f13d6292fe84a3b8,Anuario de Historia de la Iglesia,3559,3559,3555,2778,628,576,596,305,0,2015,2026,0
journal_fa867d3a552b6485,Itinerario,3550,3550,3550,3266,971,146,175,151,91,1977,2026,0
initial:labour_le_travail,Labour/Le Travail,3520,3520,3485,652,181,0,0,0,0,1976,2026,0
journal_8a7c26ca6615de05,International Review of Social History,3520,3520,3520,3170,1618,175,194,167,113,1956,2026,0
journal_3e25012edc96e37a,California History,3503,3503,3205,3192,893,0,0,0,45,1925,2026,0
journal_647183c1e131cf7a,Comparative Studies in Society and History,3499,3499,3459,3035,1868,72,75,72,56,1958,2026,0
journal_db43394a79456ab5,Tijdschrift voor Rechtsgeschiedenis,3352,3352,3352,3186,1728,59,64,55,613,1918,2026,0
journal_ef5d6bc586ea9c38,Austrian History Yearbook,3276,3276,3276,3146,626,130,136,117,138,1965,2026,0
journal_798c8a7ecbd4ce8b,French History,3217,3217,3190,3091,754,103,110,77,485,1987,2026,0
journal_805acfa65470a411,Enterprise and Society,3203,3203,3201,2961,761,171,201,172,2,2000,2026,0
journal_9391847d5e9cffe7,Diplomatic History,3185,3069,3010,2767,1294,99,100,90,56,1977,2026,0
initial:contemporary_history,Journal of Contemporary History,3083,3083,3034,3031,2119,309,328,309,1807,1966,2026,0
journal_12aa1a6827133fc8,Baptist Quarterly,3071,3071,3071,3070,923,30,30,24,343,1922,2026,0
journal_52d81008d00a13c6,Labour History,3061,3053,3035,250,139,30,51,46,61,1963,2026,0
journal_efceea525a4eea2c,Journal of Religious History,3047,2866,2820,2819,1113,659,679,510,978,1960,2026,0
journal_31e5d822b53d053f,American Journal of Legal History,3001,3001,2994,795,263,50,50,46,124,1957,2025,0
journal_84203dbdbd3796c3,History Workshop Journal,2937,2937,2924,2720,1098,77,83,77,320,1976,2026,0
journal_423100a5a865d9cb,Law and History Review,2838,2838,2838,2478,810,102,103,100,131,1983,2026,0
journal_2b8522c13948819d,Journal of Urban History,2788,2788,2756,2753,1746,281,300,294,2628,1974,2026,0
journal_3261cd2551a8f4ca,Journal of American Ethnic History,2720,2720,2689,2655,354,0,0,0,720,1999,2026,0
journal_5de8246e0b40b7e2,Labor History,2706,2706,2706,2613,1759,196,265,224,638,1960,2026,0
journal_50571d41b70f9a9f,Berichte zur Wissenschaftsgeschichte,2618,2453,2363,2345,718,85,97,87,357,1978,2026,0
journal_d1e73b074516df50,Militärgeschichtliche Zeitschrift,2612,2612,2611,2515,926,0,0,0,1279,1967,2026,0
journal_0f2e6daed59d611b,Paedagogica Historica,2587,2587,2584,2570,2031,362,509,416,661,1961,2026,0
journal_ff36bfe8f9406a9c,Holocaust and Genocide Studies,2567,2567,2549,2429,723,73,77,68,541,1986,2026,0
journal_4d7fa7f3dd0dba0e,Agricultural History,2556,2553,2522,1899,590,0,0,0,251,2000,2026,0
journal_ce1f623ed2219e26,International Labor and Working Class History,2490,2490,2480,2312,675,85,91,83,47,1976,2026,0
journal_b2aca6e2c5b0a211,Past & Present,2489,2489,2449,2388,2001,125,134,129,408,1952,2026,0
journal_a5ffa3668c8cb0b3,Transactions of the Royal Historical Society,2438,2438,2437,2176,1643,88,102,97,65,1872,2026,0
initial:history_theory,History and Theory,2421,2303,2287,1265,932,47,50,46,505,1960,2026,0
journal_64eed992b3141a9f,Zwingliana,2414,2414,2412,2123,635,13,13,9,0,2009,2026,0
journal_811c9bfd83714935,Journal of African American History,2412,2412,2272,2227,495,0,0,0,18,2002,2026,0
journal_b29c1b490cd7f2af,Journal of the Early Republic,2392,2392,2392,0,0,0,0,0,0,1981,2003,0
journal_03730bc252490e14,Social Science History,2378,2378,2377,1470,1089,245,347,315,98,1976,2026,0
journal_3d33767a76e5aca1,Winterthur Portfolio,2371,2278,2083,2059,580,0,0,0,6,1964,2026,0
journal_b20b0d03cbc378be,Imago Mundi,2297,2297,2292,2217,647,131,145,104,1253,1935,2026,0
journal_a09ca3d405b3ee2d,Journal of Cold War Studies,2288,2252,2252,2190,596,0,0,0,1795,1999,2026,0
journal_4630cadaf7561ba5,Radical History Review,2269,2269,2269,2269,1264,0,0,0,6,1975,2026,0
journal_ec74f244f54d7364,Journal of Women's History,2269,2269,2268,2268,1150,0,0,0,0,1989,2026,0
journal_a00c9347fa743603,Gender & History,2252,2139,2057,2051,1201,418,451,435,490,1989,2026,0
journal_8c92d015d9ca95a2,Ambix,2230,2230,2229,2227,1166,141,178,123,431,1937,2026,0
journal_cc0994c4fffcf676,Cahiers du Monde Russe,2219,2148,2004,1993,980,223,229,70,54,1994,2024,0
journal_e4bfecd95b129a38,War in History,2180,2180,2136,2133,757,177,183,171,1774,1994,2026,0
journal_c9168e421ddebe7a,Revue de l’Histoire des Religions,2164,2078,2074,2072,1220,241,245,134,0,1946,2026,0
journal_5b3d779e522e957e,Reviews in American History,2132,2132,2132,0,0,0,0,0,0,1973,1994,0
journal_c234c6c00846d8e3,Centaurus,2122,1909,1895,1892,1037,369,422,329,531,1950,2025,0
journal_3c679fa7ce9ce3b7,Journal of Pacific History,2121,2121,2121,2039,1029,121,143,101,338,1966,2026,0
journal_b07a7af7b61dace6,Australian Historical Studies,2070,2070,2070,2026,872,283,371,268,927,1988,2026,0
journal_a43b2d9e9ee6d8b0,Planning Perspectives,2003,2003,2000,1955,1190,381,535,427,975,1986,2026,0
journal_30f867b31cdf447a,Parliamentary History,1980,1839,1668,1663,986,65,69,59,392,1982,2026,0
journal_fe3758f7a5626a04,European Review of History,1979,1979,1979,1961,1055,242,287,249,780,1993,2026,0
journal_82377ada849877fd,Slavery & Abolition,1972,1972,1972,1910,1230,142,159,141,322,1980,2026,0
journal_bb186df994dfcc83,Journal of the History of Economic Thought,1968,1968,1968,1779,775,153,166,119,61,1980,2026,0
journal_95d1a1a5f3c42882,Urban History Review,1966,1966,1964,1851,486,5,5,5,1074,1972,2026,0
journal_fdceba6666bdce96,Bylye Gody,1864,1824,0,0,0,0,0,0,0,2017,2026,0
journal_bcbdf33aaac0ed1d,Journal of Modern Italian Studies,1859,1859,1859,1843,843,156,181,155,618,1995,2026,0
journal_77695299ceedc9b2,Journal of World History,1817,1817,1789,1787,539,0,0,0,0,1996,2026,0
journal_c97a546045c469c8,South African Historical Journal,1813,1813,1813,1801,1214,244,278,214,517,1969,2026,0
journal_96e925e588a01d43,Northern History,1793,1793,1793,1786,1115,58,59,52,238,1966,2026,0
journal_fa9bf2f89281677e,Oxford Art Journal,1793,1793,1772,1769,742,61,61,57,0,1978,2026,0
journal_25fe68c2c0186186,Explorations in Economic History,1790,1790,1787,1222,1095,164,179,172,0,1969,2026,0
journal_0ab656c2753f6d74,History Australia,1780,1774,1773,1231,540,427,506,377,1123,2003,2026,0
journal_7e0d413e53aebefb,History Compass,1779,1562,907,904,760,347,383,344,625,2003,2026,0
journal_6c1110e1ca9a1ad1,Saeculum,1778,1767,1759,1628,1232,0,0,0,41,1950,2025,0
journal_9c4f10e776b54df4,Dialogues d'Histoire Ancienne,1762,1762,1762,1725,1435,0,0,0,0,1974,2025,0
journal_c2461bf533cd622a,Journal of the Economic and Social History of the Orient,1691,1691,1691,1633,1105,93,107,101,1004,1957,2026,0
journal_321a8cfc8ab54ea0,Contemporary European History,1684,1684,1573,1314,1018,410,428,384,195,1992,2026,0
journal_3d173a064b1993c6,Church History and Religious Culture,1649,1649,1649,1615,370,88,101,85,1184,1971,2026,0
journal_b333afd6f217e269,Journal of Medieval History,1631,1631,1630,1367,1109,99,108,104,762,1975,2026,0
journal_4037fa4fe9ea5914,Early Medieval Europe,1603,1485,1462,1461,552,165,175,150,799,1992,2026,0
journal_1b4c993862f3c909,History of the Human Sciences,1582,1582,1553,1549,1063,284,315,285,1366,1988,2026,0
journal_a0ecba92e4f263e1,Journal of Family History,1580,1580,1553,1552,1151,159,179,156,1375,1976,2026,0
journal_f522caac01d8a34a,French Historical Studies,1565,1565,1565,868,690,0,0,0,1,1958,2026,0
journal_a6e068f32590fd4a,Journal of Sport History,1551,1551,1519,1518,288,0,0,0,1416,2010,2026,0
journal_a8aa6b4722fceb2e,Scandinavian Economic History Review,1551,1551,1551,1545,870,99,132,106,243,1953,2026,0
journal_422a2a3e5b661577,Chinese Studies in History,1525,1525,1524,1515,834,22,24,22,408,1967,2026,0
journal_c782341e2d63843a,Twentieth Century British History,1516,1516,1497,1464,622,73,73,70,312,1990,2023,0
journal_dd5aeee8c86c93fa,Estudos Ibero-Americanos,1498,1396,1180,0,0,355,516,449,0,1975,2026,0
journal_4d911409059178f9,Labour History Review,1462,1456,1453,1452,711,20,44,35,413,1960,2026,0
journal_cc21c94c66fe3843,American Jewish History,1462,1462,1459,1332,375,0,0,0,0,1996,2025,0
journal_607f3bb0a5c3ec5c,Scandinavian Journal of History,1458,1458,1457,1417,1046,135,174,151,237,1976,2026,0
journal_4cb3ce45f1001168,Continuity and Change,1446,1446,1283,1281,726,58,64,59,994,1986,2026,0
journal_ab2613b233799692,Quaerendo,1389,1389,1389,1286,721,52,59,53,194,1971,2026,0
journal_bff810e388b95a3f,Michigan Historical Review,1381,1381,1349,0,0,0,0,0,0,1986,2020,0
journal_807321c1e1922a76,Cultural & Social History,1357,1357,1357,1355,613,166,183,170,1282,2004,2026,0
journal_d21e2f0682668ea4,Journal of Policy History,1347,1347,1347,1013,731,47,48,47,79,1989,2026,0
journal_70e76363b3fe29d9,Guerres Mondiales et Conflits Contemporains,1322,1322,1322,1105,789,0,0,0,0,2001,2026,0
journal_abfd10f3a0d4ea8e,Irish Economic and Social History,1321,1321,1311,1310,286,30,31,30,1026,1974,2026,0
journal_06d93b627ca5596b,Anuario de Estudios Americanos,1318,1214,1213,1115,1057,306,359,317,0,1990,2026,0
journal_bd5a46a99fe5bd14,Historia Mexicana,1316,1316,1079,1061,430,0,0,0,60,1956,2026,0
journal_fde910319ee8dd75,Parliaments Estates and Representation,1316,1316,1316,1264,596,159,189,133,410,1981,2026,0
journal_d046d761f06295b8,Russian History,1282,1282,1282,1227,850,44,50,44,964,1974,2026,0
journal_55b2862e091c93c6,History in Africa,1267,1267,1267,1161,854,84,96,79,20,1895,2026,0
journal_73cfe4dd8669d4b5,Journal of Genocide Research,1238,1238,1234,1220,753,173,203,173,494,1999,2026,0
journal_25b3b25c0672ff34,Environment and History,1227,1227,1226,1205,690,167,224,212,1082,1995,2026,0
journal_8dd065a0e32535b3,Revista de Indias,1227,1109,1109,991,948,291,335,310,0,1985,2026,0
journal_d3fdfb4668463677,Textile History,1224,1224,1222,1202,605,68,74,59,163,1968,2026,0
journal_1e179fb66763df00,Rethinking History,1211,1211,1210,1194,823,178,225,197,378,1997,2026,0
journal_5a828d39d05d6fb8,Pennsylvania History,1182,1182,1182,1104,400,30,30,23,761,2005,2026,0
journal_88eb32c3285de5d0,Cold War History,1167,1066,1129,1111,667,149,168,157,757,2000,2026,0
journal_d0b016607a360c95,Journal of Jesuit Studies,1166,1166,1166,1159,311,52,59,53,1033,2014,2026,0
journal_1d3e57485ef758f2,20 & 21. Revue d'histoire,1148,1148,1148,658,353,0,0,0,0,2019,2026,0
journal_2e04fa56f6705ec2,Anuario de Estudios Medievales,1140,1074,1074,943,929,322,345,303,0,1990,2026,0
journal_5b5389388885c1fc,Hispania Sacra,1140,1073,1064,947,844,457,496,438,0,1996,2026,0
journal_0aa5f8709a0dfd0f,East Central Europe,1133,1133,1133,1012,601,1,1,1,502,1975,2026,0
journal_7bfa328cb1f8254a,Colonial Latin American Review,1131,1131,1131,1117,588,91,99,81,465,1992,2026,0
journal_f7f5c76bcfa26287,Journal of Early Modern History,1127,1127,1127,1112,579,154,165,144,957,1997,2026,0
journal_0ff5c17fd43c4f65,Journal of Historical Sociology,1126,990,954,954,790,56,61,55,61,1988,2022,0
journal_b3ca8061d47a3438,Architectural History,1096,1096,1092,497,268,4,4,4,0,1958,2026,0
journal_cd8ea342913754b3,Histoire Urbaine,1093,966,1086,964,520,0,0,0,0,2000,2024,0
journal_1afb8b667f1ae5c3,Peritia,1092,1060,1060,1037,434,0,0,0,0,1982,2025,0
journal_6fcb20cb67be1401,History and Anthropology,1090,1090,1090,1056,940,172,197,186,321,1984,2026,0
journal_e02602c2913ad82a,Terrae Incognitae,1089,1089,1089,1084,604,66,71,49,347,1969,2026,0
journal_16c2606d6dc20ebf,American Nineteenth Century History,1085,1085,1084,1065,365,24,24,22,462,2000,2026,0
journal_8bec0e86e7c4a53e,Journal of Mormon History,1044,1044,1010,964,426,0,0,0,7,2010,2026,0
journal_2af88744d50502c3,Immigrants and Minorities,1042,1042,1041,977,660,51,59,59,273,1982,2026,0
journal_d620de9e27dd4317,Modern Intellectual History,1042,1042,1042,943,858,128,134,125,85,2004,2026,0
journal_ec6114ac32c92f0e,Indian Historical Review,1035,1035,1034,1022,406,9,11,11,754,1999,2026,0
journal_ce86c0d0153d20cd,Early Science and Medicine,1029,1029,1029,1009,577,140,157,133,854,1996,2026,0
journal_07ccddae5a67c1fa,Journal of the History of Sexuality,1014,1014,1006,984,471,0,0,0,47,2001,2026,0
journal_1d2f5edf681df07a,Oregon Historical Quarterly,979,979,906,56,8,0,0,0,0,2010,2021,0
journal_d14b6c9eeebdd0d6,Osiris,971,933,918,856,745,0,0,0,0,1936,2026,0
journal_3f55dca82ed716b2,Sport in History,969,969,969,960,554,141,165,114,416,2003,2026,0
journal_f33abcd156e85bc9,Journal of Forest History,960,960,960,958,125,0,0,0,0,1974,1989,0
journal_3ad0b129b00ae4ae,Intellectual History Review,950,950,950,943,582,188,206,174,496,2007,2026,0
journal_2945cb5c5cc8af94,Rural History,946,946,946,837,478,71,90,88,39,1990,2026,0
journal_b8545866db1e00ae,History and Technology,940,940,939,900,667,81,93,83,203,1983,2026,0
journal_0b541c9b34dc482a,Journal on European History of Law,935,935,935,897,209,294,315,196,0,2010,2026,0
journal_3ff498241f0fb6c6,First World War Studies,932,932,931,924,225,204,208,174,697,2010,2026,0
journal_bbcb45648f11880b,African Economic History,924,924,924,167,145,0,0,0,0,1976,2026,0
journal_88109e0093fdd947,Media History,896,896,895,883,650,109,132,119,102,1998,2026,0
journal_f54a2269518da5c0,Twentieth-Century China,889,889,754,639,446,0,0,0,0,1997,2026,0
journal_4455dbe3edff263b,Journal of global History,865,865,865,769,464,86,97,95,58,2006,2026,0
journal_1cbec499c3288335,Midland History,857,857,857,854,577,64,69,50,346,1971,2026,0
journal_ed00abc0414f5a9f,Northern Scotland,853,852,818,739,285,13,15,15,185,1972,2026,0
journal_f40eafadb04073aa,Revolutionary Russia,852,852,852,807,386,45,45,35,190,1988,2026,0
journal_0e1cecd651790c35,Jewish History,843,843,843,841,538,8,8,8,0,1986,2026,0
journal_237c04bd38e91dd0,Mediterranean Historical Review,832,832,832,796,433,59,73,67,245,1986,2026,0
journal_b43fdf40584be57d,Archives Juives,826,826,826,673,385,0,0,0,0,2001,2026,0
journal_5821106d7b9088f4,Journal of American-East Asian Relations,788,788,788,753,397,1,1,1,501,1992,2026,0
journal_123c05bc2318b339,War & Society,784,784,782,722,673,85,104,90,233,1983,2026,0
journal_71accc8bf8209681,Medieval Encounters,776,776,776,752,510,84,91,86,544,1995,2026,0
journal_6e5b6b13fb51ee4f,Jewish Culture and History,750,750,750,696,503,76,82,71,333,1998,2026,0
journal_ecbd320c8d6e9372,Financial History Review,738,738,738,627,396,45,51,47,18,1994,2026,0
journal_057f4e95b6bd7edb,Journal of Modern European History,732,688,685,657,493,145,175,168,602,2003,2026,0
journal_7a73310b46e86f18,Giornale di Storia Costituzionale,713,675,673,671,497,12,12,6,0,2006,2026,0
journal_ed54031020e6f922,Indiana Magazine of History,692,692,638,1,1,0,0,0,0,2010,2021,0
journal_2601706da5173a25,Global Intellectual History,691,691,689,688,353,158,170,144,674,2016,2026,0
journal_d49ff3b1ae59979f,Landscape History,679,679,679,676,355,9,14,14,274,1979,2026,0
journal_deea893c9dccfcc7,Ming Studies,679,679,679,677,296,27,27,18,102,1975,2026,0
journal_483c5dbb9cc38f4f,Clogher Record,667,667,666,0,0,0,0,0,0,1953,2007,0
journal_7779b0949c5eba6b,European Review of Economic History,652,652,619,601,535,66,81,78,245,1997,2026,0
journal_40dae856794b879a,Journal of European Integration History,632,591,591,591,377,0,0,0,0,2006,2026,0
journal_d529db383a51b85a,Food & History,626,583,583,554,464,0,0,0,49,2003,2026,0
journal_808afeaacb5f4b11,Holocaust Studies,624,624,624,618,513,115,137,117,358,2005,2026,0
journal_a67e93621de863b1,Geschichte und Gesellschaft,622,599,596,567,442,0,0,0,230,2007,2025,0
journal_12bf31db16a72aab,Historical Studies in the Natural Sciences,621,618,589,514,353,2,2,2,442,2008,2026,0
journal_84e0dc80bd203264,Journal of Tourism History,567,567,567,556,263,81,94,89,311,2009,2026,0
journal_be8760a9bb1f774e,Eighteenth-Century Ireland,563,545,537,537,360,22,29,25,95,1986,2026,0
journal_7632f05d8be4b918,The Social History of Alcohol and Drugs,560,560,537,535,184,0,0,0,1,2003,2026,0
journal_8427ca6e04ef4a41,Revista de Historia Moderna,557,522,522,0,0,243,253,141,0,1981,2020,0
journal_d70bc8b4433eab4e,Reformation,547,547,527,517,269,32,32,27,209,1996,2026,0
journal_d9b4415efa8a311d,Fronteras de la Historia,527,527,526,513,429,228,270,230,0,1997,2026,0
journal_9d03148c52b1a89d,Jewish Social Studies,526,499,461,199,182,0,0,0,0,1997,2021,0
journal_05b07cc1ed9ec31d,Journal of Planning History,522,522,511,510,332,147,156,144,495,2002,2026,0
journal_e58627135946a4e7,American Communist History,521,521,521,517,235,37,38,31,88,2002,2026,0
journal_919d0c14e01dd6ed,Environmental Review,513,513,513,510,154,0,0,0,5,1976,1989,0
journal_86ee003c94c7951e,Journal of Chinese History,512,512,512,476,173,210,213,180,134,2016,2026,0
journal_567d4902fd507274,Sport history Review,505,505,505,496,304,4,6,6,460,1996,2026,0
journal_016ce76060061eb0,Anuario Colombiano de Historia Social y de la Cultura,501,501,480,378,236,181,213,203,0,2014,2026,0
journal_77a3ca6064c87819,History & Memory,490,473,435,168,139,0,0,0,0,1997,2026,0
journal_f3de9e4ca398c804,Tokovi Istorije,477,438,437,388,383,64,77,66,50,2012,2026,0
journal_b11573f4d81e9f89,Wesley and Methodist Studies,472,472,470,432,120,12,13,13,226,2011,2026,0
journal_757056d67864f4e8,Family and Community History,470,470,470,470,282,30,33,24,68,1998,2026,0
journal_02eec3b72cd5349d,Forest & Conservation History,469,469,469,461,38,0,0,0,0,1981,1995,0
journal_98ba9d1de9eef297,Global Environment,459,459,459,458,356,23,36,33,281,2008,2026,0
journal_ca95e71681fc7e1a,Istorija 20 Veka,447,416,416,377,369,150,171,104,178,2011,2026,0
journal_65e984143e40bede,Historein,440,440,271,0,0,155,177,145,0,2000,2025,0
journal_8786da46168acc00,Management and Organizational History,435,435,434,429,390,67,97,90,354,2006,2026,0
journal_adee8b7eb5501f25,Historical Studies in Industrial Relations,423,419,414,414,325,7,8,6,277,1996,2025,0
journal_ec7cbde01f926330,Archivos de Historia del Movimiento Obrero y la Izquierda,419,419,419,410,240,137,163,117,0,1969,2026,0
journal_57a3505b8688a2ce,Environmental History Review,411,411,410,409,96,0,0,0,0,1990,1995,0
journal_1b86c431903b1bf8,British Catholic History,406,406,406,359,111,13,13,13,19,2014,2026,0
journal_53d0ad654c4a87ff,I Tatti Studies,405,405,359,358,299,0,0,0,6,1985,2026,0
journal_09012fb45eab4d3e,Journal of Intelligence History,401,401,401,389,239,80,90,68,213,2001,2026,0
journal_c3a89c9c58a756cc,History of Education Review,400,400,395,395,287,84,103,88,60,2004,2026,0
journal_f0ff8d2c0ee1f500,Kwartalnik Historyczny,399,399,399,140,136,189,206,167,0,2013,2026,0
journal_46f60c2239c241af,Historia Constitucional,395,384,377,212,162,6,6,4,0,2015,2025,0
initial:cambridge_historical_journal,Cambridge Historical Journal,384,384,384,314,160,0,0,0,0,1923,1957,0
journal_54275c61f233de7b,Revista Complutense de Historia de América,384,384,358,356,183,152,167,138,112,1970,2026,0
journal_9c6f44fb42920fdc,Historia Caribe,374,361,94,79,55,102,122,107,0,1995,2026,0
journal_f94d1b95f9753857,African Historical Review,370,370,370,369,163,86,100,87,137,2007,2026,0
journal_1f31b643beaca0dd,Modern American History,369,369,369,316,137,191,200,183,88,2018,2026,0
journal_2f149169331d4289,Edad Media,364,351,351,324,130,140,147,126,35,2014,2026,0
journal_43b50270ea079854,Journal of Medieval Iberian Studies,362,362,359,354,309,123,164,152,266,2009,2026,0
journal_da73a59f384f79a3,Comparative Legal History,361,361,360,359,121,43,47,46,276,2013,2026,0
journal_759510c0ed4a2f0e,Zeitgeschichte,359,334,334,328,183,1,1,1,127,2018,2026,0
journal_7179bd45aeb8209a,Locus Amoenus,353,348,348,71,69,69,69,62,0,1995,2025,0
journal_75c6a08ade7751b8,Journal for Maritime Research,348,348,348,342,172,5,5,5,101,1999,2021,0
journal_05418473995006e9,Cliometrica,344,344,329,329,308,164,187,146,0,2007,2026,0
journal_90cf8ded2289c4e2,Acta Poloniae Historica,341,341,341,340,304,127,147,132,0,2012,2025,0
journal_02374963f4ea4849,Journal of Early American History,338,338,338,332,129,9,9,9,290,2011,2026,0
journal_4f86aafee1743ee1,Culture & History Digital Journal,334,305,305,0,0,208,276,260,0,2012,2026,0
journal_72c9ee8b2d7bcf0f,De Medio Aevo,308,308,306,265,149,193,228,171,124,2019,2026,0
journal_f79eaa7c902e07c9,Archivium Hibernicum,308,308,308,0,0,0,0,0,0,1912,2006,0
journal_aefa3b842e9299d0,Journal of Medieval Monastic Studies,305,291,290,282,105,0,0,0,0,2012,2025,0
journal_5e0a17306de38521,Ancient Society,304,304,304,304,272,0,0,0,0,1986,2009,0
journal_472e21a0b18f882a,Quinto Sol,296,296,295,295,195,21,26,24,25,2017,2026,0
journal_12fdca399e8d8d40,Museum History Journal,294,294,294,294,213,62,82,74,191,2008,2026,0
journal_d374e610cfd52bac,Acta Baltica Historiae et Philosophiae Scientiarum,294,268,268,268,178,99,147,92,9,2013,2026,0
journal_ec3bc593890aed44,Mundo Agrario,293,293,293,0,0,126,240,228,0,2017,2026,0
journal_7f61c29f57730a14,Contributions to the History of Concepts,290,290,217,212,193,34,41,39,77,2005,2025,0
journal_a3c5811a564c9812,Turkish Historical Review,281,281,281,276,183,6,8,8,201,2010,2026,0
journal_1d41a7564c5d12b7,History of Economic Thought and Policy,277,277,276,276,220,0,0,0,0,2009,2026,0
journal_d63c3d93c03ef931,Accounting History Review,277,277,277,271,157,60,82,64,132,2011,2026,0
journal_cceba9b53846150a,Avances del Cesor,275,275,157,157,128,0,0,0,0,2011,2026,0
journal_a47aa9a4395e5225,Zograf,271,271,271,271,224,30,31,21,214,2002,2025,0
journal_9caf0673e1a3b685,Memoria e Ricerca,268,268,268,268,226,0,0,0,0,2009,2015,0
initial:annales_english,"Annales. Histoire, Sciences Sociales — English Edition",267,267,267,201,179,5,6,4,27,2012,2025,0
journal_8216afcd658d2b61,The Historical Review / La Revue Historique,266,266,265,0,0,0,0,0,0,2005,2021,0
journal_15b0eb0d40baa4d7,Aspasia,262,262,110,100,73,16,16,16,54,2007,2025,0
journal_3f66d54b263d36b2,Journal of Moravian History,260,260,260,238,135,16,17,13,162,2007,2026,0
journal_8fa6d55b62619679,Journal of Asian History,259,259,242,60,40,0,0,0,0,2013,2025,0
journal_4ab29e2dc4c42863,History and Sociology of South Asia,252,252,252,252,148,6,10,10,230,2010,2026,0
journal_301d620d70ac04c6,Acta Historica Tallinnensia,251,251,251,251,242,74,93,53,0,1997,2026,0
journal_b02e7da77e614967,Early Modern Low Countries,244,244,220,196,97,42,55,51,0,2017,2026,0
journal_c6b43684f97d61b4,Temas Americanistas,244,244,242,242,189,186,238,207,16,2019,2026,0
journal_bc9a224a0c7ddec6,Journal of Global Slavery,242,242,242,235,124,57,66,60,220,2016,2026,0
journal_fec8730d1b37f6d3,Erudition and the Republic of Letters,239,239,239,233,135,1,1,1,219,2016,2026,0
journal_c1e5fe398786a42c,History of the Present,237,237,237,219,161,0,0,0,0,2011,2026,0
journal_e391690d1620df07,Economic History of Developing Regions,232,232,230,209,197,54,73,68,111,2010,2026,0
journal_b87bc42725143f37,Electrum,230,230,195,142,72,147,157,76,122,2017,2026,0
journal_d95c189c6494a6b0,International Journal of Military History and Historiography,227,227,227,221,170,11,12,12,146,2016,2026,0
journal_e826de5b0944e7f4,Studia Slavica et Balcanica Petropolitana,224,224,204,204,171,19,26,26,10,2016,2025,0
journal_2dfeedfb997d608a,Afriques,219,179,0,0,0,56,74,35,101,2010,2026,0
journal_9dac4f2eb2dce0f8,International Journal of Korean History,217,217,217,217,193,1,2,2,12,2014,2026,0
journal_2c098277f043966a,Biuletyn Polskiej Misji Historycznej,212,212,185,29,22,71,74,57,0,2008,2024,0
journal_5e2c4b4321a8e81d,Journal of Migration History,209,209,209,205,189,5,5,5,169,2015,2026,0
journal_887b02cb52ffc529,"International Journal for History, Culture and Modernity",208,208,208,181,164,0,0,0,66,2013,2026,0
initial:annales_1929,Annales d’histoire économique et sociale,207,207,207,190,65,0,0,0,0,1929,1932,0
journal_48176cf0ef384b8d,Journal of Chinese Military History,206,206,206,201,78,35,37,33,195,2012,2026,0
journal_b2c77d0bf6c9b20c,Critical Historical Studies,205,205,168,168,131,0,0,0,5,2014,2026,0
journal_ff5dd150e367cfe0,Baltic Journal of Art History,198,198,177,86,74,0,0,0,0,2013,2025,0
journal_48084857eb5bdc78,Social Evolution and History,188,171,89,89,72,0,0,0,0,2018,2026,0
journal_c581690fb5cc4430,Povijesni Prilozi,181,181,157,157,157,119,137,99,103,2017,2026,0
journal_2e3ccb52f5b36377,History of Retailing and Consumption,176,176,176,175,152,79,103,84,149,2015,2026,0
journal_06580f980c0bb576,The Journal of Holocaust Research,171,171,170,170,131,65,74,67,160,2019,2026,0
journal_60c629672bd0f92f,Codrul Cosminului,169,155,155,155,142,0,0,0,0,2019,2025,0
journal_231bcd1c47c023b4,International Public History,166,166,109,98,45,24,30,27,155,2018,2026,0
journal_85759916e0bae0c5,Journal of Egyptian History,165,165,165,159,143,37,40,38,128,2008,2025,0
journal_94cac3e8a12573d7,Cuadernos Dieciochistas,163,153,153,84,80,19,24,20,0,2015,2024,0
journal_3979fc76be7c4768,Frontiers of History in China,160,160,160,160,143,0,0,0,0,2006,2011,0
journal_2e6e57ae34ea1b42,Historia 396,154,154,153,24,22,33,41,41,0,2022,2026,0
journal_c293897f8b6f4bd9,Anali Zavoda za Povijesne Znanosti Hrvatske Akademije Znanosti i Umjetnosti u Dubrovniku,153,153,153,153,153,0,0,0,0,2013,2025,0
journal_29d4cfabb5270347,Illes i Imperis,150,150,116,116,66,0,0,0,0,2018,2025,0
journal_09fc2f1a6d52501a,Radovi Instituta za Povijest Umjetnosti,140,131,130,130,122,0,0,0,85,2017,2025,0
journal_b94d9fb6ecebd296,Hercegovina,136,124,123,123,123,0,0,0,101,2016,2026,0
journal_b5cc1afac0a59b60,Forum Historiae,134,134,39,39,32,73,81,74,0,2018,2026,0
journal_d73bba16eb647404,Acta Historiae Artis Slovenica,132,132,18,18,18,44,48,35,0,2018,2026,0
journal_513aa84d8ec855f3,Journal of Management History,130,130,117,117,97,7,15,15,98,2018,2026,0
journal_18b9b876e4599c56,Annales de Bourgogne,129,129,129,129,83,0,0,0,0,2022,2026,0
journal_691748060487dd52,Journal of the Australian Early Medieval Association,124,108,103,99,67,96,96,49,72,2010,2025,0
journal_0835598cd9000a22,Radovi Zavoda za Povijesne Znanosti Hazu u Zadru,121,121,121,121,120,0,0,0,0,2017,2025,0
journal_9ed6094437f11ea2,Journal of Austrian-American History,118,118,118,89,70,27,31,29,83,2017,2026,0
journal_d0aa0fce346501e1,French Colonial History,117,117,111,99,97,2,2,2,67,2010,2026,0
journal_8cb6f3595878e6b7,Historia Social,115,115,115,115,107,107,135,120,0,2024,2026,0
journal_074a5b70dab9caaf,Arbeiderhistorie,112,112,112,112,85,0,0,0,60,2017,2026,0
journal_1b504ae54f900909,International Journal of Regional and Local History,111,111,111,111,74,14,14,10,64,2013,2022,0
journal_af321c83d77f929c,Afrique & Histoire,106,106,106,106,80,0,0,0,0,2003,2009,0
journal_d318e15fefc2343c,Zgodovinski časopis,95,86,59,58,58,50,59,55,0,2021,2026,0
journal_366b2c11ffcdece3,History of Political Thought,87,87,87,87,87,0,0,0,82,2023,2026,0
journal_152934bf5a838f6b,Revista de Historia Americana y Argentina,79,79,78,78,78,53,59,58,0,2021,2025,0
journal_4e8ff5bd7ff87fe6,Vulcan,79,79,79,72,49,0,0,0,71,2013,2024,0
journal_c7c09979aff15611,Croatica Christiana Periodica,75,75,75,75,72,58,66,55,72,2021,2026,0
journal_cbd6a933b40e0219,E-Journal of Portuguese History,71,71,71,71,55,65,85,80,67,2024,2026,0
journal_c2452c54fca6f59e,"Historia, Instituciones, Documentos",60,60,60,60,60,0,0,0,0,2013,2017,0
journal_ea759c416ef0daad,Dubrovnik Annals,58,58,58,58,58,0,0,0,0,2013,2025,0
journal_2119b0e45870cd6f,Mélanges d’histoire sociale,54,54,54,54,15,0,0,0,0,1943,1944,0
journal_05682cc5619c8c31,Annales d’histoire sociale (1939–1941),51,51,51,51,5,0,0,0,0,1939,1941,0
journal_1594f7d6e473ab43,Hispania Antiqua,51,43,43,43,20,26,27,18,11,2018,2025,0
journal_ebe7717166683b58,Mediaevalia Historica Bohemica,44,44,44,44,44,34,34,31,2,2021,2025,0
journal_91f1c756cb33896f,Acadiensis,41,41,41,40,20,0,0,0,0,2025,2026,0
journal_4a594fa2503f3313,New York History,31,31,31,0,0,0,0,0,0,2012,2013,0
journal_996df5230b13e08b,Annales d’histoire sociale (1945),24,24,24,24,14,0,0,0,0,1945,1945,0
journal_9a03579a38d60741,Studia Rudolphina,14,14,14,14,12,0,0,0,0,2022,2024,0
journal_d2ba6f0dddefaf57,Entreprises et Histoire,13,13,13,0,0,0,0,0,0,1994,1994,0
initial:history_workshop_earlier,History Workshop — earlier ISSN,0,0,0,0,0,0,0,0,0,,,0
journal_03083059e70c3d9a,Lias,0,0,0,0,0,0,0,0,0,,,0
journal_069e4cdc76aaa02b,Wisconsin Magazine of History,0,0,0,0,0,0,0,0,0,,,0
journal_0746da64ae4b3c67,Bollettino Storico - Bibliografico Subalpino,0,0,0,0,0,0,0,0,0,,,0
journal_0942ceb4caa62231,Kritika,0,0,0,0,0,0,0,0,0,,,0
journal_0a499d5cdd4c440d,Studi Storici,0,0,0,0,0,0,0,0,0,,,0
journal_0e773d54a56d5141,Missouri Historical Review,0,0,0,0,0,0,0,0,0,,,0
journal_12c0d6a71b4570ba,Journal of the Royal Australian Historical Society,0,0,0,0,0,0,0,0,0,,,0
journal_140e8ca13be863d3,Publishing History,0,0,0,0,0,0,0,0,0,,,0
journal_18cbd3e486b25ac8,The Mennonite Quarterly Review,0,0,0,0,0,0,0,0,0,,,0
journal_1fa7274d28c61d69,History of Economic Ideas,0,0,0,0,0,0,0,0,0,,,0
journal_2792bbb391111da3,Popolazione e Storia,0,0,0,0,0,0,0,0,0,,,0
journal_2d8590efe31099c7,Journal of the West,0,0,0,0,0,0,0,0,0,,,0
journal_3c44c5c28f7b2c3b,New Zealand Journal of History,0,0,0,0,0,0,0,0,0,,,0
journal_3d80b9997859ebd7,Revista Chilena de Historia del Derecho,0,0,0,0,0,0,0,0,0,,,0
journal_3d920cc86259262a,Anglican & Episcopal History,0,0,0,0,0,0,0,0,0,,,0
journal_3e5ef0a278f422dd,Mediterranea - Ricerche Storiche,0,0,0,0,0,0,0,0,0,,,0
journal_4b140f301cf21063,Rivista Storica Italiana,0,0,0,0,0,0,0,0,0,,,0
journal_520f0367872b502b,Studi Medievali,0,0,0,0,0,0,0,0,0,,,0
journal_53e66fc2ba723ebe,Historia Regional,0,0,0,0,0,0,0,0,0,,,0
journal_59c0813242987d48,Dublin Historical Record,0,0,0,0,0,0,0,0,0,,,0
journal_5cd1b2ee989ccd97,Rhodesiana,0,0,0,0,0,0,0,0,0,,,0
journal_5d76ceec2a327733,Book History,0,0,0,0,0,0,0,0,0,,,0
journal_5e59fad08376c0cb,Southwestern Historical Quarterly,0,0,0,0,0,0,0,0,0,,,0
journal_5f366901b0f2ce47,Archivio Storico Italiano,0,0,0,0,0,0,0,0,0,,,0
journal_66d133bccca89ab7,Minnesota History,0,0,0,0,0,0,0,0,0,,,0
journal_6945b13e007ffa31,Victorian Historical Journal,0,0,0,0,0,0,0,0,0,,,0
journal_6983a79586ee9ce5,Catalan Historical Review,0,0,0,0,0,0,0,0,0,,,0
journal_6ac7f98e81e1df04,The Medieval Review,0,0,0,0,0,0,0,0,0,,,0
journal_6d14a1e9786228a0,Communisme,0,0,0,0,0,0,0,0,0,,,0
journal_732a73a98f998df2,Essays in Economic & Business History,0,0,0,0,0,0,0,0,0,,,0
journal_75a7036fd3d893a0,History of Intellectual Culture,0,0,0,0,0,0,0,0,0,,,0
journal_7d661918209204ff,Film & History,0,0,0,0,0,0,0,0,0,,,0
journal_883f0907e12de5d8,Nuova Rivista Storica,0,0,0,0,0,0,0,0,0,,,0
journal_89890cb9ebbc8969,Kansas History,0,0,0,0,0,0,0,0,0,,,0
journal_9094fd9292e9e102,Rassegna Storica del Risorgimento,0,0,0,0,0,0,0,0,0,,,0
journal_91ac22513ea8f4aa,Ohio History,0,0,0,0,0,0,0,0,0,,,0
journal_96045933721e0452,Late Imperial China,0,0,0,0,0,0,0,0,0,,,0
journal_99054dca06f1ef03,The Catholic Historical Review,0,0,0,0,0,0,0,0,0,,,0
journal_9f9dff6d3ffacccd,Agricultural History Review,0,0,0,0,0,0,0,0,0,,,0
journal_a16d00a256e95952,Ricerche di Storia Politica,0,0,0,0,0,0,0,0,0,,,0
journal_a5f41bc50adf0e15,Bulletin of the History of Medicine,0,0,0,0,0,0,0,0,0,,,0
journal_a6538fc9e84fa4d1,The Irish Sword,0,0,0,0,0,0,0,0,0,,,0
journal_ad5c79abbd9dcc80,Glossae,0,0,0,0,0,0,0,0,0,,,0
journal_adc191866244d967,Civil War History,0,0,0,0,0,0,0,0,0,,,0
journal_aded3c6c3577b588,New Mexico Historical Review,0,0,0,0,0,0,0,0,0,,,0
journal_b98f6b1edace9f24,Florida Historical Quarterly,0,0,0,0,0,0,0,0,0,,,0
journal_c2decf545335ea0c,American Educational History Journal,0,0,0,0,0,0,0,0,0,,,0
journal_c62be8fe4e4e6e85,Early American Studies,0,0,0,0,0,0,0,0,0,,,0
journal_c90bdc00bb27ebf2,Journal of Presbyterian History,0,0,0,0,0,0,0,0,0,,,0
journal_cfc410ef907bdbd7,Quaderni Storici,0,0,0,0,0,0,0,0,0,,,0
journal_d069d27534fa1504,Historisk Tidskrift för Finland,0,0,0,0,0,0,0,0,0,,,0
journal_d77b7f7c919dcef2,Judaica Bohemiae,0,0,0,0,0,0,0,0,0,,,0
journal_dfcb3573c7c0f19f,Ab Imperio,0,0,0,0,0,0,0,0,0,,,0
journal_e86ed4aeb73483ba,Historia et Ius,0,0,0,0,0,0,0,0,0,,,0
journal_ea11078798998c2d,Rivista di storia della chiesa in Italia,0,0,0,0,0,0,0,0,0,,,0
journal_ecf5132e394ec7b0,Saskatchewan History,0,0,0,0,0,0,0,0,0,,,0
journal_ed63021a16e3f633,Cuadernos Medievales,0,0,0,0,0,0,0,0,0,,,0
journal_ef420fa33c8f600a,Journal of Late Antiquity,0,0,0,0,0,0,0,0,0,,,0
journal_ef7022c2c9b569d4,Journal of the Historical Society of Nigeria,0,0,0,0,0,0,0,0,0,,,0
journal_f9e9dac0c4b99396,Historical Social Research,0,0,0,0,0,0,0,0,0,,,0
journal_fd43dbc3fb2de149,Analecta Hibernica,0,0,0,0,0,0,0,0,0,,,0
journal_ffc733c2271369ff,The Chronicles of Oklahoma,0,0,0,0,0,0,0,0,0,,,0
