id,cat,strand,tags,type,year,authors,title,venue
fem-white-arnt-1985,feminist,slavery,"[""gender"", ""slavery""]",monograph,1985,"[""Deborah Gray White""]",Ar'n't I a Woman? Female Slaves in the Plantation South,W. W. Norton
fem-spillers-mamasbaby-1987,feminist,slavery,"[""gender"", ""slavery"", ""theory""]",article,1987,"[""Hortense J. Spillers""]","Mama's Baby, Papa's Maybe: An American Grammar Book",Diacritics
fem-carby-reconstructing-1987,feminist,slavery,"[""gender"", ""slavery""]",monograph,1987,"[""Hazel V. Carby""]",Reconstructing Womanhood: The Emergence of the Afro-American Woman Novelist,Oxford University Press
fem-bush-slavewomen-1990,feminist,slavery,"[""gender"", ""slavery"", ""Caribbean"", ""reproduction""]",monograph,1990,"[""Barbara Bush""]","Slave Women in Caribbean Society, 1650–1838",Indiana University Press
fem-davis-reflections-1971,feminist,slavery,"[""gender"", ""slavery"", ""resistance""]",article,1971,"[""Angela Y. Davis""]",Reflections on the Black Woman's Role in the Community of Slaves,The Black Scholar
fem-hartman-scenes-1997,feminist,slavery,"[""gender"", ""slavery"", ""theory"", ""archive""]",monograph,1997,"[""Saidiya V. Hartman""]","Scenes of Subjection: Terror, Slavery, and Self-Making in Nineteenth-Century America",Oxford University Press
fem-morgan-laboring-2004,feminist,slavery,"[""gender"", ""slavery"", ""reproduction""]",monograph,2004,"[""Jennifer L. Morgan""]",Laboring Women: Reproduction and Gender in New World Slavery,University of Pennsylvania Press
fem-camp-closer-2004,feminist,slavery,"[""gender"", ""slavery"", ""resistance""]",monograph,2004,"[""Stephanie M. H. Camp""]",Closer to Freedom: Enslaved Women and Everyday Resistance in the Plantation South,University of North Carolina Press
fem-miles-ties-2005,feminist,slavery,"[""gender"", ""slavery"", ""Indigenous"", ""kinship""]",monograph,2005,"[""Tiya Miles""]",Ties That Bind: The Story of an Afro-Cherokee Family in Slavery and Freedom,University of California Press
fem-berry-swing-2007,feminist,slavery,"[""gender"", ""slavery"", ""labour""]",monograph,2007,"[""Daina Ramey Berry""]",Swing the Sickle for the Harvest Is Ripe: Gender and Slavery in Antebellum Georgia,University of Illinois Press
fem-smallwood-saltwater-2007,feminist,slavery,"[""slavery"", ""middle-passage"", ""archive""]",monograph,2007,"[""Stephanie E. Smallwood""]",Saltwater Slavery: A Middle Passage from Africa to American Diaspora,Harvard University Press
fem-hartman-loseyourmother-2007,feminist,slavery,"[""slavery"", ""archive"", ""diaspora""]",monograph,2007,"[""Saidiya Hartman""]",Lose Your Mother: A Journey Along the Atlantic Slave Route,"Farrar, Straus and Giroux"
fem-glymph-outofhouse-2008,feminist,slavery,"[""gender"", ""slavery"", ""household"", ""violence""]",monograph,2008,"[""Thavolia Glymph""]",Out of the House of Bondage: The Transformation of the Plantation Household,Cambridge University Press
fem-hartman-venus-2008,feminist,slavery,"[""slavery"", ""archive"", ""theory"", ""method""]",essay,2008,"[""Saidiya Hartman""]",Venus in Two Acts,Small Axe
fem-fuentes-dispossessed-2016,feminist,slavery,"[""gender"", ""slavery"", ""archive"", ""Caribbean""]",monograph,2016,"[""Marisa J. Fuentes""]","Dispossessed Lives: Enslaved Women, Violence, and the Archive",University of Pennsylvania Press
fem-mustakeem-slaveryatsea-2016,feminist,slavery,"[""gender"", ""slavery"", ""middle-passage""]",monograph,2016,"[""Sowandé M. Mustakeem""]","Slavery at Sea: Terror, Sex, and Sickness in the Middle Passage",University of Illinois Press
fem-berry-pound-2017,feminist,slavery,"[""slavery"", ""valuation"", ""finance""]",monograph,2017,"[""Daina Ramey Berry""]","The Price for Their Pound of Flesh: The Value of the Enslaved, from Womb to Grave in the Building of a Nation",Beacon Press
fem-hunter-bound-2017,feminist,slavery,"[""gender"", ""slavery"", ""kinship""]",monograph,2017,"[""Tera W. Hunter""]",Bound in Wedlock: Slave and Free Black Marriage in the Nineteenth Century,Belknap Press of Harvard University Press
fem-jonesrogers-property-2019,feminist,slavery,"[""gender"", ""slavery"", ""ownership""]",monograph,2019,"[""Stephanie E. Jones-Rogers""]",They Were Her Property: White Women as Slave Owners in the American South,Yale University Press
fem-johnson-wickedflesh-2020,feminist,slavery,"[""gender"", ""slavery"", ""Atlantic"", ""intimacy""]",monograph,2020,"[""Jessica Marie Johnson""]","Wicked Flesh: Black Women, Intimacy, and Freedom in the Atlantic World",University of Pennsylvania Press
fem-morgan-reckoning-2021,feminist,slavery,"[""gender"", ""slavery"", ""reproduction"", ""capitalism"", ""method""]",monograph,2021,"[""Jennifer L. Morgan""]","Reckoning with Slavery: Gender, Kinship, and Capitalism in the Early Black Atlantic",Duke University Press
fem-miles-allthatshecarried-2021,feminist,slavery,"[""gender"", ""slavery"", ""material-culture"", ""kinship""]",monograph,2021,"[""Tiya Miles""]","All That She Carried: The Journey of Ashley's Sack, a Black Family Keepsake",Random House
fem-stevenson-blackwhite-1996,feminist,slavery,"[""gender"", ""slavery"", ""family""]",monograph,1996,"[""Brenda E. Stevenson""]",Life in Black and White: Family and Community in the Slave South,Oxford University Press
fem-craig-backwoods-2009,feminist,economic_household,"[""Canada"", ""household"", ""consumer-society"", ""gender""]",monograph,2009,"[""Beatrice Craig""]",Backwoods Consumers and Homespun Capitalists: The Rise of a Market Culture in Eastern Canada,University of Toronto Press
fem-craig-womenbusiness-2016,feminist,economic_household,"[""gender"", ""business"", ""entrepreneurship""]",monograph,2016,"[""Beatrice Craig""]",Women and Business since 1500: Invisible Presences in Europe and North America?,Palgrave Macmillan
fem-boydston-homeandwork-1990,feminist,economic_household,"[""gender"", ""household"", ""labour"", ""reproduction""]",monograph,1990,"[""Jeanne Boydston""]","Home and Work: Housework, Wages, and the Ideology of Labor in the Early Republic",Oxford University Press
fem-kesslerharris-outtowork-1982,feminist,economic_household,"[""gender"", ""labour"", ""wage""]",monograph,1982,"[""Alice Kessler-Harris""]",Out to Work: A History of Wage-Earning Women in the United States,Oxford University Press
fem-kesslerharris-womanswage-1990,feminist,economic_household,"[""gender"", ""wage"", ""theory""]",monograph,1990,"[""Alice Kessler-Harris""]",A Woman's Wage: Historical Meanings and Social Consequences,University Press of Kentucky
fem-stanley-bondage-1998,feminist,economic_household,"[""gender"", ""contract"", ""emancipation"", ""household""]",monograph,1998,"[""Amy Dru Stanley""]","From Bondage to Contract: Wage Labor, Marriage, and the Market in the Age of Slave Emancipation",Cambridge University Press
fem-bradbury-workingfamilies-1993,feminist,economic_household,"[""Canada"", ""household"", ""labour"", ""family""]",monograph,1993,"[""Bettina Bradbury""]","Working Families: Age, Gender, and Daily Survival in Industrializing Montreal",McClelland & Stewart
fem-sangster-earningrespect-1995,feminist,economic_household,"[""Canada"", ""gender"", ""labour""]",monograph,1995,"[""Joan Sangster""]","Earning Respect: The Lives of Working Women in Small-Town Ontario, 1920-1960",University of Toronto Press
fem-baron-workengendered-1991,feminist,economic_household,"[""gender"", ""labour"", ""theory""]",edited_volume,1991,"[""Ava Baron""]",Work Engendered: Toward a New History of American Labor,Cornell University Press
fem-gamber-femaleeconomy-1997,feminist,economic_household,"[""gender"", ""business"", ""entrepreneurship"", ""garment""]",monograph,1997,"[""Wendy Gamber""]","The Female Economy: The Millinery and Dressmaking Trades, 1860-1930",University of Illinois Press
fem-lemire-fashions-1991,feminist,consumption,"[""cotton"", ""consumer-society"", ""gender"", ""material-culture"", ""absent-beckert""]",monograph,1991,"[""Beverly Lemire""]","Fashion's Favourite: The Cotton Trade and the Consumer in Britain, 1660-1800",Oxford University Press / Pasold
fem-lemire-everyday-2005,feminist,economic_household,"[""gender"", ""informal-economy"", ""material-culture"", ""Britain""]",monograph,2005,"[""Beverly Lemire""]","The Business of Everyday Life: Gender, Practice and Social Politics in England, c.1600-1900",Manchester University Press
fem-lemire-globaltrade-2018,feminist,consumption,"[""consumer-society"", ""material-culture"", ""global"", ""cotton""]",monograph,2018,"[""Beverly Lemire""]","Global Trade and the Transformation of Consumer Cultures: The Material World Remade, c.1500-1820",Cambridge University Press
fem-belisle-retail-2011,feminist,consumption,"[""Canada"", ""consumer-society"", ""gender"", ""retail"", ""absent-beckert""]",monograph,2011,"[""Donica Belisle""]",Retail Nation: Department Stores and the Making of Modern Canada,UBC Press
fem-belisle-purchasing-2020,feminist,consumption,"[""Canada"", ""consumer-society"", ""gender"", ""absent-beckert""]",monograph,2020,"[""Donica Belisle""]",Purchasing Power: Women and the Rise of Canadian Consumer Culture,University of Toronto Press
fem-degrazia-sexofthings-1996,feminist,consumption,"[""gender"", ""consumer-society""]",edited_volume,1996,"[""Victoria de Grazia"", ""Ellen Furlough""]",The Sex of Things: Gender and Consumption in Historical Perspective,University of California Press
fem-degrazia-irresistible-2005,feminist,consumption,"[""gender"", ""consumer-society"", ""empire"", ""America""]",monograph,2005,"[""Victoria de Grazia""]",Irresistible Empire: America's Advance through Twentieth-Century Europe,Belknap Press of Harvard University Press
fem-benson-counter-1986,feminist,consumption,"[""gender"", ""consumer-society"", ""retail"", ""labour""]",monograph,1986,"[""Susan Porter Benson""]","Counter Cultures: Saleswomen, Managers, and Customers in American Department Stores, 1890-1940",University of Illinois Press
fem-rappaport-shopping-2000,feminist,consumption,"[""gender"", ""consumer-society"", ""retail"", ""urban""]",monograph,2000,"[""Erika Rappaport""]",Shopping for Pleasure: Women in the Making of London's West End,Princeton University Press
fem-wright-feminine-1992,feminist,consumption,"[""Canada"", ""gender"", ""consumer-society"", ""method""]",essay,1992,"[""Cynthia Wright""]",'Feminine Trifles of Vast Importance': Writing Gender into the History of Consumption,Gender Conflicts (University of Toronto Press)
fem-federici-caliban-2004,feminist,social_reproduction,"[""reproduction"", ""primitive-accumulation"", ""gender"", ""theory""]",monograph,2004,"[""Silvia Federici""]","Caliban and the Witch: Women, the Body and Primitive Accumulation",Autonomedia
fem-bhattacharya-srt-2017,feminist,social_reproduction,"[""reproduction"", ""theory"", ""class""]",edited_volume,2017,"[""Tithi Bhattacharya""]","Social Reproduction Theory: Remapping Class, Recentering Oppression",Pluto Press
fem-dallacosta-james-power-1972,feminist,social_reproduction,"[""reproduction"", ""theory"", ""wages-for-housework""]",essay,1972,"[""Mariarosa Dalla Costa"", ""Selma James""]",The Power of Women and the Subversion of the Community,Falling Wall Press
fem-fortunati-arcane-1981,feminist,social_reproduction,"[""reproduction"", ""theory"", ""value""]",monograph,1981,"[""Leopoldina Fortunati""]","The Arcane of Reproduction: Housework, Prostitution, Labor and Capital","Marsilio (1981); Autonomedia (1995, English)"
rac-robinson-blackmarxism-1983,racial_capitalism,,"[""theory"", ""Black-radical-tradition""]",monograph,1983,"[""Cedric J. Robinson""]",Black Marxism: The Making of the Black Radical Tradition,Zed Press
rac-cox-castclassrace-1948,racial_capitalism,,"[""theory"", ""antecedent""]",monograph,1948,"[""Oliver Cromwell Cox""]","Caste, Class, and Race: A Study in Social Dynamics",Doubleday
rac-jenkins-leroy-histories-2021,racial_capitalism,,"[""theory"", ""NHC-critique"", ""finance""]",edited_volume,2021,"[""Destin Jenkins"", ""Justin Leroy""]",Histories of Racial Capitalism,Columbia University Press
rac-kelley-whatdidrobinson-2017,racial_capitalism,,"[""theory"", ""essay""]",essay,2017,"[""Robin D. G. Kelley""]",What Did Cedric Robinson Mean by Racial Capitalism?,Boston Review
rac-melamed-racialcapitalism-2015,racial_capitalism,,"[""theory""]",article,2015,"[""Jodi Melamed""]",Racial Capitalism,Critical Ethnic Studies
rac-melamed-represent-2011,racial_capitalism,,"[""theory"", ""liberalism"", ""20c""]",monograph,2011,"[""Jodi Melamed""]",Represent and Destroy: Rationalizing Violence in the New Racial Capitalism,University of Minnesota Press
rac-singh-primitive-2016,racial_capitalism,,"[""theory"", ""primitive-accumulation""]",article,2016,"[""Nikhil Pal Singh""]","On Race, Violence, and So-Called Primitive Accumulation",Social Text
rac-singh-longwar-2017,racial_capitalism,,"[""theory"", ""state"", ""empire"", ""carceral""]",monograph,2017,"[""Nikhil Pal Singh""]",Race and America's Long War,University of California Press
rac-hudson-bankers-2017,racial_capitalism,,"[""finance"", ""Caribbean"", ""empire""]",monograph,2017,"[""Peter James Hudson""]",Bankers and Empire: How Wall Street Colonized the Caribbean,University of Chicago Press
rac-baradaran-colorofmoney-2017,racial_capitalism,,"[""finance"", ""banking"", ""wealth-gap""]",monograph,2017,"[""Mehrsa Baradaran""]",The Color of Money: Black Banks and the Racial Wealth Gap,Belknap Press of Harvard University Press
rac-garrettscott-banking-2019,racial_capitalism,,"[""finance"", ""gender"", ""Black-women""]",monograph,2019,"[""Shennette Garrett-Scott""]",Banking on Freedom: Black Women in U.S. Finance Before the New Deal,Columbia University Press
rac-jenkins-bonds-2021,racial_capitalism,,"[""finance"", ""debt"", ""municipal"", ""urban""]",monograph,2021,"[""Destin Jenkins""]",The Bonds of Inequality: Debt and the Making of the American City,University of Chicago Press
rac-taylor-raceforprofit-2019,racial_capitalism,,"[""finance"", ""housing"", ""predatory-inclusion""]",monograph,2019,"[""Keeanga-Yamahtta Taylor""]",Race for Profit: How Banks and the Real Estate Industry Undermined Black Homeownership,University of North Carolina Press
rac-horne-counterrev1776-2014,racial_capitalism,,"[""slavery"", ""revolution"", ""origins""]",monograph,2014,"[""Gerald Horne""]",The Counter-Revolution of 1776: Slave Resistance and the Origins of the United States of America,New York University Press
rac-horne-apocalypse-2018,racial_capitalism,,"[""slavery"", ""settler-colonialism"", ""origins"", ""Caribbean""]",monograph,2018,"[""Gerald Horne""]","The Apocalypse of Settler Colonialism: The Roots of Slavery, White Supremacy, and Capitalism in 17th Century North America and the Caribbean",Monthly Review Press
rac-gilmore-goldengulag-2007,racial_capitalism,,"[""carceral"", ""geography"", ""California""]",monograph,2007,"[""Ruth Wilson Gilmore""]","Golden Gulag: Prisons, Surplus, Crisis, and Opposition in Globalizing California",University of California Press
rac-ralph-forensics-2015,racial_capitalism,,"[""finance"", ""valuation"", ""credit""]",monograph,2015,"[""Michael Ralph""]",Forensics of Capital,University of Chicago Press
rac-hall-articulation-1980,racial_capitalism,,"[""theory"", ""antecedent""]",essay,1980,"[""Stuart Hall""]","Race, Articulation and Societies Structured in Dominance",Sociological Theories: Race and Colonialism (UNESCO)
rac-neptune-shade-2019,racial_capitalism,,"[""NHC-critique"", ""Eric-Williams"", ""Caribbean""]",article,2019,"[""H. Reuben Neptune""]",Throwin' Scholarly Shade: Eric Williams in the New Histories of Capitalism and Slavery,Journal of the Early Republic
rac-burdenstelly-modern-2020,racial_capitalism,,"[""theory"", ""superexploitation""]",article,2020,"[""Charisse Burden-Stelly""]",Modern U.S. Racial Capitalism: Some Theoretical Insights,Monthly Review
ind-coulthard-redskin-2014,indigenous,,"[""theory"", ""primitive-accumulation"", ""Canada"", ""standpoint""]",monograph,2014,"[""Glen Sean Coulthard""]","Red Skin, White Masks: Rejecting the Colonial Politics of Recognition",University of Minnesota Press
ind-nichols-theft-2020,indigenous,,"[""theory"", ""primitive-accumulation"", ""property""]",monograph,2020,"[""Robert Nichols""]",Theft Is Property! Dispossession and Critical Theory,Duke University Press
ind-wolfe-elimination-2006,indigenous,,"[""theory"", ""settler-colonialism"", ""structure""]",article,2006,"[""Patrick Wolfe""]",Settler Colonialism and the Elimination of the Native,Journal of Genocide Research
ind-wolfe-traces-2016,indigenous,,"[""theory"", ""race"", ""settler-colonialism""]",monograph,2016,"[""Patrick Wolfe""]",Traces of History: Elementary Structures of Race,Verso
ind-veracini-settler-2010,indigenous,,"[""theory"", ""settler-colonialism""]",monograph,2010,"[""Lorenzo Veracini""]",Settler Colonialism: A Theoretical Overview,Palgrave Macmillan
ind-byrd-transit-2011,indigenous,,"[""theory"", ""critique"", ""empire""]",monograph,2011,"[""Jodi A. Byrd""]",The Transit of Empire: Indigenous Critiques of Colonialism,University of Minnesota Press
ind-blackhawk-violence-2006,indigenous,,"[""history"", ""violence"", ""West"", ""standpoint""]",monograph,2006,"[""Ned Blackhawk""]",Violence over the Land: Indians and Empires in the Early American West,Harvard University Press
ind-blackhawk-rediscovery-2023,indigenous,,"[""history"", ""synthesis"", ""standpoint""]",monograph,2023,"[""Ned Blackhawk""]",The Rediscovery of America: Native Peoples and the Unmaking of U.S. History,Yale University Press
ind-witgen-seeingred-2021,indigenous,,"[""history"", ""political-economy"", ""plunder"", ""primitive-accumulation""]",monograph,2021,"[""Michael John Witgen""]","Seeing Red: Indigenous Land, American Expansion, and the Political Economy of Plunder in North America",Omohundro Institute / University of North Carolina Press
ind-witgen-infinity-2011,indigenous,,"[""history"", ""sovereignty"", ""Great-Lakes""]",monograph,2011,"[""Michael Witgen""]",An Infinity of Nations: How the Native New World Shaped Early North America,University of Pennsylvania Press
ind-estes-ourhistory-2019,indigenous,,"[""history"", ""resistance"", ""standpoint"", ""infrastructure""]",monograph,2019,"[""Nick Estes""]","Our History Is the Future: Standing Rock Versus the Dakota Access Pipeline, and the Long Tradition of Indigenous Resistance",Verso
ind-karuka-empirestracks-2019,indigenous,,"[""railroads"", ""finance"", ""racial-capitalism"", ""countersovereignty"", ""Chinese-labour""]",monograph,2019,"[""Manu Karuka""]","Empire's Tracks: Indigenous Nations, Chinese Workers, and the Transcontinental Railroad",University of California Press
ind-asimpson-mohawk-2014,indigenous,,"[""theory"", ""sovereignty"", ""refusal"", ""Canada""]",monograph,2014,"[""Audra Simpson""]",Mohawk Interruptus: Political Life Across the Borders of Settler States,Duke University Press
ind-lbsimpson-aswehave-2017,indigenous,,"[""theory"", ""resurgence"", ""land"", ""Canada""]",monograph,2017,"[""Leanne Betasamosake Simpson""]",As We Have Always Done: Indigenous Freedom through Radical Resistance,University of Minnesota Press
ind-treuer-heartbeat-2019,indigenous,,"[""history"", ""survivance"", ""20c""]",monograph,2019,"[""David Treuer""]",The Heartbeat of Wounded Knee: Native America from 1890 to the Present,Riverhead Books
ind-brooks-belovedkin-2018,indigenous,,"[""history"", ""standpoint"", ""method"", ""kinship""]",monograph,2018,"[""Lisa Brooks""]",Our Beloved Kin: A New History of King Philip's War,Yale University Press
ind-reid-seaismycountry-2015,indigenous,,"[""history"", ""maritime"", ""sovereignty"", ""economy""]",monograph,2015,"[""Joshua L. Reid""]",The Sea Is My Country: The Maritime World of the Makahs,Yale University Press
ind-dunbarortiz-indigenous-2014,indigenous,,"[""history"", ""synthesis"", ""genocide"", ""standpoint""]",monograph,2014,"[""Roxanne Dunbar-Ortiz""]",An Indigenous Peoples' History of the United States,Beacon Press
ind-ostler-surviving-2019,indigenous,,"[""history"", ""genocide"", ""policy""]",monograph,2019,"[""Jeffrey Ostler""]",Surviving Genocide: Native Nations and the United States from the American Revolution to Bleeding Kansas,Yale University Press
ind-madley-americangenocide-2016,indigenous,,"[""history"", ""genocide"", ""California""]",monograph,2016,"[""Benjamin Madley""]","An American Genocide: The United States and the California Indian Catastrophe, 1846-1873",Yale University Press
ind-banner-lostland-2005,indigenous,,"[""history"", ""law"", ""property"", ""dispossession""]",monograph,2005,"[""Stuart Banner""]",How the Indians Lost Their Land: Law and Power on the Frontier,Harvard University Press
ind-moretonrobinson-whitepossessive-2015,indigenous,,"[""theory"", ""property"", ""whiteness"", ""sovereignty""]",monograph,2015,"[""Aileen Moreton-Robinson""]","The White Possessive: Property, Power, and Indigenous Sovereignty",University of Minnesota Press
ind-bhandar-colonial-2018,indigenous,,"[""theory"", ""law"", ""property"", ""race""]",monograph,2018,"[""Brenna Bhandar""]","Colonial Lives of Property: Law, Land, and Racial Regimes of Ownership",Duke University Press
ind-pasternak-grounded-2017,indigenous,,"[""theory"", ""jurisdiction"", ""Canada"", ""sovereignty""]",monograph,2017,"[""Shiri Pasternak""]",Grounded Authority: The Algonquins of Barriere Lake against the State,University of Minnesota Press
dec-quijano-coloniality-2000,decolonial,,"[""theory"", ""coloniality"", ""race""]",article,2000,"[""Aníbal Quijano""]","Coloniality of Power, Eurocentrism, and Latin America",Nepantla: Views from South
dec-quijano-wallerstein-americanity-1992,decolonial,,"[""theory"", ""world-system"", ""origins""]",article,1992,"[""Aníbal Quijano"", ""Immanuel Wallerstein""]","Americanity as a Concept, or the Americas in the Modern World-System",International Social Science Journal
dec-mignolo-localhistories-2000,decolonial,,"[""theory"", ""epistemology"", ""border-thinking""]",monograph,2000,"[""Walter D. Mignolo""]","Local Histories/Global Designs: Coloniality, Subaltern Knowledges, and Border Thinking",Princeton University Press
dec-mignolo-darkerside-2011,decolonial,,"[""theory"", ""modernity"", ""extraction""]",monograph,2011,"[""Walter D. Mignolo""]","The Darker Side of Western Modernity: Global Futures, Decolonial Options",Duke University Press
dec-dussel-invention-1992,decolonial,,"[""theory"", ""modernity"", ""conquest"", ""origins""]",monograph,1992,"[""Enrique Dussel""]",The Invention of the Americas: Eclipse of 'the Other' and the Myth of Modernity,Continuum
dec-lugones-heterosexualism-2007,decolonial,,"[""theory"", ""gender"", ""coloniality""]",article,2007,"[""María Lugones""]",Heterosexualism and the Colonial/Modern Gender System,Hypatia
dec-lugones-decolonialfeminism-2010,decolonial,,"[""theory"", ""gender"", ""standpoint"", ""feminism""]",article,2010,"[""María Lugones""]",Toward a Decolonial Feminism,Hypatia
dec-maldonadotorres-being-2007,decolonial,,"[""theory"", ""coloniality"", ""being""]",article,2007,"[""Nelson Maldonado-Torres""]",On the Coloniality of Being: Contributions to the Development of a Concept,Cultural Studies
dec-escobar-encountering-1995,decolonial,,"[""theory"", ""development"", ""discourse""]",monograph,1995,"[""Arturo Escobar""]",Encountering Development: The Making and Unmaking of the Third World,Princeton University Press
dec-grosfoguel-epistemic-2007,decolonial,,"[""theory"", ""NHC-adjacent-critique"", ""world-system""]",article,2007,"[""Ramón Grosfoguel""]",The Epistemic Decolonial Turn: Beyond Political-Economy Paradigms,Cultural Studies
dec-mignolo-walsh-decoloniality-2018,decolonial,,"[""theory"", ""praxis"", ""Andes""]",monograph,2018,"[""Walter D. Mignolo"", ""Catherine E. Walsh""]","On Decoloniality: Concepts, Analytics, Praxis",Duke University Press
dec-wynter-unsettling-2003,decolonial,,"[""theory"", ""the-human"", ""race"", ""Caribbean""]",article,2003,"[""Sylvia Wynter""]","Unsettling the Coloniality of Being/Power/Truth/Freedom: Towards the Human, After Man, Its Overrepresentation—An Argument",CR: The New Centennial Review
dec-coronil-magicalstate-1997,decolonial,,"[""oil"", ""nature"", ""Venezuela"", ""extractivism""]",monograph,1997,"[""Fernando Coronil""]","The Magical State: Nature, Money, and Modernity in Venezuela",University of Chicago Press
dec-mariategui-seven-1928,decolonial,,"[""antecedent"", ""Marxism"", ""Indigenous"", ""Peru""]",monograph,1928,"[""José Carlos Mariátegui""]",Seven Interpretive Essays on Peruvian Reality,Biblioteca Amauta
dec-gudynas-extractivisms-2018,decolonial,,"[""extractivism"", ""theory"", ""environment""]",essay,2018,"[""Eduardo Gudynas""]",Extractivisms: Tendencies and Consequences,Routledge (Reframing Latin American Development)
dec-svampa-neoextractivism-2019,decolonial,,"[""extractivism"", ""theory"", ""conflict"", ""environment""]",monograph,2019,"[""Maristella Svampa""]","Neo-extractivism in Latin America: Socio-environmental Conflicts, the Territorial Turn, and New Political Narratives",Cambridge University Press (Elements)
dec-svampa-commodities-2015,decolonial,,"[""extractivism"", ""commons"", ""theory""]",article,2015,"[""Maristella Svampa""]",Commodities Consensus: Neoextractivism and Enclosure of the Commons in Latin America,South Atlantic Quarterly
dec-acosta-extractivism-2013,decolonial,,"[""extractivism"", ""post-development"", ""buen-vivir""]",essay,2013,"[""Alberto Acosta""]",Extractivism and Neoextractivism: Two Sides of the Same Curse,Beyond Development (TNI / Rosa Luxemburg Foundation)
dec-gago-neoliberalism-2014,decolonial,,"[""theory"", ""neoliberalism"", ""popular-economy"", ""standpoint""]",monograph,2014,"[""Verónica Gago""]",Neoliberalism from Below: Popular Pragmatics and Baroque Economies,Duke University Press
dec-gomezbarris-extractivezone-2017,decolonial,,"[""extractivism"", ""ecology"", ""decolonial"", ""standpoint""]",monograph,2017,"[""Macarena Gómez-Barris""]",The Extractive Zone: Social Ecologies and Decolonial Perspectives,Duke University Press
dec-rivera-chixi-2012,decolonial,,"[""theory"", ""Andean"", ""praxis"", ""standpoint""]",article,2012,"[""Silvia Rivera Cusicanqui""]",Ch'ixinakax utxiwa: A Reflection on the Practices and Discourses of Decolonization,South Atlantic Quarterly
env-cushman-guano-2013,commodity_environmental,,"[""guano"", ""environment"", ""Pacific"", ""labour"", ""absent-beckert""]",monograph,2013,"[""Gregory T. Cushman""]",Guano and the Opening of the Pacific World: A Global Ecological History,Cambridge University Press
env-mitman-rubber-2021,commodity_environmental,,"[""rubber"", ""Liberia"", ""plantation"", ""labour""]",monograph,2021,"[""Gregg Mitman""]",Empire of Rubber: Firestone's Scramble for Land and Power in Liberia,The New Press
env-tully-devilsmilk-2011,commodity_environmental,,"[""rubber"", ""labour"", ""social-history""]",monograph,2011,"[""John Tully""]",The Devil's Milk: A Social History of Rubber,Monthly Review Press
env-liu-teawar-2020,commodity_environmental,,"[""tea"", ""China"", ""India"", ""labour"", ""capitalism"", ""kept-edge-case""]",monograph,2020,"[""Andrew B. Liu""]",Tea War: A History of Capitalism in China and India,Yale University Press
env-rappaport-thirst-2017,commodity_environmental,,"[""tea"", ""empire"", ""consumption"", ""plantation""]",monograph,2017,"[""Erika Rappaport""]",A Thirst for Empire: How Tea Shaped the Modern World,Princeton University Press
env-mccook-coffee-2019,commodity_environmental,,"[""coffee"", ""environment"", ""disease"", ""agroecology""]",monograph,2019,"[""Stuart McCook""]",Coffee Is Not Forever: A Global History of the Coffee Leaf Rust,Ohio University Press
env-soluri-banana-2005,commodity_environmental,,"[""bananas"", ""environment"", ""Honduras"", ""disease"", ""absent-beckert""]",monograph,2005,"[""John Soluri""]","Banana Cultures: Agriculture, Consumption, and Environmental Change in Honduras and the United States",University of Texas Press
env-chomsky-westindian-1996,commodity_environmental,,"[""bananas"", ""labour"", ""race"", ""Costa-Rica""]",monograph,1996,"[""Aviva Chomsky""]","West Indian Workers and the United Fruit Company in Costa Rica, 1870-1940",Louisiana State University Press
env-barak-poweringempire-2020,commodity_environmental,,"[""coal"", ""energy"", ""Middle-East"", ""carbon"", ""absent-beckert""]",monograph,2020,"[""On Barak""]",Powering Empire: How Coal Made the Middle East and Sparked Global Carbonization,University of California Press
env-santiago-ecologyofoil-2006,commodity_environmental,,"[""oil"", ""environment"", ""labour"", ""Mexico""]",monograph,2006,"[""Myrna I. Santiago""]","The Ecology of Oil: Environment, Labor, and the Mexican Revolution, 1900-1938",Cambridge University Press
env-worster-dustbowl-1979,commodity_environmental,,"[""wheat"", ""environment"", ""plains"", ""capitalism""]",monograph,1979,"[""Donald Worster""]",Dust Bowl: The Southern Plains in the 1930s,Oxford University Press
env-cunfer-greatplains-2005,commodity_environmental,,"[""wheat"", ""environment"", ""plains"", ""GIS"", ""revisionist"", ""Saskatchewan""]",monograph,2005,"[""Geoff Cunfer""]",On the Great Plains: Agriculture and Environment,Texas A&M University Press
env-worster-rivers-1985,commodity_environmental,,"[""water"", ""agriculture"", ""West"", ""power""]",monograph,1985,"[""Donald Worster""]","Rivers of Empire: Water, Aridity, and the Growth of the American West",Pantheon Books
env-demuth-floatingcoast-2019,commodity_environmental,,"[""marine"", ""fur"", ""Arctic"", ""energy"", ""Indigenous"", ""absent-beckert""]",monograph,2019,"[""Bathsheba Demuth""]",Floating Coast: An Environmental History of the Bering Strait,W. W. Norton
env-walker-ainu-2001,commodity_environmental,,"[""fur"", ""fisheries"", ""Japan"", ""Ainu"", ""Indigenous""]",monograph,2001,"[""Brett L. Walker""]","The Conquest of Ainu Lands: Ecology and Culture in Japanese Expansion, 1590-1800",University of California Press
env-jakes-egypt-2020,commodity_environmental,,"[""cotton"", ""Egypt"", ""finance"", ""colonial-economism""]",monograph,2020,"[""Aaron G. Jakes""]",Egypt's Occupation: Colonial Economism and the Crises of Capitalism,Stanford University Press
env-ross-ecologypower-2017,commodity_environmental,,"[""tropical"", ""environment"", ""empire"", ""synthesis""]",monograph,2017,"[""Corey Ross""]",Ecology and Power in the Age of Empire: Europe and the Transformation of the Tropical World,Oxford University Press
env-bosma-sugar-2023,commodity_environmental,,"[""sugar"", ""labour"", ""environment"", ""global""]",monograph,2023,"[""Ulbe Bosma""]","The World of Sugar: How the Sweet Stuff Transformed Our Politics, Health, and Environment over 2,000 Years",Belknap Press of Harvard University Press
env-immerwahr-hideempire-2019,commodity_environmental,,"[""guano"", ""territory"", ""empire"", ""USA"", ""absent-beckert""]",monograph,2019,"[""Daniel Immerwahr""]",How to Hide an Empire: A History of the Greater United States,"Farrar, Straus and Giroux"
can-daschuk-clearing-2013,canadian_plains,,"[""Canada"", ""starvation"", ""treaties"", ""CPR"", ""wheat"", ""genocide""]",monograph,2013,"[""James Daschuk""]","Clearing the Plains: Disease, Politics of Starvation, and the Loss of Aboriginal Life",University of Regina Press
can-carter-lostharvests-1990,canadian_plains,,"[""Canada"", ""reserve-farming"", ""policy"", ""agriculture""]",monograph,1990,"[""Sarah Carter""]",Lost Harvests: Prairie Indian Reserve Farmers and Government Policy,McGill-Queen's University Press
can-tobias-subjugation-1983,canadian_plains,,"[""Canada"", ""Cree"", ""treaties"", ""1885""]",article,1983,"[""John L. Tobias""]","Canada's Subjugation of the Plains Cree, 1879-1885",Canadian Historical Review
can-stonechild-waiser-loyal-1997,canadian_plains,,"[""Canada"", ""1885"", ""resistance"", ""repression""]",monograph,1997,"[""Blair Stonechild"", ""Bill Waiser""]",Loyal till Death: Indians and the North-West Rebellion,Fifth House Publishers
can-krasowski-nosurrender-2019,canadian_plains,,"[""Canada"", ""treaties"", ""law"", ""dispossession""]",monograph,2019,"[""Sheldon Krasowski""]",No Surrender: The Land Remains Indigenous,University of Regina Press
can-carter-monogamous-2008,canadian_plains,,"[""Canada"", ""gender"", ""marriage"", ""nation-building""]",monograph,2008,"[""Sarah Carter""]",The Importance of Being Monogamous: Marriage and Nation Building in Western Canada to 1915,University of Alberta Press
can-lux-medicine-2001,canadian_plains,,"[""Canada"", ""health"", ""disease"", ""starvation""]",monograph,2001,"[""Maureen K. Lux""]","Medicine That Walks: Disease, Medicine, and Canadian Plains Native People, 1880-1940",University of Toronto Press
can-lux-separatebeds-2016,canadian_plains,,"[""Canada"", ""health"", ""segregation"", ""institutions""]",monograph,2016,"[""Maureen K. Lux""]","Separate Beds: A History of Indian Hospitals in Canada, 1920s-1980s",University of Toronto Press
can-milloy-nationalcrime-1999,canadian_plains,,"[""Canada"", ""residential-schools"", ""assimilation""]",monograph,1999,"[""John S. Milloy""]","A National Crime: The Canadian Government and the Residential School System, 1879 to 1986",University of Manitoba Press
can-miller-shingwauk-1996,canadian_plains,,"[""Canada"", ""residential-schools"", ""child-labour""]",monograph,1996,"[""J. R. Miller""]",Shingwauk's Vision: A History of Native Residential Schools,University of Toronto Press
can-shewell-enough-2004,canadian_plains,,"[""Canada"", ""welfare"", ""dependency"", ""economy""]",monograph,2004,"[""Hugh Shewell""]","""Enough to Keep Them Alive"": Indian Welfare in Canada, 1873-1965",University of Toronto Press
can-titley-narrowvision-1986,canadian_plains,,"[""Canada"", ""Indian-Affairs"", ""pass-system"", ""bureaucracy""]",monograph,1986,"[""E. Brian Titley""]",A Narrow Vision: Duncan Campbell Scott and the Administration of Indian Affairs in Canada,University of British Columbia Press
can-ray-furtrade-1974,canadian_plains,,"[""Canada"", ""fur-trade"", ""economy"", ""antecedent""]",monograph,1974,"[""Arthur J. Ray""]","Indians in the Fur Trade: Their Role as Trappers, Hunters, and Middlemen in the Lands Southwest of Hudson Bay, 1660-1870",University of Toronto Press
can-tough-naturalresources-1996,canadian_plains,,"[""Canada"", ""economic-history"", ""Manitoba"", ""dispossession""]",monograph,1996,"[""Frank Tough""]","""As Their Natural Resources Fail"": Native Peoples and the Economic History of Northern Manitoba, 1870-1930",University of British Columbia Press
can-sprague-metis-1988,canadian_plains,,"[""Canada"", ""Metis"", ""scrip"", ""Manitoba"", ""dispossession""]",monograph,1988,"[""D. N. Sprague""]","Canada and the Métis, 1869-1885",Wilfrid Laurier University Press
can-stonge-saintlaurent-2004,canadian_plains,,"[""Canada"", ""Metis"", ""Manitoba"", ""economy""]",monograph,2004,"[""Nicole St-Onge""]","Saint-Laurent, Manitoba: Evolving Métis Identities, 1850-1914","Canadian Plains Research Center, University of Regina"
can-macdougall-oneofthefamily-2010,canadian_plains,,"[""Canada"", ""Metis"", ""kinship"", ""Saskatchewan""]",monograph,2010,"[""Brenda Macdougall""]",One of the Family: Metis Kinship in Northwestern Saskatchewan,University of British Columbia Press
can-innes-elderbrother-2013,canadian_plains,,"[""Canada"", ""Cree"", ""kinship"", ""Treaty-4"", ""law""]",monograph,2013,"[""Robert Alexander Innes""]",Elder Brother and the Law of the People: Contemporary Kinship and Cowessess First Nation,University of Manitoba Press
can-trc-honouring-2015,canadian_plains,,"[""Canada"", ""residential-schools"", ""cultural-genocide"", ""report""]",monograph,2015,"[""Truth and Reconciliation Commission of Canada""]","Honouring the Truth, Reconciling for the Future: Summary of the Final Report",McGill-Queen's University Press
con-mckendrick-birth-1982,consumer_society,,"[""consumer-revolution"", ""18c"", ""positive-histories"", ""absent-beckert""]",monograph,1982,"[""Neil McKendrick"", ""John Brewer"", ""J.H. Plumb""]",The Birth of a Consumer Society: The Commercialization of Eighteenth-Century England,Indiana University Press / Europa
con-brewer-porter-worldofgoods-1993,consumer_society,,"[""consumption"", ""material-culture"", ""early-modern""]",edited_volume,1993,"[""John Brewer"", ""Roy Porter""]",Consumption and the World of Goods,Routledge
con-breen-marketplace-2004,consumer_society,,"[""consumption"", ""politics"", ""American-Revolution"", ""citizen-consumer""]",monograph,2004,"[""T.H. Breen""]",The Marketplace of Revolution: How Consumer Politics Shaped American Independence,Oxford University Press
con-cohen-consumersrepublic-2003,consumer_society,,"[""consumption"", ""politics"", ""citizen-consumer"", ""gender"", ""postwar-USA""]",monograph,2003,"[""Lizabeth Cohen""]",A Consumers' Republic: The Politics of Mass Consumption in Postwar America,Alfred A. Knopf
con-glickman-buyingpower-2009,consumer_society,,"[""consumption"", ""activism"", ""politics""]",monograph,2009,"[""Lawrence B. Glickman""]",Buying Power: A History of Consumer Activism in America,University of Chicago Press
con-mcgovern-soldamerican-2006,consumer_society,,"[""consumption"", ""advertising"", ""citizenship"", ""nationalism""]",monograph,2006,"[""Charles F. McGovern""]","Sold American: Consumption and Citizenship, 1890–1945",University of North Carolina Press
con-hilton-consumerism-2003,consumer_society,,"[""consumption"", ""movements"", ""Britain""]",monograph,2003,"[""Matthew Hilton""]",Consumerism in Twentieth-Century Britain: The Search for a Historical Movement,Cambridge University Press
con-trentmann-empireofthings-2016,consumer_society,,"[""consumption"", ""global"", ""synthesis"", ""absent-beckert""]",monograph,2016,"[""Frank Trentmann""]","Empire of Things: How We Became a World of Consumers, from the Fifteenth Century to the Twenty-First",Allen Lane
con-leach-landofdesire-1993,consumer_society,,"[""consumption"", ""desire"", ""retail"", ""advertising""]",monograph,1993,"[""William R. Leach""]","Land of Desire: Merchants, Power, and the Rise of a New American Culture",Pantheon Books
con-marchand-advertising-1985,consumer_society,,"[""consumption"", ""advertising"", ""modernity""]",monograph,1985,"[""Roland Marchand""]","Advertising the American Dream: Making Way for Modernity, 1920–1940",University of California Press
con-cross-allconsuming-2000,consumer_society,,"[""consumption"", ""20c"", ""ideology""]",monograph,2000,"[""Gary Cross""]",An All-Consuming Century: Why Commercialism Won in Modern America,Columbia University Press
ndt-tsing-mushroom-2015,non_deterministic,,"[""assemblage"", ""salvage-accumulation"", ""environment"", ""anti-teleology""]",monograph,2015,"[""Anna Lowenhaupt Tsing""]",The Mushroom at the End of the World: On the Possibility of Life in Capitalist Ruins,Princeton University Press
ndt-tsing-friction-2005,non_deterministic,,"[""friction"", ""global"", ""contingency"", ""Indonesia""]",monograph,2005,"[""Anna Lowenhaupt Tsing""]",Friction: An Ethnography of Global Connection,Princeton University Press
ndt-tsing-arts-2017,non_deterministic,,"[""Anthropocene"", ""multispecies"", ""method""]",edited_volume,2017,"[""Anna Lowenhaupt Tsing"", ""Heather Anne Swanson"", ""Elaine Gan"", ""Nils Bubandt""]",Arts of Living on a Damaged Planet: Ghosts and Monsters of the Anthropocene,University of Minnesota Press
ndt-gibsongraham-endofcapitalism-1996,non_deterministic,,"[""diverse-economies"", ""feminist"", ""theory"", ""anti-totalization""]",monograph,1996,"[""J.K. Gibson-Graham""]",The End of Capitalism (As We Knew It): A Feminist Critique of Political Economy,Blackwell
ndt-gibsongraham-postcapitalist-2006,non_deterministic,,"[""diverse-economies"", ""community-economy"", ""politics""]",monograph,2006,"[""J.K. Gibson-Graham""]",A Postcapitalist Politics,University of Minnesota Press
ndt-sanyal-rethinking-2007,non_deterministic,,"[""postcolonial"", ""primitive-accumulation"", ""non-transition"", ""governmentality""]",monograph,2007,"[""Kalyan Sanyal""]","Rethinking Capitalist Development: Primitive Accumulation, Governmentality and Post-Colonial Capitalism",Routledge India
ndt-tomba-temporalities-2013,non_deterministic,,"[""Marx"", ""temporality"", ""theory"", ""non-linear""]",monograph,2013,"[""Massimiliano Tomba""]",Marx's Temporalities,Brill (Historical Materialism)
ndt-harootunian-marxaftermarx-2015,non_deterministic,,"[""Marx"", ""temporality"", ""subsumption"", ""global""]",monograph,2015,"[""Harry Harootunian""]",Marx After Marx: History and Time in the Expansion of Capitalism,Columbia University Press
ndt-denning-wageless-2010,non_deterministic,,"[""labour"", ""wageless"", ""precarity"", ""theory""]",article,2010,"[""Michael Denning""]",Wageless Life,New Left Review (II/66)
imp-drayton-naturesgov-2000,improvement_science,,"[""improvement"", ""botany"", ""empire"", ""science"", ""kept-edge-case""]",monograph,2000,"[""Richard Drayton""]","Nature's Government: Science, Imperial Britain, and the 'Improvement' of the World",Yale University Press
imp-grove-greenimperialism-1995,improvement_science,,"[""environment"", ""empire"", ""science"", ""conservation""]",monograph,1995,"[""Richard H. Grove""]","Green Imperialism: Colonial Expansion, Tropical Island Edens and the Origins of Environmentalism, 1600-1860",Cambridge University Press
imp-jonsson-enlightenment-2013,improvement_science,,"[""improvement"", ""Scotland"", ""environment"", ""Enlightenment""]",monograph,2013,"[""Fredrik Albritton Jonsson""]",Enlightenment's Frontier: The Scottish Highlands and the Origins of Environmentalism,Yale University Press
imp-warde-sustainability-2018,improvement_science,,"[""sustainability"", ""resources"", ""intellectual-history""]",monograph,2018,"[""Paul Warde""]","The Invention of Sustainability: Nature and Destiny, c. 1500-1870",Cambridge University Press
imp-schiebinger-plantsempire-2004,improvement_science,,"[""botany"", ""bioprospecting"", ""Atlantic"", ""gender"", ""knowledge""]",monograph,2004,"[""Londa Schiebinger""]",Plants and Empire: Colonial Bioprospecting in the Atlantic World,Harvard University Press
imp-irving-naturalscience-2008,improvement_science,,"[""science"", ""empire"", ""Bacon"", ""Locke""]",monograph,2008,"[""Sarah Irving""]",Natural Science and the Origins of the British Empire,Pickering & Chatto
imp-headrick-tentacles-1988,improvement_science,,"[""technology"", ""empire"", ""development"", ""transfer""]",monograph,1988,"[""Daniel R. Headrick""]","The Tentacles of Progress: Technology Transfer in the Age of Imperialism, 1850-1940",Oxford University Press
imp-jacob-scientificculture-1997,improvement_science,,"[""science"", ""industrialization"", ""Newtonian"", ""boundary-pro-improvement""]",monograph,1997,"[""Margaret C. Jacob""]",Scientific Culture and the Making of the Industrial West,Oxford University Press
imp-tarlow-archaeology-2007,improvement_science,,"[""improvement"", ""material-culture"", ""enclosure"", ""Britain""]",monograph,2007,"[""Sarah Tarlow""]","The Archaeology of Improvement in Britain, 1750-1850",Cambridge University Press
pos-griffin-libertysdawn-2013,positive,,"[""industrial-revolution"", ""standard-of-living"", ""agency"", ""Britain""]",monograph,2013,"[""Emma Griffin""]",Liberty's Dawn: A People's History of the Industrial Revolution,Yale University Press
pos-griffin-breadwinner-2020,positive,,"[""Victorian"", ""standard-of-living"", ""gender"", ""household""]",monograph,2020,"[""Emma Griffin""]",Bread Winner: An Intimate History of the Victorian Economy,Yale University Press
pos-bailey-leisureclass-1978,positive,,"[""leisure"", ""Victorian"", ""agency"", ""culture""]",monograph,1978,"[""Peter Bailey""]","Leisure and Class in Victorian England: Rational Recreation and the Contest for Control, 1830-1885",Routledge & Kegan Paul
pos-bailey-popularculture-1998,positive,,"[""leisure"", ""popular-culture"", ""performance"", ""Victorian""]",monograph,1998,"[""Peter Bailey""]",Popular Culture and Performance in the Victorian City,Cambridge University Press
pos-mccloskey-bourgeoisvirtues-2006,positive,,"[""ethics"", ""markets"", ""bourgeois"", ""ideas""]",monograph,2006,"[""Deirdre N. McCloskey""]",The Bourgeois Virtues: Ethics for an Age of Commerce,University of Chicago Press
pos-mccloskey-bourgeoisdignity-2010,positive,,"[""growth"", ""ideas"", ""great-enrichment"", ""anti-materialist""]",monograph,2010,"[""Deirdre N. McCloskey""]",Bourgeois Dignity: Why Economics Can't Explain the Modern World,University of Chicago Press
pos-mccloskey-bourgeoisequality-2016,positive,,"[""growth"", ""ideas"", ""equality"", ""liberalism""]",monograph,2016,"[""Deirdre N. McCloskey""]","Bourgeois Equality: How Ideas, Not Capital or Institutions, Enriched the World",University of Chicago Press
pos-hartwell-irgrowth-1971,positive,,"[""industrial-revolution"", ""standard-of-living"", ""optimist""]",monograph,1971,"[""R. M. Hartwell""]",The Industrial Revolution and Economic Growth,Methuen
pos-hayek-capitalismhistorians-1954,positive,,"[""polemic"", ""standard-of-living"", ""liberalism"", ""foil"", ""kept-edge-case""]",edited_volume,1954,"[""Friedrich A. Hayek""]",Capitalism and the Historians,University of Chicago Press
