source_id,citation,kind,declared_resource,resource_state,resource_sha256,inherited_work_id,existing_person_name_leads,review_status,warning
beckert2025,"Sven Beckert, Capitalism: A Global History (2025)",book,,not_declared,,,[],unverified_metadata_and_name_leads,Declared proxy/excerpt/preprint and corpus processing status do not prove full-text verification.
robinson1983,"Cedric J. Robinson, Black Marxism: The Making of the Black Radical Tradition (1983; UNC Press 2nd ed. 2000)",book,/home/jic823/capitalism/pdf/robinson_black_marxism.pdf,file,69eda77b1fcbd4331bc8d60ddada4c1d3a3e825e684f3bad949b976530d8c0d5,robinson-black-marxism-making-black,[],unverified_metadata_and_name_leads,Declared proxy/excerpt/preprint and corpus processing status do not prove full-text verification.
gonzalez2022,"Carmen Gonzalez and Athena Mutua, 'Mapping Racial Capitalism: Implications for Law', Journal of Law and Political Economy 2.2 (2022)",article,/home/jic823/capitalism/pdf/mutua_2022_jlpe.pdf,file,56c032e69cc03ae0d530ed9544177356c5fb5cb577ea985309e5531f73fedd01,,[],unverified_metadata_and_name_leads,Declared proxy/excerpt/preprint and corpus processing status do not prove full-text verification.
marx1867,"Karl Marx, Capital: A Critique of Political Economy, Vol. I (1867; Marxists Internet Archive edition)",book,/home/jic823/capitalism/pdf/marx_capital_v1.pdf,file,279c2d870a1b76c8944748b77052e3e492def7ca17f8aad60385b211b5bdc6d5,marx-capital-critique-political-economy,"[""karl_marx""]",unverified_metadata_and_name_leads,Declared proxy/excerpt/preprint and corpus processing status do not prove full-text verification.
james1938,"C. L. R. James, The Black Jacobins: Toussaint L'Ouverture and the San Domingo Revolution (1938; Vintage 1963 edition)",book,/home/jic823/capitalism/pdf/james_black_jacobins.pdf,file,93a11a4a86d93abe140ef7d865a0c6818f692c1b894f3af6af4be225d9056bc7,,"[""clr_james""]",unverified_metadata_and_name_leads,Declared proxy/excerpt/preprint and corpus processing status do not prove full-text verification.
wallerstein1974,"Immanuel Wallerstein, The Modern World-System I: Capitalist Agriculture and the Origins of the European World-Economy in the Sixteenth Century (Academic Press, 1974)",book,/home/jic823/capitalism/pdf/wallerstein_mws1.pdf,file,bb4f4d52099505739664dd0bec3988d4444c82d1e2686405483e2b8d80246f5c,wallerstein-modern-world-system,"[""immanuel_wallerstein""]",unverified_metadata_and_name_leads,Declared proxy/excerpt/preprint and corpus processing status do not prove full-text verification.
wood2002,"Ellen Meiksins Wood, The Origin of Capitalism: A Longer View (Verso, 2002)",book,/home/jic823/capitalism/pdf/wood-origin-of-capitalism.pdf,file,a243ab02d2c5f7fdb00cfc4f99f91e32d7b4f3848e15bce792d2fd8641f155ff,wood-origins-capitalism-longer-view,[],unverified_metadata_and_name_leads,Declared proxy/excerpt/preprint and corpus processing status do not prove full-text verification.
thompson1963,"E. P. Thompson, The Making of the English Working Class (Gollancz, 1963)",book,/home/jic823/capitalism/pdf/thompson-making-english-working-class.pdf,file,426215b5d344ddf17920ee44db1877c7011ac81125c6e1dff962009403371163,thompson-making-english-working-class,"[""ep_thompson""]",unverified_metadata_and_name_leads,Declared proxy/excerpt/preprint and corpus processing status do not prove full-text verification.
thompson1991,"E. P. Thompson, Customs in Common (Merlin, 1991) [part 1 scan]",book,/home/jic823/capitalism/pdf/thompson-customs-in-common-part1.pdf,file,0c94417b8c1da349d8005dd0639094d52fbe23f4cdaf5f509b16fadebf9f915a,thompson-customs-common,"[""ep_thompson""]",unverified_metadata_and_name_leads,Declared proxy/excerpt/preprint and corpus processing status do not prove full-text verification.
polanyi1944,"Karl Polanyi, The Great Transformation (Farrar & Rinehart, 1944)",book,/home/jic823/capitalism/pdf/polanyi-great-transformation.pdf,file,f6c9386c550bbccd91f896739f351f6f7922925a104cb23826867fbd0d4ed8e9,polanyi-great-transformation-political-economic,"[""karl_polanyi""]",unverified_metadata_and_name_leads,Declared proxy/excerpt/preprint and corpus processing status do not prove full-text verification.
williams1944,"Eric Williams, Capitalism and Slavery (UNC Press, 1944)",book,/home/jic823/capitalism/pdf/williams-capitalism-and-slavery.pdf,file,a51dc9917a6207b3d78ce68a029e4fafdced4cc28514d817b9f98df70b973f19,williams-capitalism-slavery,"[""eric_williams""]",unverified_metadata_and_name_leads,Declared proxy/excerpt/preprint and corpus processing status do not prove full-text verification.
gibsongraham1996,"J. K. Gibson-Graham, The End of Capitalism (As We Knew It) (Blackwell, 1996)",book,/home/jic823/capitalism/pdf/gibson-graham-end-of-capitalism.pdf,file,16d284fa7e5c3554640a31cdf3998bd151e1ed7e72a446287f7807c999397af3,,[],unverified_metadata_and_name_leads,Declared proxy/excerpt/preprint and corpus processing status do not prove full-text verification.
berghudson2023,"Maxine Berg and Pat Hudson, Slavery, Capitalism and the Industrial Revolution (Polity, 2023)",book,/home/jic823/capitalism/pdf/berg-hudson-slavery-capitalism-industrial-revolution.pdf,file,10528920840bb22fc5c44d9ec7e901d4606c073b866f386f0ddac11c66dd3da4,hudson-slavery-capitalism-industrial-revolution,"[""maxine_berg""]",unverified_metadata_and_name_leads,Declared proxy/excerpt/preprint and corpus processing status do not prove full-text verification.
wrigley2010,"E. A. Wrigley, Energy and the English Industrial Revolution (CUP, 2010)",book,/home/jic823/capitalism/pdf/wrigley-energy-english-industrial-revolution.pdf,file,ef9c3116887aacda7ddd8f7ec47d11f9ec3434a81dd0e28c80c6221d311aa694,wrigley-energy-english-industrial-revolution,"[""e_a_wrigley""]",unverified_metadata_and_name_leads,Declared proxy/excerpt/preprint and corpus processing status do not prove full-text verification.
wrigley1962,"E. A. Wrigley, 'The Supply of Raw Materials in the Industrial Revolution', EcHR (1962)",article,/home/jic823/capitalism/pdf/wrigley-supply-raw-materials-1962.pdf,file,86201fc51bf31d35eab275dd0972965cab09d13d887293ad7e235089e1921078,wrigley-supply-raw-materials-industrial,"[""e_a_wrigley""]",unverified_metadata_and_name_leads,Declared proxy/excerpt/preprint and corpus processing status do not prove full-text verification.
wrigley2003,"E. A. Wrigley, 'The Quest for the Industrial Revolution', PBA 121 (2003)",article,/home/jic823/capitalism/pdf/wrigley-pba121-quest-industrial-revolution.pdf,file,468ff6af4cf80d0edc01135582f8bad0fe70ccd3f4386d3f67f7ae3bb4c7d27b,wrigley-quest-industrial-revolution,"[""e_a_wrigley""]",unverified_metadata_and_name_leads,Declared proxy/excerpt/preprint and corpus processing status do not prove full-text verification.
moore2017,"Jason W. Moore, 'The Capitalocene, Part I', Journal of Peasant Studies 44.3 (2017)",article,/home/jic823/capitalism/pdf/moore-capitalocene-part1-jps2017.pdf,file,026fc1faa206ce03484d5756b8ec295f1d8d2b5d6f46f5a6c20a5b0182d393cb,moore-capitalocene-part-i-nature,[],unverified_metadata_and_name_leads,Declared proxy/excerpt/preprint and corpus processing status do not prove full-text verification.
moore2016intro,"Jason W. Moore, introduction to Anthropocene or Capitalocene? (PM Press, 2016) [24pp excerpt]",chapter,/home/jic823/capitalism/pdf/moore-anthropocene-or-capitalocene-2016.pdf,file,aba8d11309356af2ba216edb373e119bff47db0421d9086693575ff47f52083a,moore-anthropocene-capitalocene-nature-history,[],unverified_metadata_and_name_leads,Declared proxy/excerpt/preprint and corpus processing status do not prove full-text verification.
rockman2980,"Seth Rockman et al., History of Capitalism Bibliography, Brown History 2980x (Spring 2021)",bibliography,/home/jic823/capitalism/pdf/rockman2980-bibliography-2021.pdf,file,c1211c2bf38b701ee0e96d399f99b749d7bc276d236380ec586248586cda0c08,,[],unverified_metadata_and_name_leads,Declared proxy/excerpt/preprint and corpus processing status do not prove full-text verification.
pomeranz2000,"Kenneth Pomeranz, The Great Divergence: China, Europe, and the Making of the Modern World Economy (Princeton, 2000)",book,/home/jic823/capitalism/pdf/pomeranz-great-divergence.pdf,file,4717a75be8fce9c0de84cd07903c988f696052c30a2770d3e46c167e6aeea5d6,pomeranz-great-divergence-china-europe,"[""kenneth_pomeranz""]",unverified_metadata_and_name_leads,Declared proxy/excerpt/preprint and corpus processing status do not prove full-text verification.
wallerstein1983,"Immanuel Wallerstein, Historical Capitalism (Verso, 1983)",book,/home/jic823/capitalism/pdf/wallerstein-historical-capitalism.pdf,file,b86f8034bf10a7b05995191bd46c279748fd38ef736ff304ce2ed525a3e7421a,wallerstein-historical-capitalism,"[""immanuel_wallerstein""]",unverified_metadata_and_name_leads,Declared proxy/excerpt/preprint and corpus processing status do not prove full-text verification.
braudel1979v2,"Fernand Braudel, Civilization and Capitalism, Vol. II: The Wheels of Commerce (Harper & Row, 1982)",book,/home/jic823/capitalism/pdf/braudel-civilization-capitalism-vol2.pdf,file,e813589379027e16b2d406590b393083d9caf7047b71db09bba1826f6670a758,,"[""fernand_braudel""]",unverified_metadata_and_name_leads,Declared proxy/excerpt/preprint and corpus processing status do not prove full-text verification.
braudel1979v3,"Fernand Braudel, Civilization and Capitalism, Vol. III: The Perspective of the World (Harper & Row, 1984)",book,/home/jic823/capitalism/pdf/braudel-civilization-capitalism-vol3.pdf,file,df9fea4cf390ebf475ab75172aed89b39d5b9948a192f9179e5d667d5e7fcfbf,,"[""fernand_braudel""]",unverified_metadata_and_name_leads,Declared proxy/excerpt/preprint and corpus processing status do not prove full-text verification.
blackburn1997,"Robin Blackburn, The Making of New World Slavery: From the Baroque to the Modern, 1492-1800 (Verso, 1997)",book,/home/jic823/capitalism/pdf/blackburn1997,directory,,blackburn-making-new-world-slavery,[],unverified_metadata_and_name_leads,Declared proxy/excerpt/preprint and corpus processing status do not prove full-text verification.
brenner1976,"Robert Brenner, 'Agrarian Class Structure and Economic Development in Pre-Industrial Europe', Past & Present 70 (1976)",article,/home/jic823/capitalism/pdf/brenner-agrarian-class-structure-1976.pdf,file,2bc1c88aab35e412d24cd2ff5737cc33eccb6f0a0a8718273df2fce012e4d7d8,brenner-agrarian-class-structure-economic,[],unverified_metadata_and_name_leads,Declared proxy/excerpt/preprint and corpus processing status do not prove full-text verification.
mintz1985,"Sidney W. Mintz, Sweetness and Power: The Place of Sugar in Modern History (Viking, 1985)",book,/home/jic823/capitalism/pdf/mintz-sweetness-and-power.pdf,file,5306919e23d2686df06e1bf31b973a382abd003d27e4182f040e1c8952bd9b56,mintz-sweetness-power-place-sugar,[],unverified_metadata_and_name_leads,Declared proxy/excerpt/preprint and corpus processing status do not prove full-text verification.
devries1994,"Jan de Vries, 'The Industrial Revolution and the Industrious Revolution', Journal of Economic History 54.2 (1994)",article,/home/jic823/capitalism/pdf/devries-industrious-revolution.pdf,file,2a4268c8d5905c2099479b644177a8331e18c7d94d2fd26273df535bc0487f32,vries-industrial-revolution-industrious-revolution,"[""jan_de_vries""]",unverified_metadata_and_name_leads,Declared proxy/excerpt/preprint and corpus processing status do not prove full-text verification.
mokyr2004,"Joel Mokyr, 'Accounting for the Industrial Revolution', in Cambridge Economic History of Modern Britain I (CUP, 2004)",chapter,/home/jic823/capitalism/pdf/mokyr-reading2.pdf,file,3b16f8384a4dd721da39fb8273c4e85b03bc5aacb9a579650d9819d69d5d1404,,"[""joel_mokyr""]",unverified_metadata_and_name_leads,Declared proxy/excerpt/preprint and corpus processing status do not prove full-text verification.
cambridge2014v1,"Larry Neal and Jeffrey G. Williamson, eds., The Cambridge History of Capitalism, Vol. I (CUP, 2014)",book,/home/jic823/capitalism/pdf/cambridge-history-of-capitalism.epub,file,625b4ca59688b8546a07bb88c8aac79a5b84a255824142600cf71eaf9a08b2cc,,[],unverified_metadata_and_name_leads,Declared proxy/excerpt/preprint and corpus processing status do not prove full-text verification.
cambridge2014v2,"Larry Neal and Jeffrey G. Williamson, eds., The Cambridge History of Capitalism, Vol. II: The Spread of Capitalism (CUP, 2014)",book,/home/jic823/capitalism/pdf/cambridge-history-capitalism-vol2.pdf,file,8aac08b4b9ed1f04030242807e88d395b393d3d7322d37f96dce3edf4905bc9a,,[],unverified_metadata_and_name_leads,Declared proxy/excerpt/preprint and corpus processing status do not prove full-text verification.
steffen2015,"Will Steffen, Wendy Broadgate, Lisa Deutsch, Owen Gaffney and Cornelia Ludwig, 'The Trajectory of the Anthropocene: The Great Acceleration', Anthropocene Review 2.1 (2015)",article,/home/jic823/capitalism/pdf/steffen-2015-great-acceleration.pdf,file,6466c5fdb7ccb2cf1798d796e4152554b515492cbb1138679fba33024cb53d24,steffen-trajectory-anthropocene-great-acceleration,[],unverified_metadata_and_name_leads,Declared proxy/excerpt/preprint and corpus processing status do not prove full-text verification.
clifford2026,"Jim Clifford and Iva Lucic, 'Thinking through forests: Colonialism, capitalism, and the global timber trade', Journal of Historical Geography 92 (2026)",article,/home/jic823/capitalism/pdf/clifford-lucic-2026-thinking-through-forests.pdf,file,6a1bcf183cb9f97e12e9a3877e464c8f9678be6dbc789fffbbbec75be8c4f9a4,,[],unverified_metadata_and_name_leads,Declared proxy/excerpt/preprint and corpus processing status do not prove full-text verification.
zalasiewicz2008,"Jan Zalasiewicz et al., 'Are we now living in the Anthropocene?', GSA Today 18.2 (2008)",article,/home/jic823/capitalism/pdf/zalasiewicz-2008-gsa-anthropocene.pdf,file,71694d0b76abad42e8f5ddc4d93a7e875cfecd85e40f185c0c5ae07523b4a951,zalasiewicz-are-we-now-living,[],unverified_metadata_and_name_leads,Declared proxy/excerpt/preprint and corpus processing status do not prove full-text verification.
malmhornborg2014,"Andreas Malm and Alf Hornborg, 'The geology of mankind? A critique of the Anthropocene narrative', Anthropocene Review 1.1 (2014)",article,/home/jic823/capitalism/pdf/malm-hornborg-2014-geology-mankind.pdf,file,232867d356288771290cde0ad73e5413a0710ff69fa2e88595136315285978e3,malm-geology-mankind-critique-anthropocene,[],unverified_metadata_and_name_leads,Declared proxy/excerpt/preprint and corpus processing status do not prove full-text verification.
waters2016,"Colin N. Waters et al., 'The Anthropocene is functionally and stratigraphically distinct from the Holocene', Science 351 (2016)",article,/home/jic823/capitalism/pdf/waters-2016-anthropocene-distinct.pdf,file,123ee23daa119dc22e16fb7d82b8965be9e2bcfdf716fce26ea78fa864c96af5,,[],unverified_metadata_and_name_leads,Declared proxy/excerpt/preprint and corpus processing status do not prove full-text verification.
awgsummary,"Anthropocene Working Group, Crawford Lake GSSP submission executive summary (EarthArXiv copy, 2023)",article,/home/jic823/capitalism/pdf/awg-submission-summary.pdf,file,dcae353c9a1df9fdb5c9dd58165ef20e0279bb5a7602d5fb003326cf6afb3110,,[],unverified_metadata_and_name_leads,Declared proxy/excerpt/preprint and corpus processing status do not prove full-text verification.
jonell2024,"Tara N. Jonell, Peter Jones, Adam Lucas and Simon Naylor, 'Limited waterpower contributed to rise of steam power in British Cottonopolis', PNAS Nexus 3 (2024)",article,/home/jic823/capitalism/pdf/jonell-2024-limited-waterpower.pdf,file,b6ebd40fb084113466cc439679413ae10eaa84dac8644bd6d1fcf8596106620c,,[],unverified_metadata_and_name_leads,Declared proxy/excerpt/preprint and corpus processing status do not prove full-text verification.
chakrabarty2009,"Dipesh Chakrabarty, 'The Climate of History: Four Theses', Critical Inquiry 35.2 (2009)",article,/home/jic823/capitalism/pdf/chakrabarty-climate-of-history.pdf,file,61a68bd1e109e4f12fb3c2eeaed5922d78b718b3081b1005c51f64398c22f65c,chakrabarty-climate-history-four-theses,"[""dipesh_chakrabarty""]",unverified_metadata_and_name_leads,Declared proxy/excerpt/preprint and corpus processing status do not prove full-text verification.
tsing2015,"Anna Lowenhaupt Tsing, The Mushroom at the End of the World (Princeton, 2015)",book,/home/jic823/capitalism/pdf/tsing-mushroom-end-of-world.pdf,file,7c66c35506b71c5857e8b7d9a58727b6b38eb0f35f98ad3ce986c12fc38e3cae,tsing-mushroom-end-world-possibility,[],unverified_metadata_and_name_leads,Declared proxy/excerpt/preprint and corpus processing status do not prove full-text verification.
moore2015,"Jason W. Moore, Capitalism in the Web of Life: Ecology and the Accumulation of Capital (Verso, 2015)",book,/home/jic823/capitalism/pdf/moore-capitalism-web-of-life.pdf,file,53a575d07c2fcd64c4061fca309c250200a768833bf1cbdb2e74fb646bbb746d,moore-capitalism-web-life-ecology,[],unverified_metadata_and_name_leads,Declared proxy/excerpt/preprint and corpus processing status do not prove full-text verification.
malm2016,"Andreas Malm, Fossil Capital: The Rise of Steam Power and the Roots of Global Warming (Verso, 2016)",book,/home/jic823/capitalism/pdf/malm-fossil-capital-full.pdf,file,edc5c06eaf5653b7eb598b65dadc36651e0301c324c2351425e874e380f9e435,malm-fossil-capital-rise-steam,[],unverified_metadata_and_name_leads,Declared proxy/excerpt/preprint and corpus processing status do not prove full-text verification.
malm2013,"Andreas Malm, 'The Origins of Fossil Capital: From Water to Steam', Historical Materialism 21.1 (2013)",article,/home/jic823/capitalism/pdf/malm-origins-fossil-capital.pdf,file,6294b308e3fe16dcf48ed4e92703de402427919004886ff34d4dc662485284a4,,[],unverified_metadata_and_name_leads,Declared proxy/excerpt/preprint and corpus processing status do not prove full-text verification.
hobsbawm1962,"Eric Hobsbawm, The Age of Revolution: Europe 1789-1848 (Weidenfeld & Nicolson, 1962)",book,/home/jic823/capitalism/pdf/hobsbawm-age-of-revolution.mobi,file,921fdce2246d8334c0a4fd6a02343659462777c72cf521e58fccda2697d76246,,"[""eric_hobsbawm""]",unverified_metadata_and_name_leads,Declared proxy/excerpt/preprint and corpus processing status do not prove full-text verification.
cushmanlords,"Gregory T. Cushman, 'The Lords of Guano: Science and the Management of Peru's Marine Environment' (PhD diss., UT Austin, 2003) [proxy for Guano and the Opening of the Pacific World]",dissertation,/home/jic823/capitalism/pdf/cushman-lords-of-guano.pdf,file,7c10288763fad31b78b558c6f07f6f38ddde3411b480725b26f6271c7ac115a4,,[],unverified_metadata_and_name_leads,Declared proxy/excerpt/preprint and corpus processing status do not prove full-text verification.
clifford2021,"Jim Clifford, 'London's Soap Industry and the Development of Global Ghost Acres', Environment and History 27.3 (2021)",article,/home/jic823/capitalism/pdf/clifford-2021-soap-ghost-acres.pdf,file,3474ca42b392fd8ef61ac50d7451f8e3475bd6597f93c1acb02ada1bac08a69f,,[],unverified_metadata_and_name_leads,Declared proxy/excerpt/preprint and corpus processing status do not prove full-text verification.
demuthdiss,"Bathsheba Demuth, 'The Power of Place: Ideology and Ecology in the Bering Strait, 1848-1988' (PhD diss., UC Berkeley) [proxy for Floating Coast]",dissertation,/home/jic823/capitalism/pdf/demuth-dissertation-bering.pdf,file,6049f0b9812d3a258e8daae476fabf534e603a3faa31192a1762a76b08d333ee,,[],unverified_metadata_and_name_leads,Declared proxy/excerpt/preprint and corpus processing status do not prove full-text verification.
clifford2022,"Jim Clifford and Stephane Castonguay, 'British ghost acres and environmental changes in the Laurentian forest' (2022)",article,/home/jic823/capitalism/pdf/clifford-ghost-acres-laurentian.pdf,file,92e1ae6c9bf2465dae3a20368cf06038cd1dddecd47442b1c53fd06d965d2758,clifford-british-ghost-acres,[],unverified_metadata_and_name_leads,Declared proxy/excerpt/preprint and corpus processing status do not prove full-text verification.
theodoridis2018,"Dimitrios Theodoridis, Paul Warde and Astrid Kander, 'Trade and overcoming land constraints in British industrialization' (2018)",article,/home/jic823/capitalism/pdf/theodoridis-warde-kander-2018.pdf,file,2709104ca31098623bda481a3762980fef1d975896e9e87c753d631cc3299103,theodoridis-trade-overcoming-land-constraints,[],unverified_metadata_and_name_leads,Declared proxy/excerpt/preprint and corpus processing status do not prove full-text verification.
warde2018,"Paul Warde, 'Trees, Trade and Textiles: Potash Imports and Ecological Dependency' (2018)",article,/home/jic823/capitalism/pdf/warde-2018-trees-trade-textiles.pdf,file,0a32a0fb77558eb421cac230f801a6c665f434bfbbb02843fb38d38f73700710,warde-trees-trade-textiles-potash,[],unverified_metadata_and_name_leads,Declared proxy/excerpt/preprint and corpus processing status do not prove full-text verification.
henriqueswarde2017,"Sofia Henriques and Paul Warde, 'Fuelling the English breakfast: hidden energy flows' (2017)",article,/home/jic823/capitalism/pdf/henriques-warde-2017-english-breakfast.pdf,file,63adfa368481dbb3bb07ed96820dfc0a570a2802680ee24aee94e4da6a4ed668,henriques-fuelling-english-breakfast-hidden,[],unverified_metadata_and_name_leads,Declared proxy/excerpt/preprint and corpus processing status do not prove full-text verification.
wynn2023,"Graeme Wynn, 'Forests, Frontiers, and Extractivism' (2023)",article,/home/jic823/capitalism/pdf/wynn-2023-forests-frontiers-extractivism.pdf,file,eb1cdc8d28930ef547c860a7502d896711140337cd7410a55891943254d9e435,wynn-forests-frontiers-extractivism,[],unverified_metadata_and_name_leads,Declared proxy/excerpt/preprint and corpus processing status do not prove full-text verification.
demuthwalrus,"Bathsheba Demuth, 'The Walrus and the Bureaucrat: Energy, Ecology, and Making the State' (2019)",article,/home/jic823/capitalism/pdf/demuth-walrus-bureaucrat.pdf,file,45366795556a122e841cc2822e5d4b9518a30632c05b10169afa531d9042643d,,[],unverified_metadata_and_name_leads,Declared proxy/excerpt/preprint and corpus processing status do not prove full-text verification.
cliffordlogging,"Jim Clifford, 'Logging and Settlement beyond the Rapids: Unmaking Algonquin Space' (2024)",article,/home/jic823/capitalism/pdf/clifford-logging-beyond-rapids.pdf,file,80121d3d9c0f2a324bdc6ce1a3504e246561852f0febf0e23f720408d52e50f1,clifford-logging-settlement-beyond-rapids,[],unverified_metadata_and_name_leads,Declared proxy/excerpt/preprint and corpus processing status do not prove full-text verification.
olmstead2018,"Alan L. Olmstead and Paul W. Rhode, 'Cotton, Slavery, and the New History of Capitalism', Explorations in Economic History 67 (2018)",article,/home/jic823/capitalism/pdf/olmstead_rhode_2018.pdf,file,5e6d42239935fbef9642cf2fe4ebbf825a8f01d6d3d9523d80a1b661f5ed423a,olmstead-cotton-slavery-new-history,[],unverified_metadata_and_name_leads,Declared proxy/excerpt/preprint and corpus processing status do not prove full-text verification.
hilt2017,"Eric Hilt, 'Economic History, Historical Analysis, and the ""New History of Capitalism""', Journal of Economic History 77.2 (2017)",article,/home/jic823/capitalism/pdf/hilt_2017_jeh.pdf,file,102f6e6f4a5750c0378ba5b62255121e8fdb99a286b25488058fcdf106335f1c,hilt-economic-history,[],unverified_metadata_and_name_leads,Declared proxy/excerpt/preprint and corpus processing status do not prove full-text verification.
wright2020,"Gavin Wright, 'Slavery and Anglo-American Capitalism Revisited', Economic History Review 73.2 (2020)",article,/home/jic823/capitalism/pdf/wright_2020_ehr.pdf,file,5ae80f90f8b7f461f4e559d4ddf14bc8d601272f7c66143ae0716367d7b74595,wright-slavery-anglo-american-capitalism,[],unverified_metadata_and_name_leads,Declared proxy/excerpt/preprint and corpus processing status do not prove full-text verification.
neptune2019,"H. Reuben Neptune, 'Throwin' Scholarly Shade: Eric Williams in the New Histories of Capitalism and Slavery', Journal of the Early Republic 39.2 (2019)",article,/home/jic823/capitalism/pdf/neptune_2019_jer.pdf,file,c2d2931f96b6c18fc28df262e431fc93d02302d78d8a6de42915fe3a4841a265,neptune-throwin-scholarly-shade-eric,"[""eric_williams""]",unverified_metadata_and_name_leads,Declared proxy/excerpt/preprint and corpus processing status do not prove full-text verification.
marks1998,"Robert B. Marks, 'Commercialization Without Capitalism: Processes of Environmental Change in South China, 1550-1850', Environmental History 3.1 (1998)",article,/home/jic823/capitalism/pdf/marks_1998_eh.pdf,file,a20e30c779b4b1b1b5097719d497f8ae46b7aaf0a7d98cc445b40547cbd7cada,,[],unverified_metadata_and_name_leads,Declared proxy/excerpt/preprint and corpus processing status do not prove full-text verification.
dominick1998,"Raymond Dominick, 'Capitalism, Communism, and Environmental Protection: Lessons from the German Experience', Environmental History 3.3 (1998)",article,/home/jic823/capitalism/pdf/dominick_1998_eh.pdf,file,c4b9d570753fb2b2c226b3f72928983a8f47d7da5b9cc8e37da24ac29f1286bf,,[],unverified_metadata_and_name_leads,Declared proxy/excerpt/preprint and corpus processing status do not prove full-text verification.
zarrilli2001,"Adrian Gustavo Zarrilli, 'Capitalism, Ecology, and Agrarian Expansion in the Pampean Region, 1890-1950', Environmental History 6.4 (2001)",article,/home/jic823/capitalism/pdf/zarrilli_2001_eh.pdf,file,c9e5434159f8ca64ad37ad0b55a0e876d9a503623cf2dbe0ffb3a7cd44757877,,[],unverified_metadata_and_name_leads,Declared proxy/excerpt/preprint and corpus processing status do not prove full-text verification.
grettler2001,"David J. Grettler, 'The Nature of Capitalism: Environmental Change and Conflict over Commercial Fishing in Nineteenth-Century Delaware', Environmental History 6.3 (2001)",article,/home/jic823/capitalism/pdf/grettler_2001_eh.pdf,file,7564e06d665261019184e5b310040f821dca0f66407dfbeea3a1d57566cda9ad,,[],unverified_metadata_and_name_leads,Declared proxy/excerpt/preprint and corpus processing status do not prove full-text verification.
white2011,"Sam White, 'From Globalized Pig Breeds to Capitalist Pigs: A Study in Animal Cultures and Evolutionary History', Environmental History 16.1 (2011)",article,/home/jic823/capitalism/pdf/white_2011_eh.pdf,file,f9d20ea47104ce276a75fda14d3dc48aa734ef93671c8941cdd1e1d0cc8c9cb6,,[],unverified_metadata_and_name_leads,Declared proxy/excerpt/preprint and corpus processing status do not prove full-text verification.
howell2023,"Jordan Howell, 'Capital Prospects: Jamaica and the Environmental History of Postwar Decolonization', Environmental History 28.1 (2023)",article,/home/jic823/capitalism/pdf/howell_eh.pdf,file,2407b3739e032f961d70038e7041482682369971476b2653ffe1c92183966ecd,,[],unverified_metadata_and_name_leads,Declared proxy/excerpt/preprint and corpus processing status do not prove full-text verification.
newton2023,"Jason L. Newton, 'Cutover Capitalism: Connecting Labor and Nature in Forest Extraction', Environmental History 28.4 (2023)",article,/home/jic823/capitalism/pdf/newton_eh.pdf,file,cba8f7fb76c43a7241dbd8ffb4201e40169f65609f3a901d354b4356a339f1bf,,[],unverified_metadata_and_name_leads,Declared proxy/excerpt/preprint and corpus processing status do not prove full-text verification.
broadberry2012wp,"Stephen Broadberry, Bruce Campbell, Alexander Klein, Mark Overton and Bas van Leeuwen, 'British Economic Growth, 1270-1870: an output-based approach' (Kent School of Economics DP 1203, 2012) [proxy for the 2015 CUP book]",article,/home/jic823/capitalism/pdf/broadberry_2012_wp.pdf,file,446a00f894706dad4e938521aed13e4534948e2e782ce2931e87c1562c697be7,broadberry-british-economic-growth-1270,[],unverified_metadata_and_name_leads,Declared proxy/excerpt/preprint and corpus processing status do not prove full-text verification.
humphries2019,"Jane Humphries and Benjamin Schneider, 'Spinning the industrial revolution', Economic History Review 72.1 (2019)",article,/home/jic823/capitalism/pdf/humphries_2019_ehr.pdf,file,d6485353715c99575699b1d0ecee63ca59aae69c63c97245eed2c25f07ed48b5,humphries-spinning-industrial-revolution,[],unverified_metadata_and_name_leads,Declared proxy/excerpt/preprint and corpus processing status do not prove full-text verification.
allen2019,"Robert C. Allen, 'Spinning their wheels: a reply to Jane Humphries and Benjamin Schneider', Economic History Review 72.4 (2019)",article,/home/jic823/capitalism/pdf/allen_2019_ehr.pdf,file,9f47fa01af560c879bae63d7490b99d71650b7581f0349da39087921f4bf90e6,,[],unverified_metadata_and_name_leads,Declared proxy/excerpt/preprint and corpus processing status do not prove full-text verification.
allen2001,"Robert C. Allen, 'The Great Divergence in European Wages and Prices from the Middle Ages to the First World War', Explorations in Economic History 38 (2001)",article,/home/jic823/capitalism/pdf/greatdivergence_dl.pdf,file,fce4cd2cbbdcde323a46ad04be65faf40448db49daace2dc3a6bb1133414102b,allen-great-divergence-european-wages,[],unverified_metadata_and_name_leads,Declared proxy/excerpt/preprint and corpus processing status do not prove full-text verification.
allen2010pba,"Robert C. Allen, 'The British Industrial Revolution in Global Perspective' (Keynes Lecture), Proceedings of the British Academy 167 (2010)",article,/home/jic823/capitalism/pdf/pba167_divergence.pdf,file,fb8ca7b35ff099a14937bab608736aa8802f481d4ee255d7cfa45d45d556607a,allen-british-industrial-revolution-global,[],unverified_metadata_and_name_leads,Declared proxy/excerpt/preprint and corpus processing status do not prove full-text verification.
mokyr2021,"Joel Mokyr, ''The Holy Land of Industrialism': rethinking the Industrial Revolution' (Keynes Lecture), Journal of the British Academy 9 (2021)",article,/home/jic823/capitalism/pdf/mokyr_2021_holyland.pdf,file,da6f06a3cac5f8d97b4c03250edb8f875630e0ea381ec0573416720cda418cf5,,"[""joel_mokyr""]",unverified_metadata_and_name_leads,Declared proxy/excerpt/preprint and corpus processing status do not prove full-text verification.
overton1996,"Mark Overton, Agricultural Revolution in England: The Transformation of the Agrarian Economy 1500-1850 (Cambridge University Press, 1996) [bibliography hand-structured by Jim, field_graph/raw/overton1996_bib.json]",book,,not_declared,,overton-agricultural-revolution-england-transformation,[],unverified_metadata_and_name_leads,Declared proxy/excerpt/preprint and corpus processing status do not prove full-text verification.
gudynas2018,"Eduardo Gudynas, 'Extractivisms: Tendencies and Consequences', in Reframing Latin American Development, eds. Ronaldo Munck and Raul Delgado Wise (Routledge, 2018)",chapter,/home/jic823/capitalism/pdf/gudynas_2018_extractivisms.pdf,file,543c60a24f347503d490284b8b199979bafab4cea283f77005b00a2fe058c975,gudynas-extractivisms-tendencies-consequences,[],unverified_metadata_and_name_leads,Declared proxy/excerpt/preprint and corpus processing status do not prove full-text verification.
obrien2001,"Patrick Karl O'Brien, 'Metanarratives in Global Histories of Material Progress', International History Review 23.2 (2001)",article,/home/jic823/capitalism/pdf/obrien_2001_ihr.pdf,file,6ecc18e969f35eb69d0ad3e04c7794cd9f94e713e30600dc9ffa9fae8b13fb9f,,[],unverified_metadata_and_name_leads,Declared proxy/excerpt/preprint and corpus processing status do not prove full-text verification.
goldstone2021,"Jack A. Goldstone, 'Dating the Great Divergence', Journal of Global History 16.2 (2021)",article,/home/jic823/capitalism/pdf/goldstone_2021_jgh.pdf,file,0ec42a0cec515ece7406d3d02e3659b7c5e0fdcde0234c90c454ba6a44d02576,goldstone-dating-great-divergence,"[""jack_goldstone""]",unverified_metadata_and_name_leads,Declared proxy/excerpt/preprint and corpus processing status do not prove full-text verification.
broadberry2021,"Stephen Broadberry, 'Historical national accounting and dating the Great Divergence', Journal of Global History 16.2 (2021)",article,/home/jic823/capitalism/pdf/broadberry_2021_jgh.pdf,file,79de667a9e6f40a0834416f97e9edf6b36f2d4429f8c9d3625b58905e2b351f1,,[],unverified_metadata_and_name_leads,Declared proxy/excerpt/preprint and corpus processing status do not prove full-text verification.
broadberry2018,"Stephen Broadberry, Hanhui Guan and David Daokui Li, 'China, Europe, and the Great Divergence: A Study in Historical National Accounting, 980-1850', Journal of Economic History 78.4 (2018)",article,/home/jic823/capitalism/pdf/broadberry_2018_jeh.pdf,file,fd60212600f47bb7746601eb27070ec02cf99b598c0315b1f3ac6121a9e288b7,broadberry-china-europe-great-divergence,[],unverified_metadata_and_name_leads,Declared proxy/excerpt/preprint and corpus processing status do not prove full-text verification.
mokyr2018,"Joel Mokyr, 'Bottom-up or top-down? The origins of the Industrial Revolution', Journal of Institutional Economics 14.6 (2018)",article,/home/jic823/capitalism/pdf/mokyr_2018_jie.pdf,file,aa0059a5e646897f192d21b4317a6d180211259c20508ba606f278feda094fba,,"[""joel_mokyr""]",unverified_metadata_and_name_leads,Declared proxy/excerpt/preprint and corpus processing status do not prove full-text verification.
sorlinwarde2007,"Sverker Sorlin and Paul Warde, 'The Problem of Environmental History: A Re-Reading of the Field', Environmental History 12.1 (2007)",article,/home/jic823/capitalism/pdf/envhis_12_1.pdf,file,6760aa33cc9e9e78732127a3fd73d97a009a1a8a28d4bc25895422613365d91e,,[],unverified_metadata_and_name_leads,Declared proxy/excerpt/preprint and corpus processing status do not prove full-text verification.
jonsson2010,"Fredrik Albritton Jonsson, 'Rival Ecologies of Global Commerce: Adam Smith and the Natural Historians', American Historical Review 115.5 (2010)",article,/home/jic823/capitalism/pdf/jonsson_2010_ahr.pdf,file,931d7440d096c0bf83a01ca8245a090062b08992cb50a5663772ce1527d7fae8,,"[""adam_smith""]",unverified_metadata_and_name_leads,Declared proxy/excerpt/preprint and corpus processing status do not prove full-text verification.
jonsson2012,"Fredrik Albritton Jonsson, 'The Industrial Revolution in the Anthropocene', Journal of Modern History 84.3 (2012)",article,/home/jic823/capitalism/pdf/jonsson_2012_jmh.pdf,file,f73a632cb2823779162a06bc9beee84a03f94742d6f84db261035ed06626f2e0,jonsson-industrial-revolution-anthropocene,[],unverified_metadata_and_name_leads,Declared proxy/excerpt/preprint and corpus processing status do not prove full-text verification.
jonsson2014,"Fredrik Albritton Jonsson, 'The Origins of Cornucopianism: A Preliminary Genealogy', Critical Historical Studies 1.1 (2014)",article,/home/jic823/capitalism/pdf/jonsson_2014_chs.pdf,file,3985412f06e16e45b2240f36b9a3a0d217f78c975ae66f44dbf99998bc856c83,jonsson-origins-cornucopianism-preliminary-genealogy,[],unverified_metadata_and_name_leads,Declared proxy/excerpt/preprint and corpus processing status do not prove full-text verification.
otter2018,"Chris Otter, Alison Bashford, John L. Brooke, Fredrik Albritton Jonsson and Jason M. Kelly, 'Roundtable: The Anthropocene in British History', Journal of British Studies 57 (2018)",article,/home/jic823/capitalism/pdf/otter_2018_roundtable.pdf,file,002979a6d5b386631835ac8c482e1e6b56b2d2a3b21a764d0fa9849c7eec880f,,[],unverified_metadata_and_name_leads,Declared proxy/excerpt/preprint and corpus processing status do not prove full-text verification.
burnardriello2020,"Trevor Burnard and Giorgio Riello, 'Slavery and the new history of capitalism', Journal of Global History 15.2 (2020)",article,/home/jic823/capitalism/pdf/burnard_riello_2020_jgh.pdf,file,3c9653271bf4fa79465e0d9784dbcabe458fbed54054aedc4ae79ba17fff505e,burnard-slavery-new-history-capitalism,[],unverified_metadata_and_name_leads,Declared proxy/excerpt/preprint and corpus processing status do not prove full-text verification.
robinson1987,"Cedric J. Robinson, 'Capitalism, Slavery and Bourgeois Historiography', History Workshop Journal 23 (1987)",article,/home/jic823/capitalism/pdf/robinson_1987_hwj.pdf,file,6a98de5a5a2d94cb815914880a3b35878c2cd46a04055f3e03afed0b53d7afbe,robinson-capitalism-slavery-bourgeois-historiography,[],unverified_metadata_and_name_leads,Declared proxy/excerpt/preprint and corpus processing status do not prove full-text verification.
clegg2015,"John J. Clegg, 'Capitalism and Slavery', Critical Historical Studies 2.2 (2015)",article,/home/jic823/capitalism/pdf/clegg_2015_chs.pdf,file,ae37d50950028764475e8b174edc817c6d69e7a8865736fd1074ef7476984ed3,clegg-capitalism-slavery,[],unverified_metadata_and_name_leads,Declared proxy/excerpt/preprint and corpus processing status do not prove full-text verification.
clegg2020,"John Clegg, 'A Theory of Capitalist Slavery', Journal of Historical Sociology 33.1 (2020)",article,/home/jic823/capitalism/pdf/clegg_2020_jhs.pdf,file,195b44d0f1bd6c2837540da7b46080a61f8973e14201839207b3c2e26539d70e,clegg-theory-capitalist-slavery,[],unverified_metadata_and_name_leads,Declared proxy/excerpt/preprint and corpus processing status do not prove full-text verification.
nemser2019,"Daniel Nemser, 'Introduction: Iberian Empire and the History of Capitalism', Journal for Early Modern Cultural Studies 19.2 (2019)",article,/home/jic823/capitalism/pdf/project_muse_751005.pdf,file,8606dd0ab908daddf96c36567280ab7403b56e7bab08b4c6387ded8caaab83fe,,[],unverified_metadata_and_name_leads,Declared proxy/excerpt/preprint and corpus processing status do not prove full-text verification.
wrightw2022,"Walker Wright, 'Illiberal economic institutions and racial intolerance in the United States', Economic Affairs 42.2 (2022)",article,/home/jic823/capitalism/pdf/wright_2022_ea.pdf,file,b24bf2a68ea474c41e1f8955a3461e0bef202901a283febb85def6bb55899c41,,[],unverified_metadata_and_name_leads,Declared proxy/excerpt/preprint and corpus processing status do not prove full-text verification.
mokyr1993intro,"Joel Mokyr, 'The New Economic History and the Industrial Revolution', in The British Industrial Revolution (Westview, 1993) [identify after OCR]",chapter,/home/jic823/capitalism/pdf/mokyr1.pdf,file,6a651ff1c4f0b0645240ad0f523fe29cb67e724a526d808e54b11a0d10339e23,,"[""joel_mokyr""]",unverified_metadata_and_name_leads,Declared proxy/excerpt/preprint and corpus processing status do not prove full-text verification.
