occurrence_id,source,era,review_id,role,position,name,display_name,affiliation,item_title,legacy_qid,status,person_id,accepted_qid,rationale,evidence_ids,evidence_urls
hnet:mention:0198b04c016716a56791ddc2,hnet,classic,34881,contributor_unspecified,1,Michael Mann,Michael Mann,,Geschichte Südasiens: 1500 bis heute,Q1425193,accepted,michael-mann-historian,Q1928511,The source names this contributor on this particular book. Checked bibliography/biography connects the book to this person; authority identity checked separately. Decision is scoped to this occurrence.,source-credit|mann-history|wd-controls,https://www.projekt-mida.de/staff/michael-mann/ | https://www.wikidata.org/
hnet:mention:03227ddc66930f8b7d571f9b,hnet,classic,34300,reviewer,1,Jörg Arnold,Jörg Arnold,,,Q112434101,unresolved,,,"Credit reviewed, but no institution or independent exact-review attribution established in this pilot. Name and topic alone do not justify acceptance. Retain the old QID only as an unverified suggestion.",source-credit,
hnet:mention:056812e12f1e8bad8ee2ec0c,hnet,classic,48117,contributor_unspecified,1,Anika Walke,Anika Walke,,Pioneers and Partisans: An Oral History of Nazi Genocide in Belorussia,Q130815595,accepted,anika-walke,Q130815595,The source names this contributor on this particular book. Checked bibliography/biography connects the book to this person; authority identity checked separately. Decision is scoped to this occurrence.,source-credit|walke-bio|walke-gnd|wd-pilot,https://history.wustl.edu/people/anika-walke | https://lobid.org/gnd/118784215X | https://www.wikidata.org/
hnet:mention:058327fbfe2a40bb7f3ce594,hnet,classic,24926,reviewer,1,Michael Mann,Michael Mann,,,Q1928511,unresolved,,,"Credit reviewed, but no institution or independent exact-review attribution established in this pilot. Name and topic alone do not justify acceptance. Retain the old QID only as an unverified suggestion.",source-credit,
hnet:mention:095ec7d6886f3614b6ee7352,hnet,classic,1482,contributor_unspecified,1,Peter Schafer,Peter Schafer,,Judeophobia: Attitudes toward the Jews in the Ancient World,Q15840155,accepted,peter-schaefer-judaist,Q97091,The source names this contributor on this particular book. Checked bibliography/biography connects the book to this person; authority identity checked separately. Decision is scoped to this occurrence.,source-credit|schaefer-judeophobia|wd-pilot,https://www.suhrkamp.de/buch/peter-schaefer-judenhass-und-judenfurcht-t-9783458710288 | https://www.wikidata.org/
hnet:mention:098c6d565bb011eb4b6b16aa,hnet,classic,34302,reviewer,1,Jörg Arnold,Jörg Arnold,,,Q112434101,unresolved,,,"Credit reviewed, but no institution or independent exact-review attribution established in this pilot. Name and topic alone do not justify acceptance. Retain the old QID only as an unverified suggestion.",source-credit,
hnet:mention:0ad44b68c346828b104fc333,hnet,classic,34291,reviewer,1,Jörg Arnold,Jörg Arnold,,,Q112434101,unresolved,,,"Credit reviewed, but no institution or independent exact-review attribution established in this pilot. Name and topic alone do not justify acceptance. Retain the old QID only as an unverified suggestion.",source-credit,
hnet:mention:0ba70fd5f7210c53ca42f4a1,hnet,classic,12486,contributor_unspecified,1,Michael Mann,Michael Mann,,Fascists,Q1425193,accepted,michael-mann-sociologist,Q1425193,The source names this contributor on this particular book. Checked bibliography/biography connects the book to this person; authority identity checked separately. Decision is scoped to this occurrence.,source-credit|mann-sociology|wd-controls,https://soc.ucla.edu/person/michael-mann/ | https://www.wikidata.org/
hnet:mention:0cffe01f4dd6c61f54654765,hnet,classic,17857,reviewer,1,Jörg Arnold,Jörg Arnold,,,Q112434101,unresolved,,,"Credit reviewed, but no institution or independent exact-review attribution established in this pilot. Name and topic alone do not justify acceptance. Retain the old QID only as an unverified suggestion.",source-credit,
hnet:mention:0fb12164f374da38c86aaab7,hnet,classic,47120,reviewer,1,Ute Schneider,Ute Schneider,,,Q93972366,unresolved,,,"Credit reviewed, but no institution or independent exact-review attribution established in this pilot. Name and topic alone do not justify acceptance. Retain the old QID only as an unverified suggestion.",source-credit,
hnet:mention:108f0623098ca7ec8deb85f1,hnet,classic,33431,reviewer,1,Michael Mann,Michael Mann,,,Q1928511,unresolved,,,"Credit reviewed, but no institution or independent exact-review attribution established in this pilot. Name and topic alone do not justify acceptance. Retain the old QID only as an unverified suggestion.",source-credit,
hnet:mention:109ea41ff9b7b2013d3eeef4,hnet,classic,56532,reviewer,1,Sumit Ganguly,Sumit Ganguly,Indiana University,,Q17090449,accepted,sumit-ganguly,Q17090449,Recorded name and Indiana affiliation/Tagore Chair match the institutional identity.,source-credit|ganguly-bio|wd-controls,https://polisci.indiana.edu/about/emeriti-faculty/ganguly-sumit.html | https://www.wikidata.org/
hnet:mention:110cf31b600d57c6e961ac4f,hnet,classic,18348,reviewer,1,Julia Angster,Julia Angster,,,Q95193358,unresolved,,,"Credit reviewed, but no institution or independent exact-review attribution established in this pilot. Name and topic alone do not justify acceptance. Retain the old QID only as an unverified suggestion.",source-credit,
hnet:mention:1731d470c66f080eb877f92d,hnet,classic,36886,reviewer,1,Michael Mann,Michael Mann,,,Q1928511,unresolved,,,"Credit reviewed, but no institution or independent exact-review attribution established in this pilot. Name and topic alone do not justify acceptance. Retain the old QID only as an unverified suggestion.",source-credit,
hnet:mention:1940a12385ff0348c4ed6523,hnet,classic,42498,contributor_unspecified,1,Michael Mann,Michael Mann,,Beyond the Line: Cultural Narratives of the Southern Oceans,,accepted,michael-mann-historian,Q1928511,The source names this contributor on this particular book. Checked bibliography/biography connects the book to this person; authority identity checked separately. Decision is scoped to this occurrence.,source-credit|mann-history|wd-controls,https://www.projekt-mida.de/staff/michael-mann/ | https://www.wikidata.org/
hnet:mention:1d0300698a1f19ddc64aedb0,hnet,classic,37186,reviewer,1,Michael Mann,Michael Mann,,,Q1928511,unresolved,,,"Credit reviewed, but no institution or independent exact-review attribution established in this pilot. Name and topic alone do not justify acceptance. Retain the old QID only as an unverified suggestion.",source-credit,
hnet:mention:1f312b4bc8dd71bebf360f46,hnet,classic,36888,reviewer,1,Michael Mann,Michael Mann,,,Q1928511,unresolved,,,"Credit reviewed, but no institution or independent exact-review attribution established in this pilot. Name and topic alone do not justify acceptance. Retain the old QID only as an unverified suggestion.",source-credit,
hnet:mention:1f671f60107f4f28b03eecbf,hnet,classic,36887,reviewer,1,Michael Mann,Michael Mann,,,Q1928511,unresolved,,,"Credit reviewed, but no institution or independent exact-review attribution established in this pilot. Name and topic alone do not justify acceptance. Retain the old QID only as an unverified suggestion.",source-credit,
hnet:mention:20274017d88adf3f015b1de0,hnet,classic,31498,reviewer,1,R. B. Bernstein,R. B. Bernstein,"Distinguished Adjunct Professor of Law, New York Law School",,Q7323841,accepted,richard-b-bernstein,Q7323841,Recorded reviewer name and New York Law School affiliation match the institutional author identity; this exact occurrence is accepted.,source-credit|bernstein-jefferson|wd-controls,https://digitalcommons.nyls.edu/fac_books/61/ | https://www.wikidata.org/
hnet:mention:22166b731d950f1c024adc41,hnet,classic,25255,editor,2,and Sumit Ganguly,Sumit Ganguly,,Treading on Hallowed Ground: Counterinsurgency Operations in Sacred Spaces,Q17090449,accepted,sumit-ganguly,Q17090449,The source names this contributor on this particular book. Checked bibliography/biography connects the book to this person; authority identity checked separately. Decision is scoped to this occurrence.,source-credit|ganguly-hallowed|ganguly-bio|wd-controls,https://academic.oup.com/book/2336 | https://polisci.indiana.edu/about/emeriti-faculty/ganguly-sumit.html | https://www.wikidata.org/
hnet:mention:244f831a06598bb7bf3c38d2,hnet,classic,23911,reviewer,1,Michael Mann,Michael Mann,,,Q1928511,unresolved,,,"Credit reviewed, but no institution or independent exact-review attribution established in this pilot. Name and topic alone do not justify acceptance. Retain the old QID only as an unverified suggestion.",source-credit,
hnet:mention:25e15d5ed9b9dee4658238a5,hnet,classic,18963,reviewer,1,Julia Angster,Julia Angster,,,Q95193358,unresolved,,,"Credit reviewed, but no institution or independent exact-review attribution established in this pilot. Name and topic alone do not justify acceptance. Retain the old QID only as an unverified suggestion.",source-credit,
hnet:mention:27cb9a09fd55ee46ce8d58da,hnet,classic,13722,contributor_unspecified,1,Mark Harrison,Mark Harrison,,Disease and the Modern World: 1500 to the Present Day,,accepted,mark-harrison-medical-historian,Q56434388,The source names this contributor on this particular book. Checked bibliography/biography connects the book to this person; authority identity checked separately. Decision is scoped to this occurrence.,source-credit|harrison-annual|harrison-oxford|wd-controls,https://wuhmo.web.ox.ac.uk/sites/default/files/wuhmo/documents/media/complete_annual_report_2002-2003.pdf | https://www.history.ox.ac.uk/people/professor-mark-harrison | https://www.wikidata.org/
hnet:mention:2bed928094bbf248794289a6,hnet,classic,16572,reviewer,1,Guido Müller,Guido Müller,,,Q95242932,unresolved,,,"Credit reviewed, but no institution or independent exact-review attribution established in this pilot. Name and topic alone do not justify acceptance. Retain the old QID only as an unverified suggestion.",source-credit,
hnet:mention:2d2f27705c2baa9ed6945c58,hnet,classic,18562,reviewer,1,Jörg Arnold,Jörg Arnold,,,Q112434101,unresolved,,,"Credit reviewed, but no institution or independent exact-review attribution established in this pilot. Name and topic alone do not justify acceptance. Retain the old QID only as an unverified suggestion.",source-credit,
hnet:mention:2d5eceaf8c8f69fa1b2e5df1,hnet,classic,34293,reviewer,1,Jörg Arnold,Jörg Arnold,,,Q112434101,unresolved,,,"Credit reviewed, but no institution or independent exact-review attribution established in this pilot. Name and topic alone do not justify acceptance. Retain the old QID only as an unverified suggestion.",source-credit,
hnet:mention:2ee4ebdc5fa893064770a917,hnet,classic,37390,contributor_unspecified,2,Michael Mann,Michael Mann,,Civilizing Missions in Colonial and Postcolonial South Asia: From Improvement to Development,,accepted,michael-mann-historian,Q1928511,The source names this contributor on this particular book. Checked bibliography/biography connects the book to this person; authority identity checked separately. Decision is scoped to this occurrence.,source-credit|mann-history|wd-controls,https://www.projekt-mida.de/staff/michael-mann/ | https://www.wikidata.org/
hnet:mention:2fb3b0d05444a202dc9f721e,hnet,classic,19368,contributor_unspecified,3,Guido Müller,Guido Müller,,Geschichte der internationalen Beziehungen: Erneuerung und Erweiterung einer historischen Disziplin,Q112521261,accepted,guido-mueller-historian,Q95242932,The source names this contributor on this particular book. Checked bibliography/biography connects the book to this person; authority identity checked separately. Decision is scoped to this occurrence.,source-credit|mueller-preface|mueller-gnd|mueller-book|wd-pilot,https://api.pageplace.de/preview/DT0400.9783486713763_A23143836/preview-9783486713763_A23143836.pdf | https://lobid.org/gnd/115598553 | https://www.kulturkaufhaus.de/de/detail/ISBN-9783486577365/M%C3%BCller-Guido/Europ%C3%A4ische-Gesellschaftsbeziehungen-nach-dem-Ersten-Weltkrieg | https://www.wikidata.org/
hnet:mention:33fbe46c9e3eca6748e63801,hnet,classic,21164,contributor_unspecified,1,Guido Müller,Guido Müller,,Europäische Gesellschaftsbeziehungen nach dem Ersten Weltkrieg: Das Deutsch-Französische Studienkomitee und der Europäische Kulturbund,Q112521261,accepted,guido-mueller-historian,Q95242932,The source names this contributor on this particular book. Checked bibliography/biography connects the book to this person; authority identity checked separately. Decision is scoped to this occurrence.,source-credit|mueller-book|mueller-gnd|wd-pilot,https://www.kulturkaufhaus.de/de/detail/ISBN-9783486577365/M%C3%BCller-Guido/Europ%C3%A4ische-Gesellschaftsbeziehungen-nach-dem-Ersten-Weltkrieg | https://lobid.org/gnd/115598553 | https://www.wikidata.org/
hnet:mention:34cb6eb1bc58ba3042e96e54,hnet,classic,32706,reviewer,1,Michael Mann,Michael Mann,,,Q1928511,unresolved,,,"Credit reviewed, but no institution or independent exact-review attribution established in this pilot. Name and topic alone do not justify acceptance. Retain the old QID only as an unverified suggestion.",source-credit,
hnet:mention:35ccfecb96510fd0e24f8939,hnet,classic,19148,contributor_unspecified,1,Ute Schneider,Ute Schneider,,Der unsichtbare Zweite: Die Berufsgeschichte des Lektors im literarischen Verlag,Q16295137,accepted,ute-schneider-book-historian,Q93972366,The source names this contributor on this particular book. Checked bibliography/biography connects the book to this person; authority identity checked separately. Decision is scoped to this occurrence.,source-credit|schneider-mainz|wd-controls,https://zeithistorische-forschungen.de/autoren/ute-schneider-0 | https://www.wikidata.org/
hnet:mention:39531642b98f28f0cab79b19,hnet,classic,29699,contributor_unspecified,1,Jörg Arnold,Jörg Arnold,,Luftkrieg: Erinnerungen in Deutschland und Europa,Q95266163,accepted,joerg-arnold-historian,Q95266163,The source names this contributor on this particular book. Checked bibliography/biography connects the book to this person; authority identity checked separately. Decision is scoped to this occurrence.,source-credit|arnold-bio|arnold-gnd|wd-pilot,https://uni-freiburg.de/frias/dr-jorg-arnold/ | https://lobid.org/gnd/1026192242 | https://www.wikidata.org/
hnet:mention:3a1faeeaccbe7ecd442ffff5,hnet,classic,6326,reviewer,1,R. B. Bernstein,R. B. Bernstein,New York Law School,,Q7323841,accepted,richard-b-bernstein,Q7323841,Recorded reviewer name and New York Law School affiliation match the institutional author identity; this exact occurrence is accepted.,source-credit|bernstein-jefferson|wd-controls,https://digitalcommons.nyls.edu/fac_books/61/ | https://www.wikidata.org/
hnet:mention:3a3f4a66c0914efc7117fb41,hnet,classic,8242,reviewer,1,Mark Harrison,Mark Harrison,"Department of Economics, University of Warwick",,Q110009814,accepted,mark-harrison-economist,Q110009814,Source explicitly names Warwick Economics. Preserve distinction from the Oxford medical historian.,source-credit|harrison-warwick|wd-controls,https://warwick.ac.uk/fac/soc/economics/staff/mharrison/public/ | https://www.wikidata.org/
hnet:mention:3c364936c97e55bc81ada0c6,hnet,classic,2957,reviewer,1,R. B. Bernstein,R. B. Bernstein,New York Law School,,Q7323841,accepted,richard-b-bernstein,Q7323841,Recorded reviewer name and New York Law School affiliation match the institutional author identity; this exact occurrence is accepted.,source-credit|bernstein-jefferson|wd-controls,https://digitalcommons.nyls.edu/fac_books/61/ | https://www.wikidata.org/
hnet:mention:3d24b2c3d3845c2a22fcc3a6,hnet,classic,2441,reviewer,1,R. B. Bernstein,R. B. Bernstein,New York Law School,,Q7323841,accepted,richard-b-bernstein,Q7323841,Recorded reviewer name and New York Law School affiliation match the institutional author identity; this exact occurrence is accepted.,source-credit|bernstein-jefferson|wd-controls,https://digitalcommons.nyls.edu/fac_books/61/ | https://www.wikidata.org/
hnet:mention:3e65743e40f187a6ba82c9a4,hnet,classic,37039,reviewer,1,Sumit Ganguly,Sumit Ganguly,Indiana University,,Q17090449,accepted,sumit-ganguly,Q17090449,Recorded name and Indiana affiliation/Tagore Chair match the institutional identity.,source-credit|ganguly-bio|wd-controls,https://polisci.indiana.edu/about/emeriti-faculty/ganguly-sumit.html | https://www.wikidata.org/
hnet:mention:3ea81c6e5fba1bcf4f78924b,hnet,classic,18954,reviewer,1,Michael Mann,Michael Mann,,,Q1928511,unresolved,,,"Credit reviewed, but no institution or independent exact-review attribution established in this pilot. Name and topic alone do not justify acceptance. Retain the old QID only as an unverified suggestion.",source-credit,
hnet:mention:3fb725a08cd9287952d88310,hnet,classic,44914,reviewer,1,Jörg Arnold,Jörg Arnold,,,Q112434101,unresolved,,,"Credit reviewed, but no institution or independent exact-review attribution established in this pilot. Name and topic alone do not justify acceptance. Retain the old QID only as an unverified suggestion.",source-credit,
hnet:mention:4004b976bef8d2bad716a64b,hnet,classic,32796,contributor_unspecified,1,Peter Schäfer,Peter Schäfer,,The Origins of Jewish Mysticism,Q97091,accepted,peter-schaefer-judaist,Q97091,The source names this contributor on this particular book. Checked bibliography/biography connects the book to this person; authority identity checked separately. Decision is scoped to this occurrence.,source-credit|schaefer-mysticism|schaefer-judeophobia|wd-pilot,https://www.mohrsiebeck.com/buch/the-origins-of-jewish-mysticism-9783161499319/ | https://www.suhrkamp.de/buch/peter-schaefer-judenhass-und-judenfurcht-t-9783458710288 | https://www.wikidata.org/
hnet:mention:427a303fdba3aa7169defe02,hnet,classic,26363,reviewer,1,R. B. Bernstein,R. B. Bernstein,New York Law School,,Q7323841,accepted,richard-b-bernstein,Q7323841,Recorded reviewer name and New York Law School affiliation match the institutional author identity; this exact occurrence is accepted.,source-credit|bernstein-jefferson|wd-controls,https://digitalcommons.nyls.edu/fac_books/61/ | https://www.wikidata.org/
hnet:mention:4389fda18f6541abcb01d5db,hnet,classic,18671,reviewer,1,Guido Müller,Guido Müller,,,Q95242932,unresolved,,,"Credit reviewed, but no institution or independent exact-review attribution established in this pilot. Name and topic alone do not justify acceptance. Retain the old QID only as an unverified suggestion.",source-credit,
hnet:mention:43be43942592d566aa67d82f,hnet,classic,2275,reviewer,1,R. B. Bernstein,R. B. Bernstein,New York Law School and Brooklyn College/CUNY,,Q7323841,accepted,richard-b-bernstein,Q7323841,Recorded reviewer name and New York Law School affiliation match the institutional author identity; this exact occurrence is accepted.,source-credit|bernstein-jefferson|wd-controls,https://digitalcommons.nyls.edu/fac_books/61/ | https://www.wikidata.org/
hnet:mention:47aac1966650f6ccf392c0ce,hnet,classic,20731,contributor_unspecified,1,Michael Mann,Michael Mann,,Geschichte Indiens: Vom 18. bis zum 20. Jahrhundert,Q1425193,accepted,michael-mann-historian,Q1928511,The source names this contributor on this particular book. Checked bibliography/biography connects the book to this person; authority identity checked separately. Decision is scoped to this occurrence.,source-credit|mann-history|wd-controls,https://www.projekt-mida.de/staff/michael-mann/ | https://www.wikidata.org/
hnet:mention:489e9e4bfc89979b4a77d0c4,hnet,classic,60527,editor,1,Šumit Ganguly,Šumit Ganguly,,The Future of U.S.-India Security Cooperation,,accepted,sumit-ganguly,Q17090449,The source names this contributor on this particular book. Checked bibliography/biography connects the book to this person; authority identity checked separately. Decision is scoped to this occurrence.,source-credit|ganguly-future|ganguly-bio|wd-controls,https://manchesteruniversitypress.co.uk/9781526155139/ | https://polisci.indiana.edu/about/emeriti-faculty/ganguly-sumit.html | https://www.wikidata.org/
hnet:mention:48cb43d2e433d4187f1c5faa,hnet,classic,31188,reviewer,1,Michael Mann,Michael Mann,,,Q1928511,unresolved,,,"Credit reviewed, but no institution or independent exact-review attribution established in this pilot. Name and topic alone do not justify acceptance. Retain the old QID only as an unverified suggestion.",source-credit,
hnet:mention:4b0a5af6feca9468b4e38ee9,hnet,classic,36885,reviewer,1,Michael Mann,Michael Mann,,,Q1928511,unresolved,,,"Credit reviewed, but no institution or independent exact-review attribution established in this pilot. Name and topic alone do not justify acceptance. Retain the old QID only as an unverified suggestion.",source-credit,
hnet:mention:4e0b7cfc7c405f12698f9e2d,hnet,classic,32701,reviewer,1,Michael Mann,Michael Mann,,,Q1928511,unresolved,,,"Credit reviewed, but no institution or independent exact-review attribution established in this pilot. Name and topic alone do not justify acceptance. Retain the old QID only as an unverified suggestion.",source-credit,
hnet:mention:51a83b8a2e11b6cb05f107b4,hnet,classic,20867,contributor_unspecified,2,Ute Schneider,Ute Schneider,,Kartenwelten: Der Raum und seine Repräsentation in der Neuzeit,,accepted,ute-schneider-cultural-historian,Q16295137,The source names this contributor on this particular book. Checked bibliography/biography connects the book to this person; authority identity checked separately. Decision is scoped to this occurrence.,source-credit|schneider-essen|wd-controls,https://www.uni-due.de/geschichte/ute_schneider.php | https://www.wikidata.org/
hnet:mention:52368cb5605a6116629c9f82,hnet,classic,37184,reviewer,1,Michael Mann,Michael Mann,,,Q1928511,unresolved,,,"Credit reviewed, but no institution or independent exact-review attribution established in this pilot. Name and topic alone do not justify acceptance. Retain the old QID only as an unverified suggestion.",source-credit,
hnet:mention:52631019b77f8af284a6e4ba,hnet,classic,26037,reviewer,1,Michael Mann,Michael Mann,,,Q1928511,unresolved,,,"Credit reviewed, but no institution or independent exact-review attribution established in this pilot. Name and topic alone do not justify acceptance. Retain the old QID only as an unverified suggestion.",source-credit,
hnet:mention:5668f464145d345888fc0220,hnet,classic,4529,reviewer,1,R. B. Bernstein,R. B. Bernstein,New York Law School,,Q7323841,accepted,richard-b-bernstein,Q7323841,Recorded reviewer name and New York Law School affiliation match the institutional author identity; this exact occurrence is accepted.,source-credit|bernstein-jefferson|wd-controls,https://digitalcommons.nyls.edu/fac_books/61/ | https://www.wikidata.org/
hnet:mention:57c1d5e72cedcbe77ebdf229,hnet,classic,18606,reviewer,1,Jörg Arnold,Jörg Arnold,,,Q112434101,unresolved,,,"Credit reviewed, but no institution or independent exact-review attribution established in this pilot. Name and topic alone do not justify acceptance. Retain the old QID only as an unverified suggestion.",source-credit,
hnet:mention:585204f1c77549d1fb933575,hnet,classic,2867,reviewer,1,R. B. Bernstein,R. B. Bernstein,New York Law School,,Q7323841,accepted,richard-b-bernstein,Q7323841,Recorded reviewer name and New York Law School affiliation match the institutional author identity; this exact occurrence is accepted.,source-credit|bernstein-jefferson|wd-controls,https://digitalcommons.nyls.edu/fac_books/61/ | https://www.wikidata.org/
hnet:mention:595aca5c0d15a3acff9b3166,hnet,classic,34304,reviewer,1,Jörg Arnold,Jörg Arnold,,,Q112434101,unresolved,,,"Credit reviewed, but no institution or independent exact-review attribution established in this pilot. Name and topic alone do not justify acceptance. Retain the old QID only as an unverified suggestion.",source-credit,
hnet:mention:59d2aebee0746cf509020035,hnet,classic,34310,reviewer,1,Michael Mann,Michael Mann,,,Q1928511,unresolved,,,"Credit reviewed, but no institution or independent exact-review attribution established in this pilot. Name and topic alone do not justify acceptance. Retain the old QID only as an unverified suggestion.",source-credit,
hnet:mention:5a9684347a7ecacb5bb6f826,hnet,classic,48293,reviewer,1,Sumit Ganguly,Sumit Ganguly,Indiana University,,Q17090449,accepted,sumit-ganguly,Q17090449,Recorded name and Indiana affiliation/Tagore Chair match the institutional identity.,source-credit|ganguly-bio|wd-controls,https://polisci.indiana.edu/about/emeriti-faculty/ganguly-sumit.html | https://www.wikidata.org/
hnet:mention:5d4acbf6deee03ae4253d868,hnet,classic,34303,reviewer,1,Jörg Arnold,Jörg Arnold,,,Q112434101,unresolved,,,"Credit reviewed, but no institution or independent exact-review attribution established in this pilot. Name and topic alone do not justify acceptance. Retain the old QID only as an unverified suggestion.",source-credit,
hnet:mention:5e9888ff61f202c884787231,hnet,classic,2905,reviewer,1,R. B. Bernstein,R. B. Bernstein,New York Law School,,Q7323841,accepted,richard-b-bernstein,Q7323841,Recorded reviewer name and New York Law School affiliation match the institutional author identity; this exact occurrence is accepted.,source-credit|bernstein-jefferson|wd-controls,https://digitalcommons.nyls.edu/fac_books/61/ | https://www.wikidata.org/
hnet:mention:5ebca8641f62c3533dbbff9e,hnet,classic,24926,contributor_unspecified,2,Mark Harrison,Mark Harrison,,"The Social History of Health and Medicine in Colonial India, 1850-1940s",,accepted,mark-harrison-medical-historian,Q56434388,The source names this contributor on this particular book. Checked bibliography/biography connects the book to this person; authority identity checked separately. Decision is scoped to this occurrence.,source-credit|harrison-social|harrison-oxford|wd-controls,https://global.history.ox.ac.uk/symplectic/publications/list/2364241/74413216/119941/?filter_types-2364241%5B%5D=&page-2364241=3&widget_limit_to_favourites-2364241=0&widget_max_publications_to_display-2364241=5&widget_page_title-2364241=Professor+Mark+Harrison&widget_show_author_and_editor_names-2364241=0 | https://www.history.ox.ac.uk/people/professor-mark-harrison | https://www.wikidata.org/
hnet:mention:60ac789d43fd4c45a145dfe3,hnet,classic,3250,editor,1,Mark Harrison,Mark Harrison,,The Economics of World War II: Six Great Powers in International Comparison,,accepted,mark-harrison-economist,Q110009814,The source names this contributor on this particular book. Checked bibliography/biography connects the book to this person; authority identity checked separately. Decision is scoped to this occurrence.,source-credit|harrison-warwick|wd-controls,https://warwick.ac.uk/fac/soc/economics/staff/mharrison/public/ | https://www.wikidata.org/
hnet:mention:612830c988657bd136bf4cff,hnet,classic,46355,contributor_unspecified,3,Ute Schneider,Ute Schneider,,Handbuch Moderneforschung,Q16295137,accepted,ute-schneider-cultural-historian,Q16295137,The source names this contributor on this particular book. Checked bibliography/biography connects the book to this person; authority identity checked separately. Decision is scoped to this occurrence.,source-credit|schneider-essen|wd-controls,https://www.uni-due.de/geschichte/ute_schneider.php | https://www.wikidata.org/
hnet:mention:6534c51b592f30be4d1ab866,hnet,classic,18385,contributor_unspecified,1,Peter Schäfer,Peter Schäfer,,The Bar Kokhba War reconsidered: New perspectives on the second Jewish revolt against Rome,Q97091,accepted,peter-schaefer-judaist,Q97091,The source names this contributor on this particular book. Checked bibliography/biography connects the book to this person; authority identity checked separately. Decision is scoped to this occurrence.,source-credit|schaefer-bar|schaefer-judeophobia|wd-pilot,https://www.mohrsiebeck.com/buch/the-bar-kokhba-war-reconsidered-9783161587948/ | https://www.suhrkamp.de/buch/peter-schaefer-judenhass-und-judenfurcht-t-9783458710288 | https://www.wikidata.org/
hnet:mention:6667e8f95a9fd1b58982658e,hnet,classic,32211,reviewer,1,R. B. Bernstein,R. B. Bernstein,"Distinguished Adjunct Professor of Law, New York Law School",,Q7323841,accepted,richard-b-bernstein,Q7323841,Recorded reviewer name and New York Law School affiliation match the institutional author identity; this exact occurrence is accepted.,source-credit|bernstein-jefferson|wd-controls,https://digitalcommons.nyls.edu/fac_books/61/ | https://www.wikidata.org/
hnet:mention:666afbccf32ebd711dfd44fb,hnet,classic,2436,reviewer,1,R. B. Bernstein,R. B. Bernstein,New York Law School,,Q7323841,accepted,richard-b-bernstein,Q7323841,Recorded reviewer name and New York Law School affiliation match the institutional author identity; this exact occurrence is accepted.,source-credit|bernstein-jefferson|wd-controls,https://digitalcommons.nyls.edu/fac_books/61/ | https://www.wikidata.org/
hnet:mention:670aee24b7ee4773cf1a30f9,hnet,classic,35383,contributor_unspecified,1,Mark Harrison,Mark Harrison,,Medicine in an Age of Commerce and Empire: Britain and Its Tropical Colonies 1660-1830,,accepted,mark-harrison-medical-historian,Q56434388,The source names this contributor on this particular book. Checked bibliography/biography connects the book to this person; authority identity checked separately. Decision is scoped to this occurrence.,source-credit|harrison-commerce|harrison-oxford|wd-controls,https://academic.oup.com/book/7242 | https://www.history.ox.ac.uk/people/professor-mark-harrison | https://www.wikidata.org/
hnet:mention:670cf097d921ec90a6a824d0,hnet,classic,30036,reviewer,1,R. B. Bernstein,R. B. Bernstein,"Distinguished Adjunct Professor of Law, New York Law School",,Q7323841,accepted,richard-b-bernstein,Q7323841,Recorded reviewer name and New York Law School affiliation match the institutional author identity; this exact occurrence is accepted.,source-credit|bernstein-jefferson|wd-controls,https://digitalcommons.nyls.edu/fac_books/61/ | https://www.wikidata.org/
hnet:mention:694b6b17117f60af33c95687,hnet,classic,44595,reviewer,1,Michael Mann,Michael Mann,,,Q1928511,unresolved,,,"Credit reviewed, but no institution or independent exact-review attribution established in this pilot. Name and topic alone do not justify acceptance. Retain the old QID only as an unverified suggestion.",source-credit,
hnet:mention:694c4b2dd89389999ebfaa85,hnet,classic,34294,reviewer,1,Jörg Arnold,Jörg Arnold,,,Q112434101,unresolved,,,"Credit reviewed, but no institution or independent exact-review attribution established in this pilot. Name and topic alone do not justify acceptance. Retain the old QID only as an unverified suggestion.",source-credit,
hnet:mention:6979ba19d4a978609828de36,hnet,classic,46038,reviewer,1,Michael Mann,Michael Mann,,,Q1928511,unresolved,,,"Credit reviewed, but no institution or independent exact-review attribution established in this pilot. Name and topic alone do not justify acceptance. Retain the old QID only as an unverified suggestion.",source-credit,
hnet:mention:6cd4838109ed9ebb96889136,hnet,classic,4802,reviewer,1,R. B. Bernstein,R. B. Bernstein,New York Law School,,Q7323841,accepted,richard-b-bernstein,Q7323841,Recorded reviewer name and New York Law School affiliation match the institutional author identity; this exact occurrence is accepted.,source-credit|bernstein-jefferson|wd-controls,https://digitalcommons.nyls.edu/fac_books/61/ | https://www.wikidata.org/
hnet:mention:6e534256edb6a79199813827,hnet,classic,40741,reviewer,1,Jörg Arnold,Jörg Arnold,,,Q112434101,unresolved,,,"Credit reviewed, but no institution or independent exact-review attribution established in this pilot. Name and topic alone do not justify acceptance. Retain the old QID only as an unverified suggestion.",source-credit,
hnet:mention:6fcef16f178e451bee8508fd,hnet,classic,18953,reviewer,1,Michael Mann,Michael Mann,,,Q1928511,unresolved,,,"Credit reviewed, but no institution or independent exact-review attribution established in this pilot. Name and topic alone do not justify acceptance. Retain the old QID only as an unverified suggestion.",source-credit,
hnet:mention:72415cee4827394a027efc4f,hnet,classic,16616,reviewer,1,Guido Müller,Guido Müller,,,Q95242932,unresolved,,,"Credit reviewed, but no institution or independent exact-review attribution established in this pilot. Name and topic alone do not justify acceptance. Retain the old QID only as an unverified suggestion.",source-credit,
hnet:mention:7339a8f9fb6f63a5b2fce0a5,hnet,classic,33432,reviewer,1,Michael Mann,Michael Mann,,,Q1928511,unresolved,,,"Credit reviewed, but no institution or independent exact-review attribution established in this pilot. Name and topic alone do not justify acceptance. Retain the old QID only as an unverified suggestion.",source-credit,
hnet:mention:756d84271e770b10198755c6,hnet,classic,29619,reviewer,1,R. B. Bernstein,R. B. Bernstein,"Distinguished Adjunct Professor of Law, New York Law School",,Q7323841,accepted,richard-b-bernstein,Q7323841,Recorded reviewer name and New York Law School affiliation match the institutional author identity; this exact occurrence is accepted.,source-credit|bernstein-jefferson|wd-controls,https://digitalcommons.nyls.edu/fac_books/61/ | https://www.wikidata.org/
hnet:mention:75b518ff1432bd0369216afa,hnet,classic,3720,reviewer,1,R. B. Bernstein,R. B. Bernstein,New York Law School,,Q7323841,accepted,richard-b-bernstein,Q7323841,Recorded reviewer name and New York Law School affiliation match the institutional author identity; this exact occurrence is accepted.,source-credit|bernstein-jefferson|wd-controls,https://digitalcommons.nyls.edu/fac_books/61/ | https://www.wikidata.org/
hnet:mention:7c4261c41a7192f39d29b130,hnet,classic,2578,reviewer,1,R. B. Bernstein,R. B. Bernstein,New York Law School,,Q7323841,accepted,richard-b-bernstein,Q7323841,Recorded reviewer name and New York Law School affiliation match the institutional author identity; this exact occurrence is accepted.,source-credit|bernstein-jefferson|wd-controls,https://digitalcommons.nyls.edu/fac_books/61/ | https://www.wikidata.org/
hnet:mention:7d704cf770c0f5bc9ec07241,hnet,classic,32704,reviewer,1,Michael Mann,Michael Mann,,,Q1928511,unresolved,,,"Credit reviewed, but no institution or independent exact-review attribution established in this pilot. Name and topic alone do not justify acceptance. Retain the old QID only as an unverified suggestion.",source-credit,
hnet:mention:7ed157ad268e0d3c5e4ca4b1,hnet,classic,46037,reviewer,1,Michael Mann,Michael Mann,,,Q1928511,unresolved,,,"Credit reviewed, but no institution or independent exact-review attribution established in this pilot. Name and topic alone do not justify acceptance. Retain the old QID only as an unverified suggestion.",source-credit,
hnet:mention:80ac9157f69bdfdd7aa522a9,hnet,classic,41185,reviewer,1,Anika Walke,Anika Walke,Washington University,,Q130598476,accepted,anika-walke,Q130815595,Source reviewer institution agrees with university and GND records. Use the authority-linked Q130815595; preserve alternate QID as a suspected duplicate.,source-credit|walke-bio|walke-gnd|wd-pilot,https://history.wustl.edu/people/anika-walke | https://lobid.org/gnd/118784215X | https://www.wikidata.org/
hnet:mention:8464331570ef413ebb3e5a63,hnet,classic,1324,reviewer,1,R. B. Bernstein,R. B. Bernstein,"New York Law School and Brooklyn College, CUNY",,Q7323841,accepted,richard-b-bernstein,Q7323841,Recorded reviewer name and New York Law School affiliation match the institutional author identity; this exact occurrence is accepted.,source-credit|bernstein-jefferson|wd-controls,https://digitalcommons.nyls.edu/fac_books/61/ | https://www.wikidata.org/
hnet:mention:85f810a9347c4b84b678eb33,hnet,classic,18564,reviewer,1,Jörg Arnold,Jörg Arnold,,,Q112434101,unresolved,,,"Credit reviewed, but no institution or independent exact-review attribution established in this pilot. Name and topic alone do not justify acceptance. Retain the old QID only as an unverified suggestion.",source-credit,
hnet:mention:86dd043bbb1b680882df1474,hnet,classic,47704,contributor_unspecified,1,Sumit Ganguly,Sumit Ganguly,,Deadly Impasse: Indo-Pakistani Relations at the Dawn of a New Century,Q17090449,accepted,sumit-ganguly,Q17090449,The source names this contributor on this particular book. Checked bibliography/biography connects the book to this person; authority identity checked separately. Decision is scoped to this occurrence.,source-credit|ganguly-bio|wd-controls,https://polisci.indiana.edu/about/emeriti-faculty/ganguly-sumit.html | https://www.wikidata.org/
hnet:mention:8dfe6b9dbc36ef3d2f6c08f7,hnet,classic,35039,reviewer,1,Jörg Arnold,Jörg Arnold,,,Q112434101,unresolved,,,"Credit reviewed, but no institution or independent exact-review attribution established in this pilot. Name and topic alone do not justify acceptance. Retain the old QID only as an unverified suggestion.",source-credit,
hnet:mention:8e0c5acea8d728ba445f76d9,hnet,classic,4621,reviewer,1,R. B. Bernstein,R. B. Bernstein,New York Law School,,Q7323841,accepted,richard-b-bernstein,Q7323841,Recorded reviewer name and New York Law School affiliation match the institutional author identity; this exact occurrence is accepted.,source-credit|bernstein-jefferson|wd-controls,https://digitalcommons.nyls.edu/fac_books/61/ | https://www.wikidata.org/
hnet:mention:8ebf4fece123388ce15ff06f,hnet,classic,23701,reviewer,1,Jörg Arnold,Jörg Arnold,"Historisches Seminar, Albert-Ludwigs-Universität Freiburg",,Q112434101,accepted,joerg-arnold-historian,Q95266163,"Recorded historical institution matches the university career and GND biography. Use GND-linked Q95266163; alternate QID remains a suspected duplicate, not an asserted Wikidata merge.",source-credit|arnold-bio|arnold-gnd|wd-pilot,https://uni-freiburg.de/frias/dr-jorg-arnold/ | https://lobid.org/gnd/1026192242 | https://www.wikidata.org/
hnet:mention:8fddfaf90625818871ad0485,hnet,classic,34213,reviewer,1,Guido Müller,Guido Müller,,,Q95242932,accepted,guido-mueller-historian,Q95242932,The historian cites this exact Loth/Osterhammel review in his own book introduction; stronger than topic/name agreement.,source-credit|mueller-preface|mueller-gnd|mueller-book|wd-pilot,https://api.pageplace.de/preview/DT0400.9783486713763_A23143836/preview-9783486713763_A23143836.pdf | https://lobid.org/gnd/115598553 | https://www.kulturkaufhaus.de/de/detail/ISBN-9783486577365/M%C3%BCller-Guido/Europ%C3%A4ische-Gesellschaftsbeziehungen-nach-dem-Ersten-Weltkrieg | https://www.wikidata.org/
hnet:mention:90efe5997af5ddc050954e8e,hnet,classic,18553,reviewer,1,Jörg Arnold,Jörg Arnold,,,Q112434101,unresolved,,,"Credit reviewed, but no institution or independent exact-review attribution established in this pilot. Name and topic alone do not justify acceptance. Retain the old QID only as an unverified suggestion.",source-credit,
hnet:mention:93c77f071fe66cc3abc65477,hnet,classic,18552,reviewer,1,Jörg Arnold,Jörg Arnold,,,Q112434101,unresolved,,,"Credit reviewed, but no institution or independent exact-review attribution established in this pilot. Name and topic alone do not justify acceptance. Retain the old QID only as an unverified suggestion.",source-credit,
hnet:mention:94334196bdc928595622f044,hnet,classic,18566,reviewer,1,Jörg Arnold,Jörg Arnold,,,Q112434101,unresolved,,,"Credit reviewed, but no institution or independent exact-review attribution established in this pilot. Name and topic alone do not justify acceptance. Retain the old QID only as an unverified suggestion.",source-credit,
hnet:mention:95eb0178f6d8110dd43201ee,hnet,classic,8358,reviewer,1,Jörg Arnold,Jörg Arnold,"Historisches Seminar, Albert-Ludwigs-Universität Freiburg",,Q112434101,accepted,joerg-arnold-historian,Q95266163,"Recorded historical institution matches the university career and GND biography. Use GND-linked Q95266163; alternate QID remains a suspected duplicate, not an asserted Wikidata merge.",source-credit|arnold-bio|arnold-gnd|wd-pilot,https://uni-freiburg.de/frias/dr-jorg-arnold/ | https://lobid.org/gnd/1026192242 | https://www.wikidata.org/
hnet:mention:967f1390570ce72fdb2dae87,hnet,classic,46040,reviewer,1,Michael Mann,Michael Mann,,,Q1928511,unresolved,,,"Credit reviewed, but no institution or independent exact-review attribution established in this pilot. Name and topic alone do not justify acceptance. Retain the old QID only as an unverified suggestion.",source-credit,
hnet:mention:99ae33b1a08d5a8ecdf5bbc0,hnet,classic,34296,reviewer,1,Jörg Arnold,Jörg Arnold,,,Q112434101,unresolved,,,"Credit reviewed, but no institution or independent exact-review attribution established in this pilot. Name and topic alone do not justify acceptance. Retain the old QID only as an unverified suggestion.",source-credit,
hnet:mention:9a2bae5557b9eb7d94472d60,hnet,classic,19030,contributor_unspecified,3,Guido Müller,Guido Müller,,Geschichte der internationalen Beziehungen: Erneuerung und Erweiterung einer historischen Disziplin,Q112521261,accepted,guido-mueller-historian,Q95242932,The source names this contributor on this particular book. Checked bibliography/biography connects the book to this person; authority identity checked separately. Decision is scoped to this occurrence.,source-credit|mueller-preface|mueller-gnd|mueller-book|wd-pilot,https://api.pageplace.de/preview/DT0400.9783486713763_A23143836/preview-9783486713763_A23143836.pdf | https://lobid.org/gnd/115598553 | https://www.kulturkaufhaus.de/de/detail/ISBN-9783486577365/M%C3%BCller-Guido/Europ%C3%A4ische-Gesellschaftsbeziehungen-nach-dem-Ersten-Weltkrieg | https://www.wikidata.org/
hnet:mention:9d8e68f51c80b087a64fb9b7,hnet,classic,18563,reviewer,1,Jörg Arnold,Jörg Arnold,,,Q112434101,unresolved,,,"Credit reviewed, but no institution or independent exact-review attribution established in this pilot. Name and topic alone do not justify acceptance. Retain the old QID only as an unverified suggestion.",source-credit,
hnet:mention:9da0d30f7c39cbad7f4fe7ac,hnet,classic,21721,contributor_unspecified,1,Michael Mann,Michael Mann,,Die dunkle Seite der Demokratie: Eine Theorie der ethnischen Säuberung,Q1425193,accepted,michael-mann-sociologist,Q1425193,The source names this contributor on this particular book. Checked bibliography/biography connects the book to this person; authority identity checked separately. Decision is scoped to this occurrence.,source-credit|mann-sociology|wd-controls,https://soc.ucla.edu/person/michael-mann/ | https://www.wikidata.org/
hnet:mention:9e09d3b409f2d6c9987deb77,hnet,classic,34295,reviewer,1,Jörg Arnold,Jörg Arnold,,,Q112434101,unresolved,,,"Credit reviewed, but no institution or independent exact-review attribution established in this pilot. Name and topic alone do not justify acceptance. Retain the old QID only as an unverified suggestion.",source-credit,
hnet:mention:9e95363a70acbce2f49fa157,hnet,classic,44136,reviewer,1,Julia Angster,Julia Angster,,,Q95193358,unresolved,,,"Credit reviewed, but no institution or independent exact-review attribution established in this pilot. Name and topic alone do not justify acceptance. Retain the old QID only as an unverified suggestion.",source-credit,
hnet:mention:9f2e717cc274eb8dfa1bd488,hnet,classic,17221,contributor_unspecified,1,Julia Angster,Julia Angster,,Konsenskapitalismus und Sozialdemokratie: Die Westernisierung von SPD und DGB,Q112475577,accepted,julia-angster,Q95193358,The source names this contributor on this particular book. Checked bibliography/biography connects the book to this person; authority identity checked separately. Decision is scoped to this occurrence.,source-credit|angster-bio|angster-gnd|wd-pilot,https://www.phil.uni-mannheim.de/neuere-und-neueste-geschichte/team/julia-angster/ | https://lobid.org/gnd/1022103326 | https://www.wikidata.org/
hnet:mention:9fb93843de4a4994904f5d62,hnet,classic,29926,reviewer,1,Sumit Ganguly,Sumit Ganguly,,,Q17090449,unresolved,,,"Credit reviewed, but no institution or independent exact-review attribution established in this pilot. Name and topic alone do not justify acceptance. Retain the old QID only as an unverified suggestion.",source-credit,
hnet:mention:a08e55b09c4cc8f0a7b1c738,hnet,classic,26490,reviewer,1,Guido Müller,Guido Müller,,,Q95242932,unresolved,,,"Credit reviewed, but no institution or independent exact-review attribution established in this pilot. Name and topic alone do not justify acceptance. Retain the old QID only as an unverified suggestion.",source-credit,
hnet:mention:a131a4d229a8280b14fa453b,hnet,classic,9650,contributor_unspecified,1,R. B. Bernstein,R. B. Bernstein,,Thomas Jefferson,,accepted,richard-b-bernstein,Q7323841,The source names this contributor on this particular book. Checked bibliography/biography connects the book to this person; authority identity checked separately. Decision is scoped to this occurrence.,source-credit|bernstein-jefferson|wd-controls,https://digitalcommons.nyls.edu/fac_books/61/ | https://www.wikidata.org/
hnet:mention:a4384c4e09f82852bfafb044,hnet,classic,11971,editor,2,Mark Harrison,Mark Harrison,,The Economics of World War I,,accepted,mark-harrison-economist,Q110009814,The source names this contributor on this particular book. Checked bibliography/biography connects the book to this person; authority identity checked separately. Decision is scoped to this occurrence.,source-credit|harrison-warwick|wd-controls,https://warwick.ac.uk/fac/soc/economics/staff/mharrison/public/ | https://www.wikidata.org/
hnet:mention:a587d49465b973bbcfa756e1,hnet,classic,43006,reviewer,1,Michael Mann,Michael Mann,,,Q1928511,unresolved,,,"Credit reviewed, but no institution or independent exact-review attribution established in this pilot. Name and topic alone do not justify acceptance. Retain the old QID only as an unverified suggestion.",source-credit,
hnet:mention:a59f370c6731ea7c1b697425,hnet,classic,4120,reviewer,1,R. B. Bernstein,R. B. Bernstein,New York Law School,,Q7323841,accepted,richard-b-bernstein,Q7323841,Recorded reviewer name and New York Law School affiliation match the institutional author identity; this exact occurrence is accepted.,source-credit|bernstein-jefferson|wd-controls,https://digitalcommons.nyls.edu/fac_books/61/ | https://www.wikidata.org/
hnet:mention:a7d29105c46649a1cbfa4337,hnet,classic,10938,contributor_unspecified,1,Michael Mann,Michael Mann,,The Dark Side of Democracy: Explaining Ethnic Cleansing,Q1425193,accepted,michael-mann-sociologist,Q1425193,The source names this contributor on this particular book. Checked bibliography/biography connects the book to this person; authority identity checked separately. Decision is scoped to this occurrence.,source-credit|mann-sociology|wd-controls,https://soc.ucla.edu/person/michael-mann/ | https://www.wikidata.org/
hnet:mention:a86216c920993306b1aa225f,hnet,classic,31186,reviewer,1,Michael Mann,Michael Mann,,,Q1928511,unresolved,,,"Credit reviewed, but no institution or independent exact-review attribution established in this pilot. Name and topic alone do not justify acceptance. Retain the old QID only as an unverified suggestion.",source-credit,
hnet:mention:abc61986ad727548c6004823,hnet,classic,34086,reviewer,1,Michael Mann,Michael Mann,,,Q1928511,unresolved,,,"Credit reviewed, but no institution or independent exact-review attribution established in this pilot. Name and topic alone do not justify acceptance. Retain the old QID only as an unverified suggestion.",source-credit,
hnet:mention:ada642219d94a264f2dd65c0,hnet,classic,46036,reviewer,1,Michael Mann,Michael Mann,,,Q1928511,unresolved,,,"Credit reviewed, but no institution or independent exact-review attribution established in this pilot. Name and topic alone do not justify acceptance. Retain the old QID only as an unverified suggestion.",source-credit,
hnet:mention:aebf58438f2df9b7924dc7dd,hnet,classic,27036,reviewer,1,Ute Schneider,Ute Schneider,,,Q93972366,unresolved,,,"Credit reviewed, but no institution or independent exact-review attribution established in this pilot. Name and topic alone do not justify acceptance. Retain the old QID only as an unverified suggestion.",source-credit,
hnet:mention:b062cd5b9f67bf018adce52c,hnet,classic,12484,reviewer,1,Jörg Arnold,Jörg Arnold,"Historisches Seminar, Albert-Ludwigs-Universität Freiburg",,Q112434101,accepted,joerg-arnold-historian,Q95266163,"Recorded historical institution matches the university career and GND biography. Use GND-linked Q95266163; alternate QID remains a suspected duplicate, not an asserted Wikidata merge.",source-credit|arnold-bio|arnold-gnd|wd-pilot,https://uni-freiburg.de/frias/dr-jorg-arnold/ | https://lobid.org/gnd/1026192242 | https://www.wikidata.org/
hnet:mention:b2ea0e9d487cf73a0c86c477,hnet,classic,32219,reviewer,1,Sumit Ganguly,Sumit Ganguly,"Rabindranath Tagore Chair in Indian Cultures and Civilizations at Indiana University, Bloomington.",,Q17090449,accepted,sumit-ganguly,Q17090449,Recorded name and Indiana affiliation/Tagore Chair match the institutional identity.,source-credit|ganguly-bio|wd-controls,https://polisci.indiana.edu/about/emeriti-faculty/ganguly-sumit.html | https://www.wikidata.org/
hnet:mention:b575ee19c70345ef9e2e9e0d,hnet,classic,18604,reviewer,1,Jörg Arnold,Jörg Arnold,,,Q112434101,unresolved,,,"Credit reviewed, but no institution or independent exact-review attribution established in this pilot. Name and topic alone do not justify acceptance. Retain the old QID only as an unverified suggestion.",source-credit,
hnet:mention:b78fdf4246b5312a76454dfd,hnet,classic,3653,reviewer,1,R. B. Bernstein,R. B. Bernstein,New York Law School,,Q7323841,accepted,richard-b-bernstein,Q7323841,Recorded reviewer name and New York Law School affiliation match the institutional author identity; this exact occurrence is accepted.,source-credit|bernstein-jefferson|wd-controls,https://digitalcommons.nyls.edu/fac_books/61/ | https://www.wikidata.org/
hnet:mention:b8151c7a9fbe11f6a91921a2,hnet,classic,29531,contributor_unspecified,1,Michael Mann,Michael Mann,,Sinnvolle Geschichte: Historische Repräsentationen im neuzeitlichen Südasien,Q1425193,accepted,michael-mann-historian,Q1928511,The source names this contributor on this particular book. Checked bibliography/biography connects the book to this person; authority identity checked separately. Decision is scoped to this occurrence.,source-credit|mann-history|wd-controls,https://www.projekt-mida.de/staff/michael-mann/ | https://www.wikidata.org/
hnet:mention:bb4be9501278d8176f46f45f,hnet,classic,35901,reviewer,1,Michael Mann,Michael Mann,,,Q1928511,unresolved,,,"Credit reviewed, but no institution or independent exact-review attribution established in this pilot. Name and topic alone do not justify acceptance. Retain the old QID only as an unverified suggestion.",source-credit,
hnet:mention:bc5459a525d4573563ce3f6b,hnet,classic,3457,reviewer,1,R. B. Bernstein,R. B. Bernstein,New York Law School,,Q7323841,accepted,richard-b-bernstein,Q7323841,Recorded reviewer name and New York Law School affiliation match the institutional author identity; this exact occurrence is accepted.,source-credit|bernstein-jefferson|wd-controls,https://digitalcommons.nyls.edu/fac_books/61/ | https://www.wikidata.org/
hnet:mention:bcd502d617a6d9e682c6d331,hnet,classic,3112,reviewer,1,R. B. Bernstein,R. B. Bernstein,New York Law School,,Q7323841,accepted,richard-b-bernstein,Q7323841,Recorded reviewer name and New York Law School affiliation match the institutional author identity; this exact occurrence is accepted.,source-credit|bernstein-jefferson|wd-controls,https://digitalcommons.nyls.edu/fac_books/61/ | https://www.wikidata.org/
hnet:mention:bd92499bd1238ce1b98f45ad,hnet,classic,26238,contributor_unspecified,1,R. B. Bernstein,R. B. Bernstein,,The Founding Fathers Reconsidered,,accepted,richard-b-bernstein,Q7323841,The source names this contributor on this particular book. Checked bibliography/biography connects the book to this person; authority identity checked separately. Decision is scoped to this occurrence.,source-credit|bernstein-founders|bernstein-jefferson|wd-controls,https://digitalcommons.nyls.edu/fac_books/47/ | https://digitalcommons.nyls.edu/fac_books/61/ | https://www.wikidata.org/
hnet:mention:bf7334c550f879629ee40940,hnet,classic,26243,reviewer,1,Michael Mann,Michael Mann,,,Q1928511,unresolved,,,"Credit reviewed, but no institution or independent exact-review attribution established in this pilot. Name and topic alone do not justify acceptance. Retain the old QID only as an unverified suggestion.",source-credit,
hnet:mention:c1429b2c790b2a250b125c75,hnet,classic,23299,contributor_unspecified,1,Ute Schneider,Ute Schneider,,Dimensionen der Moderne: Festschrift für Christof Dipper,,accepted,ute-schneider-cultural-historian,Q16295137,The source names this contributor on this particular book. Checked bibliography/biography connects the book to this person; authority identity checked separately. Decision is scoped to this occurrence.,source-credit|schneider-essen|wd-controls,https://www.uni-due.de/geschichte/ute_schneider.php | https://www.wikidata.org/
hnet:mention:c1ba9fc0b03790a2de2e67ba,hnet,classic,45564,contributor_unspecified,2,Ute Schneider,Ute Schneider,,„Der ganze Verlag ist einfach eine Bonbonniere“: Ullstein in der ersten Hälfte des 20. Jahrhunderts,,accepted,ute-schneider-book-historian,Q93972366,The source names this contributor on this particular book. Checked bibliography/biography connects the book to this person; authority identity checked separately. Decision is scoped to this occurrence.,source-credit|schneider-ullstein|schneider-mainz|wd-controls,https://www.degruyterbrill.com/document/doi/10.1515/9783110337211/html?lang=de | https://zeithistorische-forschungen.de/autoren/ute-schneider-0 | https://www.wikidata.org/
hnet:mention:c1c5f288880ee2c74f0f7a0a,hnet,classic,46035,reviewer,1,Michael Mann,Michael Mann,,,Q1928511,unresolved,,,"Credit reviewed, but no institution or independent exact-review attribution established in this pilot. Name and topic alone do not justify acceptance. Retain the old QID only as an unverified suggestion.",source-credit,
hnet:mention:c5bb80f970a7da6e0087327a,hnet,classic,37187,reviewer,1,Michael Mann,Michael Mann,,,Q1928511,unresolved,,,"Credit reviewed, but no institution or independent exact-review attribution established in this pilot. Name and topic alone do not justify acceptance. Retain the old QID only as an unverified suggestion.",source-credit,
hnet:mention:c6c1cdc91914cf6c85e10e39,hnet,classic,18565,reviewer,1,Jörg Arnold,Jörg Arnold,,,Q112434101,unresolved,,,"Credit reviewed, but no institution or independent exact-review attribution established in this pilot. Name and topic alone do not justify acceptance. Retain the old QID only as an unverified suggestion.",source-credit,
hnet:mention:c9a79e4430c9234b60b9f1df,hnet,classic,24073,contributor_unspecified,1,Mark Harrison,Mark Harrison,,Medicine and Victory: British Military Medicine in the Second World War,,accepted,mark-harrison-medical-historian,Q56434388,The source names this contributor on this particular book. Checked bibliography/biography connects the book to this person; authority identity checked separately. Decision is scoped to this occurrence.,source-credit|harrison-annual|harrison-oxford|wd-controls,https://wuhmo.web.ox.ac.uk/sites/default/files/wuhmo/documents/media/complete_annual_report_2002-2003.pdf | https://www.history.ox.ac.uk/people/professor-mark-harrison | https://www.wikidata.org/
hnet:mention:caa9858563ffbc72fc4573d6,hnet,classic,16573,reviewer,1,Guido Müller,Guido Müller,,,Q95242932,unresolved,,,"Credit reviewed, but no institution or independent exact-review attribution established in this pilot. Name and topic alone do not justify acceptance. Retain the old QID only as an unverified suggestion.",source-credit,
hnet:mention:cc2a55bacdd6f087e1241045,hnet,classic,34297,reviewer,1,Jörg Arnold,Jörg Arnold,,,Q112434101,unresolved,,,"Credit reviewed, but no institution or independent exact-review attribution established in this pilot. Name and topic alone do not justify acceptance. Retain the old QID only as an unverified suggestion.",source-credit,
hnet:mention:cd6c28b3f3cad08602630d1d,hnet,classic,19549,contributor_unspecified,1,Ute Schneider,Ute Schneider,,Die Macht der Karten: Eine Geschichte der Kartographie vom Mittelalter bis heute,Q16295137,accepted,ute-schneider-cultural-historian,Q16295137,The source names this contributor on this particular book. Checked bibliography/biography connects the book to this person; authority identity checked separately. Decision is scoped to this occurrence.,source-credit|schneider-essen|wd-controls,https://www.uni-due.de/geschichte/ute_schneider.php | https://www.wikidata.org/
hnet:mention:ce7d6aa09d8828bdbed3713d,hnet,classic,39798,reviewer,1,Anika Walke,Anika Walke,,,Q130598476,unresolved,,,"Credit reviewed, but no institution or independent exact-review attribution established in this pilot. Name and topic alone do not justify acceptance. Retain the old QID only as an unverified suggestion.",source-credit,
hnet:mention:cfd061b7064e659093495734,hnet,classic,11684,reviewer,1,Jörg Arnold,Jörg Arnold,"Historisches Seminar, Albert-Ludwigs-Universität Freiburg",,Q112434101,accepted,joerg-arnold-historian,Q95266163,"Recorded historical institution matches the university career and GND biography. Use GND-linked Q95266163; alternate QID remains a suspected duplicate, not an asserted Wikidata merge.",source-credit|arnold-bio|arnold-gnd|wd-pilot,https://uni-freiburg.de/frias/dr-jorg-arnold/ | https://lobid.org/gnd/1026192242 | https://www.wikidata.org/
hnet:mention:d184962e63ec14f3cb9172f1,hnet,classic,4806,reviewer,1,R. B. Bernstein,R. B. Bernstein,New York Law School,,Q7323841,accepted,richard-b-bernstein,Q7323841,Recorded reviewer name and New York Law School affiliation match the institutional author identity; this exact occurrence is accepted.,source-credit|bernstein-jefferson|wd-controls,https://digitalcommons.nyls.edu/fac_books/61/ | https://www.wikidata.org/
hnet:mention:d1c77bc300cfb70f7eb59c19,hnet,classic,34292,reviewer,1,Jörg Arnold,Jörg Arnold,,,Q112434101,unresolved,,,"Credit reviewed, but no institution or independent exact-review attribution established in this pilot. Name and topic alone do not justify acceptance. Retain the old QID only as an unverified suggestion.",source-credit,
hnet:mention:d316f0c2d9086375f9faa375,hnet,classic,18749,reviewer,1,Jörg Arnold,Jörg Arnold,,,Q112434101,unresolved,,,"Credit reviewed, but no institution or independent exact-review attribution established in this pilot. Name and topic alone do not justify acceptance. Retain the old QID only as an unverified suggestion.",source-credit,
hnet:mention:d54caf0396a23c86b747608c,hnet,classic,37895,contributor_unspecified,1,Julia Angster,Julia Angster,,Erdbeeren und Piraten: Die Royal Navy und die Ordnung der Welt 1770-1880,Q112475577,accepted,julia-angster,Q95193358,The source names this contributor on this particular book. Checked bibliography/biography connects the book to this person; authority identity checked separately. Decision is scoped to this occurrence.,source-credit|angster-bio|angster-gnd|wd-pilot,https://www.phil.uni-mannheim.de/neuere-und-neueste-geschichte/team/julia-angster/ | https://lobid.org/gnd/1022103326 | https://www.wikidata.org/
hnet:mention:d877b98113bbf829aa0d1e8e,hnet,classic,46039,reviewer,1,Michael Mann,Michael Mann,,,Q1928511,unresolved,,,"Credit reviewed, but no institution or independent exact-review attribution established in this pilot. Name and topic alone do not justify acceptance. Retain the old QID only as an unverified suggestion.",source-credit,
hnet:mention:db8d394f0ce08c5888c6e0a0,hnet,classic,46034,reviewer,1,Michael Mann,Michael Mann,,,Q1928511,unresolved,,,"Credit reviewed, but no institution or independent exact-review attribution established in this pilot. Name and topic alone do not justify acceptance. Retain the old QID only as an unverified suggestion.",source-credit,
hnet:mention:dbeb91f2a1f2b17715eb470b,hnet,classic,2253,reviewer,1,R. B. Bernstein,R. B. Bernstein,New York Law School and Brooklyn College/CUNY,,Q7323841,accepted,richard-b-bernstein,Q7323841,Recorded reviewer name and New York Law School affiliation match the institutional author identity; this exact occurrence is accepted.,source-credit|bernstein-jefferson|wd-controls,https://digitalcommons.nyls.edu/fac_books/61/ | https://www.wikidata.org/
hnet:mention:e2f822262601771b00894d38,hnet,classic,32643,reviewer,1,Michael Mann,Michael Mann,,,Q1928511,unresolved,,,"Credit reviewed, but no institution or independent exact-review attribution established in this pilot. Name and topic alone do not justify acceptance. Retain the old QID only as an unverified suggestion.",source-credit,
hnet:mention:e803ec39833aecf75d1cde43,hnet,classic,37185,reviewer,1,Michael Mann,Michael Mann,,,Q1928511,unresolved,,,"Credit reviewed, but no institution or independent exact-review attribution established in this pilot. Name and topic alone do not justify acceptance. Retain the old QID only as an unverified suggestion.",source-credit,
hnet:mention:e85744ab4063ea526d81aee9,hnet,classic,34311,reviewer,1,Michael Mann,Michael Mann,,,Q1928511,unresolved,,,"Credit reviewed, but no institution or independent exact-review attribution established in this pilot. Name and topic alone do not justify acceptance. Retain the old QID only as an unverified suggestion.",source-credit,
hnet:mention:e95517c16ecb2743c8712626,hnet,classic,21742,reviewer,1,Michael Mann,Michael Mann,,,Q1928511,unresolved,,,"Credit reviewed, but no institution or independent exact-review attribution established in this pilot. Name and topic alone do not justify acceptance. Retain the old QID only as an unverified suggestion.",source-credit,
hnet:mention:e9e8be2290d478b1545c7e5e,hnet,classic,34298,reviewer,1,Jörg Arnold,Jörg Arnold,,,Q112434101,unresolved,,,"Credit reviewed, but no institution or independent exact-review attribution established in this pilot. Name and topic alone do not justify acceptance. Retain the old QID only as an unverified suggestion.",source-credit,
hnet:mention:eb7302a70ff23142a0085bf7,hnet,classic,16571,reviewer,1,Guido Müller,Guido Müller,,,Q95242932,unresolved,,,"Credit reviewed, but no institution or independent exact-review attribution established in this pilot. Name and topic alone do not justify acceptance. Retain the old QID only as an unverified suggestion.",source-credit,
hnet:mention:ed426ff5a9ca91cb27459a1f,hnet,classic,34299,reviewer,1,Jörg Arnold,Jörg Arnold,,,Q112434101,unresolved,,,"Credit reviewed, but no institution or independent exact-review attribution established in this pilot. Name and topic alone do not justify acceptance. Retain the old QID only as an unverified suggestion.",source-credit,
hnet:mention:eebd227e69335d860038a707,hnet,classic,32705,reviewer,1,Michael Mann,Michael Mann,,,Q1928511,unresolved,,,"Credit reviewed, but no institution or independent exact-review attribution established in this pilot. Name and topic alone do not justify acceptance. Retain the old QID only as an unverified suggestion.",source-credit,
hnet:mention:efee0e8537c5f8f3e38c5c8d,hnet,classic,41233,contributor_unspecified,1,Michael Mann,Michael Mann,,Bauernwiderstand: Asien und Lateinamerika in der Neuzeit,Q1425193,accepted,michael-mann-historian,Q1928511,The source names this contributor on this particular book. Checked bibliography/biography connects the book to this person; authority identity checked separately. Decision is scoped to this occurrence.,source-credit|mann-history|wd-controls,https://www.projekt-mida.de/staff/michael-mann/ | https://www.wikidata.org/
hnet:mention:f1f0c3485869bb0ef99a3a4a,hnet,classic,4575,reviewer,1,R. B. Bernstein,R. B. Bernstein,New York Law School,,Q7323841,accepted,richard-b-bernstein,Q7323841,Recorded reviewer name and New York Law School affiliation match the institutional author identity; this exact occurrence is accepted.,source-credit|bernstein-jefferson|wd-controls,https://digitalcommons.nyls.edu/fac_books/61/ | https://www.wikidata.org/
hnet:mention:f27a3374bb673471a6515565,hnet,classic,25164,reviewer,1,Michael Mann,Michael Mann,,,Q1928511,unresolved,,,"Credit reviewed, but no institution or independent exact-review attribution established in this pilot. Name and topic alone do not justify acceptance. Retain the old QID only as an unverified suggestion.",source-credit,
hnet:mention:f322f5e9114ec9cb084b4f74,hnet,classic,32702,reviewer,1,Michael Mann,Michael Mann,,,Q1928511,unresolved,,,"Credit reviewed, but no institution or independent exact-review attribution established in this pilot. Name and topic alone do not justify acceptance. Retain the old QID only as an unverified suggestion.",source-credit,
hnet:mention:f3bbda5242dc49a0ecde8b48,hnet,classic,31185,reviewer,1,Michael Mann,Michael Mann,,,Q1928511,unresolved,,,"Credit reviewed, but no institution or independent exact-review attribution established in this pilot. Name and topic alone do not justify acceptance. Retain the old QID only as an unverified suggestion.",source-credit,
hnet:mention:f4627dbfaa42123cdeece1b4,hnet,classic,4809,reviewer,1,R. B. Bernstein,R. B. Bernstein,New York Law School,,Q7323841,accepted,richard-b-bernstein,Q7323841,Recorded reviewer name and New York Law School affiliation match the institutional author identity; this exact occurrence is accepted.,source-credit|bernstein-jefferson|wd-controls,https://digitalcommons.nyls.edu/fac_books/61/ | https://www.wikidata.org/
hnet:mention:f462c95495d0e5becd690c28,hnet,classic,29370,reviewer,1,Michael Mann,Michael Mann,,,Q1928511,unresolved,,,"Credit reviewed, but no institution or independent exact-review attribution established in this pilot. Name and topic alone do not justify acceptance. Retain the old QID only as an unverified suggestion.",source-credit,
hnet:mention:f52d2381003cc456c0bcec7d,hnet,classic,18551,reviewer,1,Jörg Arnold,Jörg Arnold,,,Q112434101,unresolved,,,"Credit reviewed, but no institution or independent exact-review attribution established in this pilot. Name and topic alone do not justify acceptance. Retain the old QID only as an unverified suggestion.",source-credit,
hnet:mention:f72ef5c0d69b715570ce4d04,hnet,classic,32703,reviewer,1,Michael Mann,Michael Mann,,,Q1928511,unresolved,,,"Credit reviewed, but no institution or independent exact-review attribution established in this pilot. Name and topic alone do not justify acceptance. Retain the old QID only as an unverified suggestion.",source-credit,
hnet:mention:f7a5c259cc1181dd1db15ae0,hnet,classic,21846,reviewer,1,Michael Mann,Michael Mann,,,Q1928511,unresolved,,,"Credit reviewed, but no institution or independent exact-review attribution established in this pilot. Name and topic alone do not justify acceptance. Retain the old QID only as an unverified suggestion.",source-credit,
hnet:mention:f83af623117effcdc222c10e,hnet,classic,49918,contributor_unspecified,1,Sumit Ganguly,Sumit Ganguly,,"Ascending India and Its State Capacity: Extraction, Violence, and Legitimacy",Q17090449,accepted,sumit-ganguly,Q17090449,The source names this contributor on this particular book. Checked bibliography/biography connects the book to this person; authority identity checked separately. Decision is scoped to this occurrence.,source-credit|ganguly-bio|wd-controls,https://polisci.indiana.edu/about/emeriti-faculty/ganguly-sumit.html | https://www.wikidata.org/
hnet:mention:f84d23af65fe217d3dd8329d,hnet,classic,41383,reviewer,1,Jörg Arnold,Jörg Arnold,,,Q112434101,unresolved,,,"Credit reviewed, but no institution or independent exact-review attribution established in this pilot. Name and topic alone do not justify acceptance. Retain the old QID only as an unverified suggestion.",source-credit,
hnet:mention:f9af2651c89d9e35aa4d9529,hnet,classic,4557,reviewer,1,R. B. Bernstein,R. B. Bernstein,New York Law School,,Q7323841,accepted,richard-b-bernstein,Q7323841,Recorded reviewer name and New York Law School affiliation match the institutional author identity; this exact occurrence is accepted.,source-credit|bernstein-jefferson|wd-controls,https://digitalcommons.nyls.edu/fac_books/61/ | https://www.wikidata.org/
hnet:mention:fa2d37e4165aa0c1344b1d3b,hnet,classic,9045,reviewer,1,R. B. Bernstein,R. B. Bernstein,New York Law School,,Q7323841,accepted,richard-b-bernstein,Q7323841,Recorded reviewer name and New York Law School affiliation match the institutional author identity; this exact occurrence is accepted.,source-credit|bernstein-jefferson|wd-controls,https://digitalcommons.nyls.edu/fac_books/61/ | https://www.wikidata.org/
hnet:mention:faebf4c8a49a6eb48e4ee9a1,hnet,classic,30560,contributor_unspecified,1,Michael Mann,Michael Mann,,Sinnvolle Geschichte: Historische Repräsentationen im neuzeitlichen Südasien,Q1425193,accepted,michael-mann-historian,Q1928511,The source names this contributor on this particular book. Checked bibliography/biography connects the book to this person; authority identity checked separately. Decision is scoped to this occurrence.,source-credit|mann-history|wd-controls,https://www.projekt-mida.de/staff/michael-mann/ | https://www.wikidata.org/
hnet:mention:fb2ef5f29e02fcb75d807600,hnet,classic,31561,reviewer,1,Michael Mann,Michael Mann,,,Q1928511,unresolved,,,"Credit reviewed, but no institution or independent exact-review attribution established in this pilot. Name and topic alone do not justify acceptance. Retain the old QID only as an unverified suggestion.",source-credit,
hnet:mention:fbc84068fd9f0535a6d5208d,hnet,classic,17008,reviewer,1,Ute Schneider,Ute Schneider,,,Q93972366,unresolved,,,"Credit reviewed, but no institution or independent exact-review attribution established in this pilot. Name and topic alone do not justify acceptance. Retain the old QID only as an unverified suggestion.",source-credit,
hnet:mention:fc5b5147bc59cd4e1de700a8,hnet,classic,35040,reviewer,1,Jörg Arnold,Jörg Arnold,,,Q112434101,unresolved,,,"Credit reviewed, but no institution or independent exact-review attribution established in this pilot. Name and topic alone do not justify acceptance. Retain the old QID only as an unverified suggestion.",source-credit,
hnet:mention:fdd2d66f23ffcb97bb54d150,hnet,classic,35589,reviewer,1,Anika Walke,Anika Walke,Washington University,,Q130598476,accepted,anika-walke,Q130815595,Source reviewer institution agrees with university and GND records. Use the authority-linked Q130815595; preserve alternate QID as a suspected duplicate.,source-credit|walke-bio|walke-gnd|wd-pilot,https://history.wustl.edu/people/anika-walke | https://lobid.org/gnd/118784215X | https://www.wikidata.org/
hnet:mention:ffd3dbb573307648a2a04c16,hnet,classic,34301,reviewer,1,Jörg Arnold,Jörg Arnold,,,Q112434101,unresolved,,,"Credit reviewed, but no institution or independent exact-review attribution established in this pilot. Name and topic alone do not justify acceptance. Retain the old QID only as an unverified suggestion.",source-credit,
rih:mention:ad3932e225680a4f20b31a3e,reviews_in_history,reviews_in_history,965,reviewer,,Mark Harrison,Mark Harrison,University of Oxford,,Q56434388,accepted,mark-harrison-medical-historian,Q56434388,Source explicitly names Oxford; matches medical historian and is distinct from the Warwick economist.,source-credit|harrison-oxford|wd-controls,https://www.history.ox.ac.uk/people/professor-mark-harrison | https://www.wikidata.org/
rih:mention:e1b9e4028c82abfba90d7ccb,reviews_in_history,reviews_in_history,2058,reviewer,,Jörg Arnold,Jörg Arnold,University of Nottingham,,Q95266163,accepted,joerg-arnold-historian,Q95266163,"Recorded historical institution matches the university career and GND biography. Use GND-linked Q95266163; alternate QID remains a suspected duplicate, not an asserted Wikidata merge.",source-credit|arnold-bio|arnold-gnd|wd-pilot,https://uni-freiburg.de/frias/dr-jorg-arnold/ | https://lobid.org/gnd/1026192242 | https://www.wikidata.org/
rih:mention:f9eed26bf9c4efeadbf852a3,reviews_in_history,reviews_in_history,285,reviewer,,Mark Harrison,Mark Harrison,University of Oxford,,Q56434388,accepted,mark-harrison-medical-historian,Q56434388,Source explicitly names Oxford; matches medical historian and is distinct from the Warwick economist.,source-credit|harrison-oxford|wd-controls,https://www.history.ox.ac.uk/people/professor-mark-harrison | https://www.wikidata.org/
