entry,entry_label,folds_into,relation,status,note
context,Contextual intellectual history / Cambridge School,intellectualhistory,subfield,proposed,The Cambridge School is a form of intellectual history.
dependency,Dependency / world-systems,global,tradition_used_in,proposed,World-systems analysis is practised within world/global history.
dependency,Dependency / world-systems,economic,tradition_used_in,proposed,Dependency theory is practised within economic history.
durkheim,Social facts & collective life,historicalsociology,tradition_used_in,proposed,Durkheimian social facts are used within historical sociology.
durkheim,Social facts & collective life,social,tradition_used_in,proposed,Durkheimian collective life is used within social history.
epistemology,Historical epistemology,science,subfield,proposed,Historical epistemology is a strand of the history of science.
frankfurt,Frankfurt School / critical theory,intellectualhistory,tradition_used_in,proposed,Critical theory is studied and used within intellectual history.
freud,Freudian psychoanalysis,psychohistory,tradition_used_in,proposed,Psychoanalysis is used by psychohistory (itself folded below).
geography,Geography & environmental inquiry,spatialhistory,subfield,proposed,Geographical inquiry is practised within spatial history / historical geography.
geography,Geography & environmental inquiry,environment,subfield,proposed,Environmental inquiry is practised within environmental history.
historicalecon,Historical economics,economic,subfield,proposed,Historical economics is an earlier form of economic history (also a proposed sub-field of social science history).
historicism,Historicism & idealist philosophies of history,philhistory,tradition_used_in,proposed,Historicism and idealist philosophies of history belong to the explanation and objectivity debates.
intersectionality,Intersectional analysis,gender,method_within,proposed,Intersectional analysis is a method used within gender history.
intersectionality,Intersectional analysis,racial_formation,method_within,proposed,Intersectional analysis is a method used within the history of race.
karl,Historical materialism,marx,tradition_used_in,proposed,Historical materialism is the theory practised as Marxist social history.
language,Linguistic turn / poststructuralism,culture,method_within,proposed,The linguistic turn is practised within cultural history.
language,Linguistic turn / poststructuralism,intellectualhistory,method_within,proposed,The linguistic turn is practised within intellectual history.
lifetradition,Biographical & literary traditions,biography,subfield,proposed,Biographical and literary traditions are earlier forms of biography / life writing.
micro,Microhistory / everyday life,social,roots_in,reviewed,"Microhistory has become a method, but its roots are in social and cultural history (user direction, 2026-09-27). Review mentions support this: it is invoked across fields at near-baseline rates (lift ~1.1-1.5), not specifically within its parent fields. Its current practice is measured directly by method signals and review mentions."
micro,Microhistory / everyday life,culture,roots_in,reviewed,"Microhistory has become a method, but its roots are in social and cultural history (user direction, 2026-09-27). Review mentions support this: it is invoked across fields at near-baseline rates (lift ~1.1-1.5), not specifically within its parent fields. Its current practice is measured directly by method signals and review mentions."
modern,Modernization theory,historicalsociology,tradition_used_in,proposed,Modernization theory is used within comparative historical sociology.
nationaltradition,National & imperial narratives,political,subfield,proposed,National and imperial narratives are earlier forms of political history.
nationaltradition,National & imperial narratives,none:imperial_colonial_history,subfield,proposed,Imperial narratives are an earlier form of imperial and colonial history.
newleft,New Left & radical history (US),social,method_within,proposed,US New Left and radical history is practised as history from below within social history.
oldculture,Earlier cultural history,culture,subfield,proposed,Earlier cultural history is the precursor of cultural history.
post,Postcolonial history / critique,none:imperial_colonial_history,method_within,proposed,Postcolonial critique is practised within imperial and colonial history.
post,Postcolonial history / critique,global,method_within,proposed,Postcolonial critique is practised within world/global history.
practice,Practice theory,culture,tradition_used_in,proposed,Practice theory is used within cultural history.
progressive,Progressive & consensus historiography (US),political,subfield,proposed,Progressive and consensus historiography is a US tradition of political history.
psychohistory,Psychohistory / psychoanalytic history,culture,method_within,uncertain,"Psychohistory is practised within cultural history (mentalities, emotions). Uncertain."
saussure,Structural linguistics,language,tradition_used_in,proposed,Structural linguistics feeds the linguistic turn (itself folded).
ssk,Sociology of scientific knowledge / SSK,science,subfield,proposed,The sociology of scientific knowledge is practised within the history of science.
sts,Science and technology studies / STS,science,subfield,proposed,Science and technology studies are practised within the history of science.
sts,Science and technology studies / STS,technology,subfield,proposed,Science and technology studies are practised within the history of technology.
subaltern,Subaltern Studies,none:imperial_colonial_history,method_within,proposed,Subaltern Studies is practised within colonial (South Asian) history.
subaltern,Subaltern Studies,social,method_within,proposed,Subaltern Studies is history from below.
truthdebate,Historians’ responses to postmodernism,philhistory,subfield,proposed,Historians' responses to postmodernism belong to the explanation and objectivity debates.
wartradition,Strategic & military scholarship,military,subfield,proposed,Strategic and military scholarship is the earlier form of military history.
web_history,Web history / Archived-web research,digital_history,subfield,proposed,Web history is a strand of digital history.
weber,Interpretive historical sociology,historicalsociology,tradition_used_in,proposed,Interpretive historical sociology is historical sociology.
identity,Identity histories,social,subfield,reviewed,"User 2026-09-27: Hunt's Identity histories is not a family or umbrella; its fields sit under social and cultural history, several bridging both (families-draft.csv). The practice-hierarchy rollup rows are rejected."
identity,Identity histories,culture,subfield,reviewed,"User 2026-09-27: Hunt's Identity histories is not a family or umbrella; its fields sit under social and cultural history, several bridging both (families-draft.csv). The practice-hierarchy rollup rows are rejected."
