family,member,member_kind,bridge_family,status,note
Social history,social,atlas_entry,,proposed,
Social history,marx,atlas_entry,,proposed,
Social history,labourhistory,atlas_entry,,proposed,
Social history,historyworkshop,atlas_entry,,proposed,
Social history,demography,atlas_entry,,proposed,
Social history,urbanhistory,atlas_entry,,proposed,
Social history,micro,atlas_entry,Cultural & intellectual history,reviewed,User 2026-09-27 approved the assistant recommendation: a method used across fields with roots in social and cultural history (matches the roots_in fold).
Social history,newleft,atlas_entry,,proposed,
Social history,durkheim,atlas_entry,Economy & social science history,reviewed,User 2026-09-27 approved the assistant recommendation: his main historical influence ran through the Annales and social history; bridges social science history.
Social history,women,atlas_entry,Cultural & intellectual history,proposed,
Social history,black,atlas_entry,Cultural & intellectual history,proposed,
Social history,identity,atlas_entry,Cultural & intellectual history,reviewed,User 2026-09-27: drop Hunt's Identity histories as a family; group under social and cultural history (bridges).
Social history,racial_formation,atlas_entry,Cultural & intellectual history,proposed,
Social history,intersectionality,atlas_entry,Cultural & intellectual history,proposed,
Social history,none:rural_agrarian,record_only,,proposed,
Social history,none:local_regional_history,record_only,,proposed,
Social history,none:childhood_youth,record_only,,proposed,
Social history,none:ethnic_history,record_only,,proposed,
Social history,none:jewish_studies,record_only,Cultural & intellectual history,reviewed,"User 2026-09-27 approved the assistant recommendation: mainly the history of a people across a diaspora (~23% of H-Judaic reviewed titles are religious), so it bridges social and cultural history like Black history. Label ""Jewish history & Jewish studies""."
Social history,oral,atlas_entry,Theory & method,reviewed,User 2026-09-27 approved the assistant recommendation: began as history from below; the method is the bridge to theory & method.
Cultural & intellectual history,culture,atlas_entry,,proposed,
Cultural & intellectual history,oldculture,atlas_entry,,proposed,
Cultural & intellectual history,intellectualhistory,atlas_entry,,proposed,
Cultural & intellectual history,context,atlas_entry,,proposed,
Cultural & intellectual history,conceptual,atlas_entry,,proposed,
Cultural & intellectual history,language,atlas_entry,,proposed,
Cultural & intellectual history,memory,atlas_entry,,proposed,
Cultural & intellectual history,culturalstudies,atlas_entry,,proposed,
Cultural & intellectual history,anthropology,atlas_entry,,proposed,
Cultural & intellectual history,practice,atlas_entry,,proposed,
Cultural & intellectual history,psychohistory,atlas_entry,,proposed,
Cultural & intellectual history,frankfurt,atlas_entry,,proposed,
Cultural & intellectual history,saussure,atlas_entry,,proposed,
Cultural & intellectual history,gender,atlas_entry,Social history,proposed,
Cultural & intellectual history,queer,atlas_entry,Social history,proposed,
Cultural & intellectual history,biography,atlas_entry,,proposed,
Cultural & intellectual history,lifetradition,atlas_entry,,proposed,
Cultural & intellectual history,consumption,atlas_entry,Economy & social science history,proposed,
Cultural & intellectual history,none:religious_history,record_only,Social history,reviewed,User 2026-09-27 approved the assistant recommendation: doctrine and belief in cultural history; popular religion bridges social history.
Cultural & intellectual history,none:art_history,record_only,,proposed,
Cultural & intellectual history,none:history_of_knowledge,record_only,,proposed,
Cultural & intellectual history,none:history_of_emotions,record_only,,proposed,
Cultural & intellectual history,none:book_library_history,record_only,,proposed,
Cultural & intellectual history,freud,atlas_entry,,reviewed,"User 2026-09-27 approved the assistant recommendation: Freudian psychoanalysis is used by psychohistory (approach-folds.csv), which sits in cultural & intellectual history."
Annales,annales,atlas_entry,,reviewed,"User 2026-09-27: Annales is its own family (important, influenced much of what followed)."
"Political, national & international",political,atlas_entry,,proposed,
"Political, national & international",nationalismstudies,atlas_entry,,proposed,
"Political, national & international",nationaltradition,atlas_entry,,proposed,
"Political, national & international",progressive,atlas_entry,,proposed,
"Political, national & international",holocaust,atlas_entry,War & the military,reviewed,User 2026-09-27 approved the assistant recommendation: the Nazi-state (intentionalist/functionalist) debates are its core; bridges war.
"Political, national & international",none:diplomatic_international,record_only,,proposed,
"Political, national & international",none:legal_history,record_only,,proposed,
"Political, national & international",none:socialism_left_politics,record_only,,proposed,
"Political, national & international",none:human_rights,record_only,,proposed,
"Political, national & international",none:peace_history,record_only,,proposed,
"Political, national & international",none:genocide_studies,record_only,War & the military,reviewed,User 2026-09-27 approved the assistant recommendation: placed with Holocaust historiography so the two sit together.
War & the military,military,atlas_entry,,proposed,
War & the military,wartradition,atlas_entry,,proposed,
Economy & social science history,economic,atlas_entry,,proposed,
Economy & social science history,historicalecon,atlas_entry,,proposed,
Economy & social science history,economictheory,atlas_entry,,proposed,
Economy & social science history,quant,atlas_entry,,proposed,
Economy & social science history,historicalsociology,atlas_entry,,proposed,
Economy & social science history,bielefeld,atlas_entry,,proposed,
Economy & social science history,modern,atlas_entry,,proposed,
Economy & social science history,dependency,atlas_entry,,proposed,
Economy & social science history,weber,atlas_entry,,reviewed,User 2026-09-27 approved the assistant recommendation: comparative historical sociology.
Economy & social science history,spatialhistory,atlas_entry,,reviewed,"User 2026-09-27: family is ""Environment"" only; historical geography sits in social science history."
Economy & social science history,karl,atlas_entry,Social history,reviewed,"User 2026-09-27 approved the assistant recommendation: the social-science lineage; Marxist social history (Thompson, Hobsbawm) is the bridge."
Economy & social science history,none:social_science_history,record_only,,proposed,
Economy & social science history,none:business_history,record_only,,proposed,
Indigenous histories,indigenous,atlas_entry,,proposed,
Indigenous histories,ethnohistory,atlas_entry,,proposed,
"Empire, colonialism & the global",anticolonial,atlas_entry,,proposed,
"Empire, colonialism & the global",post,atlas_entry,,proposed,
"Empire, colonialism & the global",subaltern,atlas_entry,,proposed,
"Empire, colonialism & the global",africanhist,atlas_entry,,proposed,
"Empire, colonialism & the global",atlantic,atlas_entry,,proposed,
"Empire, colonialism & the global",global,atlas_entry,,proposed,
"Empire, colonialism & the global",none:imperial_colonial_history,record_only,,proposed,
"Empire, colonialism & the global",none:migration_history,record_only,,proposed,
"Empire, colonialism & the global",none:transnational_history,record_only,,proposed,
"Empire, colonialism & the global",none:slavery_studies,record_only,,proposed,
"Empire, colonialism & the global",none:maritime_ocean_history,record_only,Economy & social science history,reviewed,User 2026-09-27 approved the assistant recommendation: Atlantic and Indian Ocean worlds; shipping and trade bridge economy.
"Science, technology & medicine",science,atlas_entry,,proposed,
"Science, technology & medicine",ssk,atlas_entry,,proposed,
"Science, technology & medicine",sts,atlas_entry,,proposed,
"Science, technology & medicine",technology,atlas_entry,,proposed,
"Science, technology & medicine",medicalhistory,atlas_entry,,proposed,
"Science, technology & medicine",epistemology,atlas_entry,,proposed,
"Science, technology & medicine",none:disability_history,record_only,,proposed,
Environment,environment,atlas_entry,,proposed,
Environment,geography,atlas_entry,,proposed,
Environment,none:animal_history,record_only,,proposed,
Theory & method,philhistory,atlas_entry,,proposed,
Theory & method,historicism,atlas_entry,,proposed,
Theory & method,truthdebate,atlas_entry,,proposed,
Theory & method,ranke,atlas_entry,,proposed,
Theory & method,publichistory,atlas_entry,,proposed,
Theory & method,digital_history,atlas_entry,,proposed,
Theory & method,web_history,atlas_entry,,proposed,
Theory & method,revival,atlas_entry,Economy & social science history,reviewed,"User 2026-09-27 approved the assistant recommendation: the revival of narrative is a debate about how history is written (Stone 1979, Hobsbawm 1980); it bridges social science history because it was a debate over quantification."
