source,source_label,volume,volume_unit,axis,target,target_label,status,note
hnet,H-Soz-u-Kult,21448,reviews,general,general,General (not assignable),proposed,General German-language history network; 46% of H-Net reviews; not assignable to a field by network.
hnet,H-German,2990,reviews,region,central_europe,central europe,proposed,
hnet,H-War,1949,reviews,theme,military,Military history,proposed,
hnet,H-Environment,1245,reviews,theme,environment,Environmental history,proposed,
hnet,H-Albion,1139,reviews,region,britain_ireland,britain ireland,proposed,
hnet,H-Diplo,1100,reviews,theme,none:diplomatic_international,No atlas entry: diplomatic international,proposed,Diplomatic/international history has no atlas entry; it sits under political history at most.
hnet,H-CivWar,857,reviews,region,north_america,north america,proposed,
hnet,H-CivWar,857,reviews,period,modern_19c,modern 19c,proposed,
hnet,H-CivWar,857,reviews,theme,military,Military history,proposed,
hnet,H-Judaic,745,reviews,theme,none:jewish_studies,No atlas entry: jewish studies,proposed,
hnet,H-Urban,733,reviews,theme,urbanhistory,Urban history,proposed,
hnet,H-LatAm,696,reviews,region,latin_america_caribbean,latin america caribbean,proposed,
hnet,H-Law,512,reviews,theme,none:legal_history,No atlas entry: legal history,proposed,
hnet,H-SAfrica,465,reviews,region,africa,africa,proposed,
hnet,H-Sci-Med-Tech,462,reviews,theme,science,History of science,proposed,
hnet,H-Sci-Med-Tech,462,reviews,theme,medicalhistory,Medical & health history,proposed,
hnet,H-Sci-Med-Tech,462,reviews,theme,technology,History of technology,proposed,
hnet,H-Asia,409,reviews,region,asia,asia,proposed,
hnet,H-Africa,351,reviews,region,africa,africa,proposed,
hnet,H-PCAACA,338,reviews,theme,culture,New cultural history,reviewed,"Popular culture sits within the atlas's New cultural history (which cites Burke, Popular Culture in Early Modern Europe). The PCA/ACA network is also cultural studies and American studies, so it maps to both. Revised 2026-09-26 at user direction."
hnet,H-PCAACA,338,reviews,theme,culturalstudies,British cultural studies,reviewed,"Popular culture sits within the atlas's New cultural history (which cites Burke, Popular Culture in Early Modern Europe). The PCA/ACA network is also cultural studies and American studies, so it maps to both. Revised 2026-09-26 at user direction."
hnet,H-PCAACA,338,reviews,region,north_america,north america,proposed,
hnet,H-Russia,331,reviews,region,eastern_europe_russia,eastern europe russia,proposed,
hnet,H-South,323,reviews,region,north_america,north america,proposed,
hnet,H-SHEAR,314,reviews,region,north_america,north america,proposed,
hnet,H-SHEAR,314,reviews,period,modern_19c,modern 19c,proposed,
hnet,H-Disability,312,reviews,theme,none:disability_history,No atlas entry: disability history,proposed,
hnet,H-Pol,307,reviews,theme,political,Political history,proposed,
hnet,H-Pol,307,reviews,region,north_america,north america,proposed,
hnet,H-Italy,292,reviews,region,southern_europe,southern europe,proposed,
hnet,H-Women,272,reviews,theme,women,Women’s history,proposed,
hnet,H-Canada,269,reviews,region,north_america,north america,proposed,
hnet,H-SHGAPE,267,reviews,region,north_america,north america,proposed,
hnet,H-SHGAPE,267,reviews,period,modern_19c,modern 19c,proposed,
hnet,H-Buddhism,265,reviews,theme,none:religious_history,No atlas entry: religious history,proposed,
hnet,H-Buddhism,265,reviews,region,asia,asia,proposed,
hnet,H-AmIndian,232,reviews,theme,indigenous,Indigenous history & decolonizing methods,reviewed,Grounded to Indigenous history at user direction (2026-09-26). The North America region row was removed: counting Indigenous history under a settler-state region subsumes it into national frames.
hnet,H-AmIndian,232,reviews,theme,ethnohistory,Ethnohistory,rejected,"Rejected at user direction, 2026-09-26, following data/field-research/indigenous-ethnohistory-2026-09-26.md: mapping would count Native American history reviews as ethnohistory by default. Ethnohistory is a contested tradition and method, not a synonym. Re-check H-AmIndian's scope page, which returned 403."
hnet,H-Nationalism,228,reviews,theme,nationalismstudies,Nationalism studies,proposed,
hnet,H-Socialisms,220,reviews,theme,none:socialism_left_politics,No atlas entry: socialism left politics,proposed,
hnet,H-Atlantic,206,reviews,theme,atlantic,Atlantic & diaspora histories,proposed,
hnet,H-AfrTeach,177,reviews,region,africa,africa,proposed,
hnet,H-AfrTeach,177,reviews,pedagogy,teaching_history,Teaching history (pedagogy),reviewed,"Teaching history is the discipline's pedagogy, not a field of historical research, and is distinct from the history of education (a research theme). Moved to the pedagogy axis at user direction, 2026-09-26."
hnet,H-Ideas,168,reviews,theme,intellectualhistory,Intellectual history,proposed,
hnet,H-SAWH,167,reviews,theme,women,Women’s history,proposed,
hnet,H-SAWH,167,reviews,region,north_america,north america,proposed,
hnet,H-Florida,155,reviews,region,north_america,north america,proposed,
hnet,H-ArtHist,153,reviews,theme,none:art_history,No atlas entry: art history,proposed,
hnet,H-Empire,150,reviews,theme,none:imperial_colonial_history,No atlas entry: imperial colonial history,proposed,
hnet,H-US-Japan,143,reviews,theme,none:diplomatic_international,No atlas entry: diplomatic international,proposed,
hnet,H-US-Japan,143,reviews,region,north_america,north america,proposed,
hnet,H-US-Japan,143,reviews,region,east_asia,east asia,proposed,
hnet,H-Minerva,143,reviews,theme,women,Women’s history,proposed,
hnet,H-Minerva,143,reviews,theme,military,Military history,proposed,
hnet,H-HistGeog,143,reviews,theme,spatialhistory,Spatial history / Historical geography,proposed,
hnet,H-1960s,141,reviews,period,contemporary_20c,contemporary 20c,proposed,
hnet,H-Education,138,reviews,theme,none:history_of_education,No atlas entry: history of education,reviewed,"History of education: a research theme with no atlas entry; distinct from teaching history (user direction, 2026-09-26)."
hnet,H-France,136,reviews,region,western_europe,western europe,proposed,
hnet,H-Japan,130,reviews,region,east_asia,east asia,proposed,
hnet,H-AfrArts,130,reviews,region,africa,africa,proposed,
hnet,H-AfrArts,130,reviews,theme,none:art_history,No atlas entry: art history,proposed,
hnet,H-USA,129,reviews,region,north_america,north america,proposed,
hnet,H-Early-America,127,reviews,region,north_america,north america,proposed,
hnet,H-Early-America,127,reviews,period,early_modern,early modern,proposed,
hnet,H-Gender-MidEast,123,reviews,theme,gender,Gender history,proposed,
hnet,H-Gender-MidEast,123,reviews,region,middle_east,middle east,proposed,
hnet,H-Childhood,117,reviews,theme,none:childhood_youth,No atlas entry: childhood youth,proposed,
hnet,H-Genocide,114,reviews,theme,none:genocide_studies,No atlas entry: genocide studies,proposed,
hnet,H-Catholic,109,reviews,theme,none:religious_history,No atlas entry: religious history,proposed,
hnet,H-SAE,103,reviews,theme,anthropology,Anthropology & ethnography,proposed,Society for the Anthropology of Europe (Europe-focused anthropology).
hnet,H-Amstdy,101,reviews,theme,none:american_studies,No atlas entry: american studies,proposed,
hnet,H-Amstdy,101,reviews,region,north_america,north america,proposed,
hnet,H-Museum,98,reviews,theme,publichistory,Public history,proposed,
hnet,H-Histsex,95,reviews,theme,queer,Sexuality & queer history,proposed,
hnet,H-Levant,92,reviews,region,middle_east,middle east,proposed,
hnet,H-Human-Rights,92,reviews,theme,none:human_rights,No atlas entry: human rights,proposed,
hnet,H-FedHist,92,reviews,theme,publichistory,Public history,proposed,
hnet,H-FedHist,92,reviews,theme,political,Political history,proposed,
hnet,H-FedHist,92,reviews,region,north_america,north america,proposed,
hnet,H-Water,87,reviews,theme,environment,Environmental history,proposed,
hnet,H-AmRel,80,reviews,theme,none:religious_history,No atlas entry: religious history,proposed,
hnet,H-AmRel,80,reviews,region,north_america,north america,proposed,
hnet,H-HRE,79,reviews,region,central_europe,central europe,proposed,
hnet,H-HRE,79,reviews,period,early_modern,early modern,proposed,
hnet,H-California,79,reviews,region,north_america,north america,proposed,
hnet,H-Poland,78,reviews,region,eastern_europe_russia,eastern europe russia,proposed,
hnet,H-Luso-Africa,78,reviews,region,africa,africa,proposed,
hnet,H-Survey,77,reviews,pedagogy,teaching_history,Teaching history (pedagogy),reviewed,"Teaching history is the discipline's pedagogy, not a field of historical research, and is distinct from the history of education (a research theme). Moved to the pedagogy axis at user direction, 2026-09-26."
hnet,H-Survey,77,reviews,region,north_america,north america,proposed,
hnet,H-Nilas,75,reviews,unknown,unknown,Scope not identified,uncertain,
hnet,H-Business,71,reviews,theme,none:business_history,No atlas entry: business history,reviewed,"Business history (firms, entrepreneurs, management) is a distinct field, not economic history; user direction, 2026-09-26."
hnet,H-AfrLitCine,68,reviews,region,africa,africa,proposed,
hnet,H-AfrLitCine,68,reviews,theme,none:literature_film,No atlas entry: literature film,proposed,
hnet,H-Caribbean,67,reviews,region,latin_america_caribbean,latin america caribbean,proposed,
hnet,H-SHERA,65,reviews,region,eastern_europe_russia,eastern europe russia,proposed,
hnet,H-SHERA,65,reviews,theme,none:art_history,No atlas entry: art history,proposed,
hnet,H-Review,65,reviews,general,general,General (not assignable),proposed,
hnet,H-TGS,60,reviews,region,central_europe,central europe,uncertain,
hnet,H-Travel,58,reviews,theme,none:travel,No atlas entry: travel,proposed,
hnet,H-Film,57,reviews,theme,none:film_media,No atlas entry: film media,proposed,
hnet,H-DC,56,reviews,region,north_america,north america,proposed,
hnet,H-Indiana,55,reviews,region,north_america,north america,proposed,
hnet,H-Slavery,52,reviews,theme,none:slavery_studies,No atlas entry: slavery studies,proposed,
hnet,H-Pentecostalism,52,reviews,theme,none:religious_history,No atlas entry: religious history,proposed,
hnet,H-Ethnic,51,reviews,theme,none:ethnic_history,No atlas entry: ethnic history,reviewed,"Ethnic history: communities and group identities, often studied within a national frame. Split from migration history at user direction, 2026-09-26."
hnet,H-W-Civ,49,reviews,general,general,General (not assignable),proposed,
hnet,H-W-Civ,49,reviews,pedagogy,teaching_history,Teaching history (pedagogy),reviewed,"Teaching history is the discipline's pedagogy, not a field of historical research, and is distinct from the history of education (a research theme). Moved to the pedagogy axis at user direction, 2026-09-26."
hnet,H-Teachpol,49,reviews,pedagogy,teaching_history,Teaching history (pedagogy),reviewed,"Teaching history is the discipline's pedagogy, not a field of historical research, and is distinct from the history of education (a research theme). Moved to the pedagogy axis at user direction, 2026-09-26."
hnet,H-Pennsylvania,42,reviews,region,north_america,north america,proposed,
hnet,H-Antisemitism,41,reviews,theme,none:jewish_studies,No atlas entry: jewish studies,proposed,
hnet,H-Holocaust,40,reviews,theme,holocaust,Holocaust historiography,proposed,
hnet,H-Memory,37,reviews,theme,memory,Memory studies,proposed,
hnet,H-Material-Culture,37,reviews,theme,consumption,Consumption & material culture,proposed,
hnet,H-SC,36,reviews,region,north_america,north america,proposed,
hnet,H-Arete,36,reviews,theme,none:sport_history,No atlas entry: sport history,proposed,
hnet,H-World,34,reviews,theme,global,World / global / connected history,proposed,
hnet,H-Skand,34,reviews,region,northern_europe,northern europe,proposed,
hnet,H-Oceans,34,reviews,theme,none:maritime_ocean_history,No atlas entry: maritime ocean history,proposed,
hnet,H-GAGCS,34,reviews,unknown,unknown,Scope not identified,uncertain,
hnet,H-Peace,32,reviews,theme,none:peace_history,No atlas entry: peace history,proposed,
hnet,H-Ohio,29,reviews,region,north_america,north america,proposed,
hnet,H-NC,29,reviews,region,north_america,north america,proposed,
hnet,H-Borderlands,29,reviews,theme,none:borderlands,No atlas entry: borderlands,proposed,
hnet,H-Southern-Industry,28,reviews,region,north_america,north america,proposed,
hnet,H-Southern-Industry,28,reviews,theme,economic,Economic history,proposed,
hnet,H-Southern-Industry,28,reviews,theme,labourhistory,Labour history,proposed,
hnet,H-Mideast-Medieval,27,reviews,region,middle_east,middle east,proposed,
hnet,H-Mideast-Medieval,27,reviews,period,medieval,medieval,proposed,
hnet,H-AMCA,26,reviews,unknown,unknown,Scope not identified,uncertain,
hnet,H-Tennessee,25,reviews,region,north_america,north america,proposed,
hnet,H-Southern-Lit,25,reviews,region,north_america,north america,proposed,
hnet,H-Southern-Lit,25,reviews,theme,none:literature_film,No atlas entry: literature film,proposed,
hnet,H-Rural,25,reviews,theme,none:rural_agrarian,No atlas entry: rural agrarian,proposed,
hnet,H-Labor,25,reviews,theme,labourhistory,Labour history,proposed,
hnet,H-Francais,25,reviews,general,general,General (not assignable),proposed,
hnet,H-ANZAU,25,reviews,region,oceania,oceania,proposed,
hnet,H-West,24,reviews,region,north_america,north america,proposed,
hnet,H-Migration,24,reviews,theme,none:migration_history,No atlas entry: migration history,reviewed,"Migration history: movement across borders. Matches batch 09's proposed migration_history candidate (data/extension-2026/transnational-mobility-09/boundary-review.json) and is related to, not identical with, the Transnational history entry draft. Remap if either reaches production. Split from ethnic history at user direction, 2026-09-26."
hnet,H-Appalachia,22,reviews,region,north_america,north america,proposed,
hnet,H-NewMexico,21,reviews,region,north_america,north america,proposed,
hnet,H-Turk,20,reviews,region,middle_east,middle east,proposed,
hnet,H-State,20,reviews,theme,political,Political history,proposed,
hnet,H-History-and-Theory,20,reviews,theme,philhistory,Explanation & objectivity debates,proposed,
hnet,H-Low-Countries,19,reviews,region,western_europe,western europe,proposed,
hnet,H-French-Colonial,18,reviews,region,western_europe,western europe,proposed,
hnet,H-French-Colonial,18,reviews,theme,none:imperial_colonial_history,No atlas entry: imperial colonial history,proposed,
hnet,H-Texas,17,reviews,region,north_america,north america,proposed,
hnet,H-Romania,17,reviews,region,eastern_europe_russia,eastern europe russia,proposed,
hnet,H-Maritime,17,reviews,theme,none:maritime_ocean_history,No atlas entry: maritime ocean history,proposed,
hnet,H-LIS,17,reviews,theme,none:book_library_history,No atlas entry: book library history,proposed,
hnet,H-Biography,17,reviews,theme,biography,Biography / life writing,proposed,
hnet,H-Music,16,reviews,theme,none:music,No atlas entry: music,proposed,
hnet,H-Citizenship,16,reviews,theme,political,Political history,proposed,
hnet,H-New-Jersey,15,reviews,region,north_america,north america,proposed,
hnet,H-Haiti,15,reviews,region,latin_america_caribbean,latin america caribbean,proposed,
hnet,H-Podcast,13,reviews,general,general,General (not assignable),proposed,
hnet,H-Maps,13,reviews,theme,spatialhistory,Spatial history / Historical geography,proposed,
hnet,H-Ukraine,12,reviews,region,eastern_europe_russia,eastern europe russia,proposed,
hnet,H-Soyuz,12,reviews,region,eastern_europe_russia,eastern europe russia,proposed,
hnet,H-Southern-Music,12,reviews,region,north_america,north america,proposed,
hnet,H-Southern-Music,12,reviews,theme,none:music,No atlas entry: music,proposed,
hnet,H-Shukyo,12,reviews,region,east_asia,east asia,proposed,
hnet,H-Shukyo,12,reviews,theme,none:religious_history,No atlas entry: religious history,proposed,
hnet,H-Kentucky,12,reviews,region,north_america,north america,proposed,
hnet,H-Energy,12,reviews,theme,environment,Environmental history,proposed,
hnet,H-Energy,12,reviews,theme,technology,History of technology,proposed,
hnet,H-Black-Europe,12,reviews,theme,black,Black history,proposed,
hnet,H-Black-Europe,12,reviews,region,western_europe,western europe,proposed,
hnet,H-Pietism,11,reviews,theme,none:religious_history,No atlas entry: religious history,proposed,
hnet,H-Pietism,11,reviews,region,central_europe,central europe,proposed,
hnet,H-Pietism,11,reviews,period,early_modern,early modern,proposed,
hnet,H-Mediterranean,11,reviews,region,southern_europe,southern europe,proposed,
hnet,H-Mediterranean,11,reviews,region,middle_east,middle east,proposed,
hnet,H-Teach,9,reviews,pedagogy,teaching_history,Teaching history (pedagogy),reviewed,"Teaching history is the discipline's pedagogy, not a field of historical research, and is distinct from the history of education (a research theme). Moved to the pedagogy axis at user direction, 2026-09-26."
hnet,H-Rhetor,9,reviews,theme,none:rhetoric,No atlas entry: rhetoric,proposed,
hnet,H-High-S,9,reviews,pedagogy,teaching_history,Teaching history (pedagogy),reviewed,"Teaching history is the discipline's pedagogy, not a field of historical research, and is distinct from the history of education (a research theme). Moved to the pedagogy axis at user direction, 2026-09-26."
hnet,H-Local,8,reviews,theme,none:local_regional_history,No atlas entry: local regional history,proposed,
hnet,H-Grad,8,reviews,general,general,General (not assignable),proposed,
hnet,H-Dritter-Sektor,8,reviews,region,central_europe,central europe,proposed,
hnet,H-Death,8,reviews,theme,none:death_dying,No atlas entry: death dying,proposed,
hnet,H-Bahai,8,reviews,theme,none:religious_history,No atlas entry: religious history,proposed,
hnet,H-Animal,8,reviews,theme,none:animal_history,No atlas entry: animal history,proposed,
hnet,H-Medieval,7,reviews,period,medieval,medieval,proposed,
hnet,H-MMedia,7,reviews,theme,digital_history,Digital history,proposed,
hnet,H-DigiRhet,7,reviews,theme,digital_history,Digital history,proposed,
hnet,H-DigiRhet,7,reviews,theme,none:rhetoric,No atlas entry: rhetoric,proposed,
hnet,H-Communal-Societies,7,reviews,theme,none:utopian_communal,No atlas entry: utopian communal,proposed,
hnet,H-Scholar,6,reviews,general,general,General (not assignable),proposed,
hnet,H-Policy,6,reviews,theme,political,Political history,proposed,
hnet,H-Oralhist,6,reviews,theme,oral,Oral history,proposed,
hnet,H-NEXA,6,reviews,theme,science,History of science,proposed,
hnet,H-Midwest,6,reviews,region,north_america,north america,proposed,
hnet,H-Mexico,6,reviews,region,latin_america_caribbean,latin america caribbean,proposed,
hnet,H-Spain,5,reviews,region,southern_europe,southern europe,proposed,
hnet,H-OIEAHC,5,reviews,region,north_america,north america,proposed,
hnet,H-OIEAHC,5,reviews,period,early_modern,early modern,proposed,
hnet,H-IslamInAfrica,5,reviews,region,africa,africa,proposed,
hnet,H-IslamInAfrica,5,reviews,theme,none:religious_history,No atlas entry: religious history,proposed,
hnet,H-Envirohealth,5,reviews,theme,environment,Environmental history,proposed,
hnet,H-Envirohealth,5,reviews,theme,medicalhistory,Medical & health history,proposed,
hnet,H-Emotions,5,reviews,theme,none:history_of_emotions,No atlas entry: history of emotions,proposed,
hnet,H-Decol,5,reviews,theme,anticolonial,Anti-colonial histories,proposed,
hnet,H-Celebration,5,reviews,theme,none:festivals_celebration,No atlas entry: festivals celebration,proposed,
hnet,H-Utopia,4,reviews,theme,none:utopian_communal,No atlas entry: utopian communal,proposed,
hnet,H-PhysicalSciences,4,reviews,theme,science,History of science,proposed,
hnet,H-NewEngland,4,reviews,region,north_america,north america,proposed,
hnet,H-Portugal,3,reviews,region,southern_europe,southern europe,proposed,
hnet,H-Mideast-Politics,3,reviews,region,middle_east,middle east,proposed,
hnet,H-Mideast-Politics,3,reviews,theme,political,Political history,proposed,
hnet,H-HOAC,3,reviews,unknown,unknown,Scope not identified,uncertain,
hnet,H-CLC,3,reviews,unknown,unknown,Scope not identified,uncertain,
hnet,H-Afro-Am,3,reviews,theme,black,Black history,proposed,
hnet,H-Afro-Am,3,reviews,region,north_america,north america,proposed,
hnet,H-Maryland,2,reviews,region,north_america,north america,proposed,
hnet,H-Louisiana,2,reviews,region,north_america,north america,proposed,
hnet,H-Eugenics,2,reviews,theme,science,History of science,proposed,
hnet,H-Eugenics,2,reviews,theme,medicalhistory,Medical & health history,proposed,
hnet,H-Demog,2,reviews,theme,demography,Historical demography & history of the family,proposed,
hnet,H-ItAm,1,reviews,region,north_america,north america,proposed,
hnet,H-ItAm,1,reviews,theme,none:ethnic_history,No atlas entry: ethnic history,reviewed,"Ethnic history: communities and group identities, often studied within a national frame. Split from migration history at user direction, 2026-09-26."
hnet,H-Intel,1,reviews,theme,none:intelligence_history,No atlas entry: intelligence history,proposed,
hnet,H-Horn,1,reviews,region,africa,africa,proposed,
hnet,H-HistBibl,1,reviews,theme,none:book_library_history,No atlas entry: book library history,proposed,
hnet,H-Cervantes,1,reviews,region,southern_europe,southern europe,proposed,
hnet,H-Cervantes,1,reviews,theme,none:literature_film,No atlas entry: literature film,proposed,
rih,Britain and Ireland,1091,reviews,region,britain_ireland,britain ireland,proposed,
rih,20th Century,1061,reviews,period,contemporary_20c,contemporary 20c,proposed,
rih,18th-19th Century,961,reviews,period,modern_19c,modern 19c,proposed,
rih,Social History,910,reviews,theme,social,New social history,proposed,
rih,Political History,908,reviews,theme,political,Political history,proposed,
rih,Europe,710,reviews,region,europe,europe,proposed,
rih,16th-17th Century,545,reviews,period,early_modern,early modern,proposed,
rih,Cultural History,474,reviews,theme,culture,New cultural history,proposed,
rih,Medieval,415,reviews,period,medieval,medieval,proposed,
rih,Religious History,338,reviews,theme,none:religious_history,No atlas entry: religious history,proposed,
rih,Military History,331,reviews,theme,military,Military history,proposed,
rih,North America,284,reviews,region,north_america,north america,proposed,
rih,Imperial and Colonial,280,reviews,theme,none:imperial_colonial_history,No atlas entry: imperial colonial history,proposed,
rih,Intellectual History,239,reviews,theme,intellectualhistory,Intellectual history,proposed,
rih,International History,234,reviews,theme,none:diplomatic_international,No atlas entry: diplomatic international,proposed,
rih,Gender and Women,198,reviews,theme,gender,Gender history,proposed,
rih,Gender and Women,198,reviews,theme,women,Women’s history,proposed,
rih,World,194,reviews,theme,global,World / global / connected history,proposed,
rih,Economic History,193,reviews,theme,economic,Economic history,proposed,
rih,21st Century,180,reviews,period,contemporary_21c,contemporary 21c,proposed,
rih,Asia,168,reviews,region,asia,asia,proposed,
rih,Historiography,157,reviews,theme,philhistory,Explanation & objectivity debates,proposed,
rih,Urban History,115,reviews,theme,urbanhistory,Urban history,proposed,
rih,Science and Technology,113,reviews,theme,science,History of science,proposed,
rih,Science and Technology,113,reviews,theme,technology,History of technology,proposed,
rih,Legal History,108,reviews,theme,none:legal_history,No atlas entry: legal history,proposed,
rih,Medicine,102,reviews,theme,medicalhistory,Medical & health history,proposed,
rih,Middle East,74,reviews,region,middle_east,middle east,proposed,
rih,Administrative History,71,reviews,theme,political,Political history,proposed,
rih,Art and Architecture,64,reviews,theme,none:art_history,No atlas entry: art history,proposed,
rih,Ancient,64,reviews,period,ancient,ancient,proposed,
rih,Local and Regional History,50,reviews,theme,none:local_regional_history,No atlas entry: local regional history,proposed,
rih,Africa,48,reviews,region,africa,africa,proposed,
rih,Latin America and West Indies,45,reviews,region,latin_america_caribbean,latin america caribbean,proposed,
rih,Environmental History,44,reviews,theme,environment,Environmental history,proposed,
rih,Maritime History,41,reviews,theme,none:maritime_ocean_history,No atlas entry: maritime ocean history,proposed,
rih,Transport,34,reviews,theme,technology,History of technology,proposed,
rih,Education,33,reviews,theme,none:history_of_education,No atlas entry: history of education,reviewed,"History of education: a research theme with no atlas entry; distinct from teaching history (user direction, 2026-09-26)."
rih,Australasia and Pacific,32,reviews,region,oceania,oceania,proposed,
rih,Agriculture,30,reviews,theme,none:rural_agrarian,No atlas entry: rural agrarian,proposed,
rih,Philosophy of History,25,reviews,theme,philhistory,Explanation & objectivity debates,proposed,
rih,Global History,24,reviews,theme,global,World / global / connected history,proposed,
rih,Computing and History,23,reviews,theme,digital_history,Digital history,proposed,
rih,Palaeography and Diplomatic,20,reviews,theme,ranke,Critical historical scholarship,proposed,Auxiliary sciences mapped to critical historical scholarship.
rih,Historical Geography,17,reviews,theme,spatialhistory,Spatial history / Historical geography,proposed,
rih,Ancient History,14,reviews,period,ancient,ancient,proposed,
rih,"History of Gender, Sex and Sexualities",13,reviews,theme,gender,Gender history,proposed,
rih,"History of Gender, Sex and Sexualities",13,reviews,theme,queer,Sexuality & queer history,proposed,
rih,Women's History,11,reviews,theme,women,Women’s history,proposed,
rih,Byzantine History,9,reviews,period,medieval,medieval,proposed,
rih,Byzantine History,9,reviews,region,middle_east,middle east,proposed,
rih,Archaeology,5,reviews,theme,none:archaeology,No atlas entry: archaeology,proposed,
rih,Family History,4,reviews,theme,demography,Historical demography & history of the family,proposed,
rih,LGBTQ+ History,4,reviews,theme,queer,Sexuality & queer history,proposed,
rih,Food History,3,reviews,theme,consumption,Consumption & material culture,proposed,
rih,Labour History,2,reviews,theme,labourhistory,Labour history,proposed,
rih,History of Race,2,reviews,theme,racial_formation,Racial formation,proposed,
rih,East Asia,1,reviews,region,east_asia,east asia,proposed,
rih,History of Childhood,1,reviews,theme,none:childhood_youth,No atlas entry: childhood youth,proposed,
rih,History of Science,1,reviews,theme,science,History of science,proposed,
rih,History of Technology,1,reviews,theme,technology,History of technology,proposed,
journal,General history,46,selected journals,general,general,General (not assignable),proposed,
journal,"Business, labor and economics",34,selected journals,theme,economic,Economic history,proposed,
journal,"Business, labor and economics",34,selected journals,theme,labourhistory,Labour history,proposed,
journal,"Business, labor and economics",34,selected journals,theme,none:business_history,No atlas entry: business history,reviewed,"Business history (firms, entrepreneurs, management) is a distinct field, not economic history; user direction, 2026-09-26. The combined directory subject maps to all three components."
journal,United States,34,selected journals,region,north_america,north america,proposed,
journal,Social,23,selected journals,theme,social,New social history,proposed,
journal,Religion,18,selected journals,theme,none:religious_history,No atlas entry: religious history,proposed,
journal,Middle Ages,18,selected journals,period,medieval,medieval,proposed,
journal,Ideas and historiography,17,selected journals,theme,intellectualhistory,Intellectual history,proposed,
journal,Ideas and historiography,17,selected journals,theme,philhistory,Explanation & objectivity debates,proposed,
journal,Iberia,16,selected journals,region,southern_europe,southern europe,proposed,
journal,Science and technology,15,selected journals,theme,science,History of science,proposed,
journal,Science and technology,15,selected journals,theme,technology,History of technology,proposed,
journal,Eastern Europe and Balkans,15,selected journals,region,eastern_europe_russia,eastern europe russia,proposed,
journal,Europe,15,selected journals,region,europe,europe,proposed,
journal,Latin America and Caribbean,14,selected journals,region,latin_america_caribbean,latin america caribbean,proposed,
journal,Social sciences,13,selected journals,general,general,General (not assignable),reviewed,"Interdisciplinary directory placement covering unlike journals (Social Science History, Geschichte und Gesellschaft, The Public Historian, Contributions to the History of Concepts ...). Too broad to assign; journal-level rows and curated atlas links carry their themes. Was comparative historical sociology."
journal,Britain,13,selected journals,region,britain_ireland,britain ireland,proposed,
journal,Politics and public policy,10,selected journals,theme,political,Political history,proposed,
journal,Legal,10,selected journals,theme,none:legal_history,No atlas entry: legal history,proposed,
journal,Italy,10,selected journals,region,southern_europe,southern europe,proposed,
journal,East Asia,10,selected journals,region,east_asia,east asia,proposed,
journal,Modern and contemporary,9,selected journals,period,contemporary_20c,contemporary 20c,proposed,
journal,Ireland,9,selected journals,region,britain_ireland,britain ireland,proposed,
journal,Africa,8,selected journals,region,africa,africa,proposed,
journal,Ethnic and racial studies,8,selected journals,theme,racial_formation,Racial formation,proposed,
journal,Ethnic and racial studies,8,selected journals,theme,none:ethnic_history,No atlas entry: ethnic history,reviewed,"Ethnic history: communities and group identities, often studied within a national frame. Split from migration history at user direction, 2026-09-26."
journal,Australasia and Oceania,8,selected journals,region,oceania,oceania,proposed,
journal,Military,8,selected journals,theme,military,Military history,proposed,
journal,Jewish studies,7,selected journals,theme,none:jewish_studies,No atlas entry: jewish studies,proposed,
journal,International relations and diplomatic,7,selected journals,theme,none:diplomatic_international,No atlas entry: diplomatic international,proposed,
journal,Urban,7,selected journals,theme,urbanhistory,Urban history,proposed,
journal,Socialism and related political traditions,6,selected journals,theme,none:socialism_left_politics,No atlas entry: socialism left politics,proposed,
journal,Ancient,6,selected journals,period,ancient,ancient,proposed,
journal,Medicine and health,6,selected journals,theme,medicalhistory,Medical & health history,proposed,
journal,Regional or local history,6,selected journals,theme,none:local_regional_history,No atlas entry: local regional history,proposed,
journal,Russia and Eurasia,5,selected journals,region,eastern_europe_russia,eastern europe russia,proposed,
journal,Art,5,selected journals,theme,none:art_history,No atlas entry: art history,proposed,
journal,Anthropology and ethnography,5,selected journals,theme,anthropology,Anthropology & ethnography,proposed,
journal,France,5,selected journals,region,western_europe,western europe,proposed,
journal,Iberoamerica,5,selected journals,region,latin_america_caribbean,latin america caribbean,proposed,
journal,Iberoamerica,5,selected journals,region,southern_europe,southern europe,proposed,
journal,German-speaking Europe,5,selected journals,region,central_europe,central europe,proposed,
journal,Media and books,5,selected journals,theme,none:book_library_history,No atlas entry: book library history,proposed,
journal,Western Europe,5,selected journals,region,western_europe,western europe,proposed,
journal,Colonialism and empire,4,selected journals,theme,none:imperial_colonial_history,No atlas entry: imperial colonial history,proposed,
journal,Canada,4,selected journals,region,north_america,north america,proposed,
journal,Rural and agricultural,4,selected journals,theme,none:rural_agrarian,No atlas entry: rural agrarian,proposed,
journal,Education,4,selected journals,theme,none:history_of_education,No atlas entry: history of education,reviewed,"History of education: a research theme with no atlas entry; distinct from teaching history (user direction, 2026-09-26)."
journal,Women and gender studies,4,selected journals,theme,women,Women’s history,proposed,
journal,Women and gender studies,4,selected journals,theme,gender,Gender history,proposed,
journal,Demography and family,4,selected journals,theme,demography,Historical demography & history of the family,proposed,
journal,Cultural studies,4,selected journals,theme,culturalstudies,British cultural studies,proposed,
journal,Early modern,4,selected journals,period,early_modern,early modern,proposed,
journal,Indigenous studies,4,selected journals,theme,indigenous,Indigenous history & decolonizing methods,proposed,
journal,Genocide,4,selected journals,theme,none:genocide_studies,No atlas entry: genocide studies,proposed,
journal,Philosophy,3,selected journals,theme,philhistory,Explanation & objectivity debates,proposed,
journal,Art history,3,selected journals,theme,none:art_history,No atlas entry: art history,proposed,
journal,Poland,3,selected journals,region,eastern_europe_russia,eastern europe russia,proposed,
journal,Americas,3,selected journals,region,americas,americas,proposed,
journal,Central Europe,3,selected journals,region,central_europe,central europe,proposed,
journal,Sociology,3,selected journals,theme,historicalsociology,Comparative historical sociology,proposed,
journal,Low Countries,3,selected journals,region,western_europe,western europe,proposed,
journal,Environment,3,selected journals,theme,environment,Environmental history,proposed,
journal,Nordic Europe,3,selected journals,region,northern_europe,northern europe,proposed,
journal,Asia,3,selected journals,region,asia,asia,proposed,
journal,Sport,3,selected journals,theme,none:sport_history,No atlas entry: sport history,proposed,
journal,Baltic,2,selected journals,region,northern_europe,northern europe,proposed,
journal,Baltic,2,selected journals,region,eastern_europe_russia,eastern europe russia,proposed,
journal,Manuscript studies,2,selected journals,theme,ranke,Critical historical scholarship,proposed,Auxiliary sciences mapped to critical historical scholarship.
journal,Archaeology,2,selected journals,theme,none:archaeology,No atlas entry: archaeology,proposed,
journal,Colombia,2,selected journals,region,latin_america_caribbean,latin america caribbean,proposed,
journal,Architectural,2,selected journals,theme,none:art_history,No atlas entry: art history,proposed,
journal,Slavic studies,2,selected journals,region,eastern_europe_russia,eastern europe russia,proposed,
journal,Comparative and world,2,selected journals,theme,global,World / global / connected history,proposed,
journal,Cultural history,2,selected journals,theme,culture,New cultural history,proposed,
journal,World Wars,2,selected journals,theme,military,Military history,proposed,
journal,World Wars,2,selected journals,period,contemporary_20c,contemporary 20c,proposed,
journal,Memory studies,2,selected journals,theme,memory,Memory studies,proposed,
journal,South Asia,2,selected journals,region,south_asia,south asia,proposed,
journal,Geography,2,selected journals,theme,spatialhistory,Spatial history / Historical geography,proposed,
journal,Diaspora and migration,2,selected journals,theme,none:migration_history,No atlas entry: migration history,reviewed,"Migration history: movement across borders. Matches batch 09's proposed migration_history candidate (data/extension-2026/transnational-mobility-09/boundary-review.json) and is related to, not identical with, the Transnational history entry draft. Remap if either reaches production. Split from ethnic history at user direction, 2026-09-26."
journal,Diaspora and migration,2,selected journals,theme,atlantic,Atlantic & diaspora histories,proposed,
journal,Maritime,2,selected journals,theme,none:maritime_ocean_history,No atlas entry: maritime ocean history,proposed,
journal,Heritage and public history,2,selected journals,theme,publichistory,Public history,proposed,
journal,science,2,selected journals,theme,science,History of science,proposed,
journal,black,2,selected journals,theme,black,Black history,proposed,
journal,African American studies,2,selected journals,theme,black,Black history,proposed,
journal,African American studies,2,selected journals,region,north_america,north america,proposed,
journal,Middle East,2,selected journals,region,middle_east,middle east,proposed,
journal,Mediterranean,2,selected journals,region,southern_europe,southern europe,proposed,
journal,Mediterranean,2,selected journals,region,middle_east,middle east,proposed,
journal,Teaching and methods,1,selected journals,pedagogy,teaching_history,Teaching history (pedagogy),reviewed,"Teaching history is the discipline's pedagogy, not a field of historical research, and is distinct from the history of education (a research theme). Moved to the pedagogy axis at user direction, 2026-09-26."
journal,Nineteenth century,1,selected journals,period,modern_19c,modern 19c,proposed,
journal,Classical studies,1,selected journals,period,ancient,ancient,proposed,
journal,Archives,1,selected journals,theme,ranke,Critical historical scholarship,proposed,Archival practice mapped to critical historical scholarship.
journal,Eighteenth century,1,selected journals,period,early_modern,early modern,proposed,
journal,Humanities,1,selected journals,general,general,General (not assignable),proposed,
journal,History of civilization,1,selected journals,general,general,General (not assignable),proposed,
journal,Food history,1,selected journals,theme,consumption,Consumption & material culture,proposed,
journal,Colonial period,1,selected journals,theme,none:imperial_colonial_history,No atlas entry: imperial colonial history,proposed,
journal,gender,1,selected journals,theme,gender,Gender history,proposed,
journal,women,1,selected journals,theme,women,Women’s history,proposed,
journal,Mexico,1,selected journals,region,latin_america_caribbean,latin america caribbean,proposed,
journal,Hispanic world,1,selected journals,region,southern_europe,southern europe,proposed,
journal,Hispanic world,1,selected journals,region,latin_america_caribbean,latin america caribbean,proposed,
journal,holocaust,1,selected journals,theme,holocaust,Holocaust historiography,proposed,
journal,technology,1,selected journals,theme,technology,History of technology,proposed,
journal,economic,1,selected journals,theme,economic,Economic history,proposed,
journal,Egypt,1,selected journals,region,middle_east,middle east,proposed,
journal,Interdisciplinary history,1,selected journals,general,general,General (not assignable),proposed,
journal,Late Antiquity,1,selected journals,period,ancient,ancient,proposed,
journal,Late Antiquity,1,selected journals,period,medieval,medieval,proposed,
journal,Asia Pacific,1,selected journals,region,asia,asia,proposed,
journal,Asia Pacific,1,selected journals,region,oceania,oceania,proposed,
journal,social,1,selected journals,theme,social,New social history,proposed,
journal,queer,1,selected journals,theme,queer,Sexuality & queer history,proposed,
journal,Psychology and behavioral sciences,1,selected journals,theme,psychohistory,Psychohistory / psychoanalytic history,proposed,
journal,Transport and tourism,1,selected journals,theme,technology,History of technology,proposed,
journal,Transport and tourism,1,selected journals,theme,none:travel,No atlas entry: travel,proposed,
journal,Greece,1,selected journals,region,southern_europe,southern europe,proposed,
journal,Islamic studies,1,selected journals,theme,none:religious_history,No atlas entry: religious history,proposed,
journal,Islamic studies,1,selected journals,region,middle_east,middle east,proposed,
journal,Southeast Asia,1,selected journals,region,southeast_asia,southeast asia,proposed,
journal,Modern history since 1453,1,selected journals,period,early_modern,early modern,proposed,
journal,Modern history since 1453,1,selected journals,period,modern_19c,modern 19c,proposed,
journal,Modern history since 1453,1,selected journals,period,contemporary_20c,contemporary 20c,proposed,
journal,Dress and textile,1,selected journals,theme,consumption,Consumption & material culture,proposed,
journal,Turkey,1,selected journals,region,middle_east,middle east,proposed,
journal_title,Accounting History Review,,research-length items,theme,none:business_history,No atlas entry: business history,proposed,"Journal-level theme, replacing the combined directory subject 'Business, labor and economics', which cannot separate business, economic and labour history (user direction: business history is not economic history, 2026-09-26). Title-based proposal."
journal_title,African Economic History,,research-length items,theme,economic,Economic history,proposed,"Journal-level theme, replacing the combined directory subject 'Business, labor and economics', which cannot separate business, economic and labour history (user direction: business history is not economic history, 2026-09-26). Title-based proposal."
journal_title,Agricultural History,,research-length items,theme,none:rural_agrarian,No atlas entry: rural agrarian,proposed,"Journal-level theme, replacing the combined directory subject 'Business, labor and economics', which cannot separate business, economic and labour history (user direction: business history is not economic history, 2026-09-26). Title-based proposal."
journal_title,Agricultural History Review,,research-length items,theme,none:rural_agrarian,No atlas entry: rural agrarian,proposed,"Journal-level theme, replacing the combined directory subject 'Business, labor and economics', which cannot separate business, economic and labour history (user direction: business history is not economic history, 2026-09-26). Title-based proposal."
journal_title,American Communist History,,research-length items,theme,none:socialism_left_politics,No atlas entry: socialism left politics,proposed,"Journal-level theme, replacing the combined directory subject 'Business, labor and economics', which cannot separate business, economic and labour history (user direction: business history is not economic history, 2026-09-26). Title-based proposal."
journal_title,American Communist History,,research-length items,theme,labourhistory,Labour history,proposed,"Journal-level theme, replacing the combined directory subject 'Business, labor and economics', which cannot separate business, economic and labour history (user direction: business history is not economic history, 2026-09-26). Title-based proposal."
journal_title,"Annales. Histoire, Sciences sociales",,research-length items,theme,annales,Annales,proposed,"Journal-level theme, replacing the combined directory subject 'Business, labor and economics', which cannot separate business, economic and labour history (user direction: business history is not economic history, 2026-09-26). Title-based proposal."
journal_title,Arbeiderhistorie,,research-length items,theme,labourhistory,Labour history,proposed,"Journal-level theme, replacing the combined directory subject 'Business, labor and economics', which cannot separate business, economic and labour history (user direction: business history is not economic history, 2026-09-26). Title-based proposal."
journal_title,Archivos de Historia del Movimiento Obrero y la Izquierda,,research-length items,theme,labourhistory,Labour history,proposed,"Journal-level theme, replacing the combined directory subject 'Business, labor and economics', which cannot separate business, economic and labour history (user direction: business history is not economic history, 2026-09-26). Title-based proposal."
journal_title,Archivos de Historia del Movimiento Obrero y la Izquierda,,research-length items,theme,none:socialism_left_politics,No atlas entry: socialism left politics,proposed,"Journal-level theme, replacing the combined directory subject 'Business, labor and economics', which cannot separate business, economic and labour history (user direction: business history is not economic history, 2026-09-26). Title-based proposal."
journal_title,Business History,,research-length items,theme,none:business_history,No atlas entry: business history,proposed,"Journal-level theme, replacing the combined directory subject 'Business, labor and economics', which cannot separate business, economic and labour history (user direction: business history is not economic history, 2026-09-26). Title-based proposal."
journal_title,Cliometrica,,research-length items,theme,quant,Quantitative history,proposed,"Journal-level theme, replacing the combined directory subject 'Business, labor and economics', which cannot separate business, economic and labour history (user direction: business history is not economic history, 2026-09-26). Title-based proposal."
journal_title,Cliometrica,,research-length items,theme,economic,Economic history,proposed,"Journal-level theme, replacing the combined directory subject 'Business, labor and economics', which cannot separate business, economic and labour history (user direction: business history is not economic history, 2026-09-26). Title-based proposal."
journal_title,Communisme,,research-length items,theme,none:socialism_left_politics,No atlas entry: socialism left politics,proposed,"Journal-level theme, replacing the combined directory subject 'Business, labor and economics', which cannot separate business, economic and labour history (user direction: business history is not economic history, 2026-09-26). Title-based proposal."
journal_title,Economic History of Developing Regions,,research-length items,theme,economic,Economic history,proposed,"Journal-level theme, replacing the combined directory subject 'Business, labor and economics', which cannot separate business, economic and labour history (user direction: business history is not economic history, 2026-09-26). Title-based proposal."
journal_title,Enterprise and Society,,research-length items,theme,none:business_history,No atlas entry: business history,proposed,"Journal-level theme, replacing the combined directory subject 'Business, labor and economics', which cannot separate business, economic and labour history (user direction: business history is not economic history, 2026-09-26). Title-based proposal."
journal_title,Entreprises et Histoire,,research-length items,theme,none:business_history,No atlas entry: business history,proposed,"Journal-level theme, replacing the combined directory subject 'Business, labor and economics', which cannot separate business, economic and labour history (user direction: business history is not economic history, 2026-09-26). Title-based proposal."
journal_title,Essays in Economic & Business History,,research-length items,theme,economic,Economic history,proposed,"Journal-level theme, replacing the combined directory subject 'Business, labor and economics', which cannot separate business, economic and labour history (user direction: business history is not economic history, 2026-09-26). Title-based proposal."
journal_title,Essays in Economic & Business History,,research-length items,theme,none:business_history,No atlas entry: business history,proposed,"Journal-level theme, replacing the combined directory subject 'Business, labor and economics', which cannot separate business, economic and labour history (user direction: business history is not economic history, 2026-09-26). Title-based proposal."
journal_title,European Review of Economic History,,research-length items,theme,economic,Economic history,proposed,"Journal-level theme, replacing the combined directory subject 'Business, labor and economics', which cannot separate business, economic and labour history (user direction: business history is not economic history, 2026-09-26). Title-based proposal."
journal_title,Explorations in Economic History,,research-length items,theme,economic,Economic history,proposed,"Journal-level theme, replacing the combined directory subject 'Business, labor and economics', which cannot separate business, economic and labour history (user direction: business history is not economic history, 2026-09-26). Title-based proposal."
journal_title,Financial History Review,,research-length items,theme,economic,Economic history,proposed,"Journal-level theme, replacing the combined directory subject 'Business, labor and economics', which cannot separate business, economic and labour history (user direction: business history is not economic history, 2026-09-26). Title-based proposal."
journal_title,Historical Studies in Industrial Relations,,research-length items,theme,labourhistory,Labour history,proposed,"Journal-level theme, replacing the combined directory subject 'Business, labor and economics', which cannot separate business, economic and labour history (user direction: business history is not economic history, 2026-09-26). Title-based proposal."
journal_title,History of Economic Ideas,,research-length items,theme,intellectualhistory,Intellectual history,proposed,"Journal-level theme, replacing the combined directory subject 'Business, labor and economics', which cannot separate business, economic and labour history (user direction: business history is not economic history, 2026-09-26). Title-based proposal."
journal_title,History of Economic Ideas,,research-length items,theme,economictheory,Political economy & economic theory,proposed,"Journal-level theme, replacing the combined directory subject 'Business, labor and economics', which cannot separate business, economic and labour history (user direction: business history is not economic history, 2026-09-26). Title-based proposal."
journal_title,History of Economic Thought and Policy,,research-length items,theme,intellectualhistory,Intellectual history,proposed,"Journal-level theme, replacing the combined directory subject 'Business, labor and economics', which cannot separate business, economic and labour history (user direction: business history is not economic history, 2026-09-26). Title-based proposal."
journal_title,History of Economic Thought and Policy,,research-length items,theme,economictheory,Political economy & economic theory,proposed,"Journal-level theme, replacing the combined directory subject 'Business, labor and economics', which cannot separate business, economic and labour history (user direction: business history is not economic history, 2026-09-26). Title-based proposal."
journal_title,History of Political Economy,,research-length items,theme,intellectualhistory,Intellectual history,proposed,"Journal-level theme, replacing the combined directory subject 'Business, labor and economics', which cannot separate business, economic and labour history (user direction: business history is not economic history, 2026-09-26). Title-based proposal."
journal_title,History of Political Economy,,research-length items,theme,economictheory,Political economy & economic theory,proposed,"Journal-level theme, replacing the combined directory subject 'Business, labor and economics', which cannot separate business, economic and labour history (user direction: business history is not economic history, 2026-09-26). Title-based proposal."
journal_title,History of Retailing and Consumption,,research-length items,theme,consumption,Consumption & material culture,proposed,"Journal-level theme, replacing the combined directory subject 'Business, labor and economics', which cannot separate business, economic and labour history (user direction: business history is not economic history, 2026-09-26). Title-based proposal."
journal_title,History of Retailing and Consumption,,research-length items,theme,none:business_history,No atlas entry: business history,proposed,"Journal-level theme, replacing the combined directory subject 'Business, labor and economics', which cannot separate business, economic and labour history (user direction: business history is not economic history, 2026-09-26). Title-based proposal."
journal_title,International Labor and Working Class History,,research-length items,theme,labourhistory,Labour history,proposed,"Journal-level theme, replacing the combined directory subject 'Business, labor and economics', which cannot separate business, economic and labour history (user direction: business history is not economic history, 2026-09-26). Title-based proposal."
journal_title,Irish Economic and Social History,,research-length items,theme,economic,Economic history,proposed,"Journal-level theme, replacing the combined directory subject 'Business, labor and economics', which cannot separate business, economic and labour history (user direction: business history is not economic history, 2026-09-26). Title-based proposal."
journal_title,Irish Economic and Social History,,research-length items,theme,social,New social history,proposed,"Journal-level theme, replacing the combined directory subject 'Business, labor and economics', which cannot separate business, economic and labour history (user direction: business history is not economic history, 2026-09-26). Title-based proposal."
journal_title,Journal of Economic History,,research-length items,theme,economic,Economic history,proposed,"Journal-level theme, replacing the combined directory subject 'Business, labor and economics', which cannot separate business, economic and labour history (user direction: business history is not economic history, 2026-09-26). Title-based proposal."
journal_title,Journal of the Economic and Social History of the Orient,,research-length items,theme,economic,Economic history,proposed,"Journal-level theme, replacing the combined directory subject 'Business, labor and economics', which cannot separate business, economic and labour history (user direction: business history is not economic history, 2026-09-26). Title-based proposal."
journal_title,Journal of the Economic and Social History of the Orient,,research-length items,theme,social,New social history,proposed,"Journal-level theme, replacing the combined directory subject 'Business, labor and economics', which cannot separate business, economic and labour history (user direction: business history is not economic history, 2026-09-26). Title-based proposal."
journal_title,Journal of the History of Economic Thought,,research-length items,theme,intellectualhistory,Intellectual history,proposed,"Journal-level theme, replacing the combined directory subject 'Business, labor and economics', which cannot separate business, economic and labour history (user direction: business history is not economic history, 2026-09-26). Title-based proposal."
journal_title,Journal of the History of Economic Thought,,research-length items,theme,economictheory,Political economy & economic theory,proposed,"Journal-level theme, replacing the combined directory subject 'Business, labor and economics', which cannot separate business, economic and labour history (user direction: business history is not economic history, 2026-09-26). Title-based proposal."
journal_title,Labor History,,research-length items,theme,labourhistory,Labour history,proposed,"Journal-level theme, replacing the combined directory subject 'Business, labor and economics', which cannot separate business, economic and labour history (user direction: business history is not economic history, 2026-09-26). Title-based proposal."
journal_title,Labour History,,research-length items,theme,labourhistory,Labour history,proposed,"Journal-level theme, replacing the combined directory subject 'Business, labor and economics', which cannot separate business, economic and labour history (user direction: business history is not economic history, 2026-09-26). Title-based proposal."
journal_title,Labour History Review,,research-length items,theme,labourhistory,Labour history,proposed,"Journal-level theme, replacing the combined directory subject 'Business, labor and economics', which cannot separate business, economic and labour history (user direction: business history is not economic history, 2026-09-26). Title-based proposal."
journal_title,Quinto Sol,,research-length items,theme,social,New social history,proposed,"Journal-level theme, replacing the combined directory subject 'Business, labor and economics', which cannot separate business, economic and labour history (user direction: business history is not economic history, 2026-09-26). Title-based proposal."
journal_title,Scandinavian Economic History Review,,research-length items,theme,economic,Economic history,proposed,"Journal-level theme, replacing the combined directory subject 'Business, labor and economics', which cannot separate business, economic and labour history (user direction: business history is not economic history, 2026-09-26). Title-based proposal."
journal_title,The Economic History Review,,research-length items,theme,economic,Economic history,proposed,"Journal-level theme, replacing the combined directory subject 'Business, labor and economics', which cannot separate business, economic and labour history (user direction: business history is not economic history, 2026-09-26). Title-based proposal."
journal_title,Social Science History,,research-length items,theme,none:social_science_history,No atlas entry: social science history,reviewed,"Social science history is a distinct field with no atlas entry; user direction, 2026-09-26."
journal_title,Historical Social Research,,research-length items,theme,none:social_science_history,No atlas entry: social science history,proposed,Historische Sozialforschung: quantitative social science history.
journal_title,Historical Social Research,,research-length items,theme,quant,Quantitative history,proposed,Historische Sozialforschung: quantitative social science history.
journal_title,Journal of Interdisciplinary History,,research-length items,theme,none:social_science_history,No atlas entry: social science history,proposed,Closely associated with social science history; curated atlas links add quantitative history and demography.
journal_title,Contributions to the History of Concepts,,research-length items,theme,conceptual,Conceptual history / Begriffsgeschichte,proposed,Journal of conceptual history (Begriffsgeschichte).
journal_title,History of the Human Sciences,,research-length items,theme,intellectualhistory,Intellectual history,proposed,
journal_title,History of the Human Sciences,,research-length items,theme,science,History of science,proposed,
journal_title,Journal of the History of the Behavioral Sciences,,research-length items,theme,science,History of science,proposed,
journal_title,Family and Community History,,research-length items,theme,demography,Historical demography & history of the family,proposed,History of the family and community.
journal_title,Ethnohistory,,research-length items,theme,ethnohistory,Ethnohistory,reviewed,"The field's own journal (American Society for Ethnohistory, 1954-). Added at user direction, 2026-09-26, following data/field-research/indigenous-ethnohistory-2026-09-26.md. The atlas's curated link to Indigenous history remains; it carries research about Indigenous peoples rather than Indigenous-led work, and its stated scope also covers diasporic and minority peoples."
journal_title,Historical Methods,,research-length items,theme,quant,Quantitative history,reviewed,"Quantitative and interdisciplinary history (user's journal); rolls up into social science history. Supplement collection, 2026-09-26."
journal_title,Historical Methods,,research-length items,theme,digital_history,Digital history,reviewed,User direction 2026-09-26: Historical Methods includes social science history methods and digital history methods.
journal_title,Journal of Digital History,,research-length items,theme,digital_history,Digital history,reviewed,"Digital-history journal (2021-), added at user direction 2026-09-26. Born-digital: all journal articles count as research items."
journal_title,Historical Methods,,research-length items,theme,none:social_science_history,No atlas entry: social science history,reviewed,User direction 2026-09-26: Historical Methods includes social science history methods and digital history methods.
