publisher,record_type,pagination_status,length_band,records
JSTOR,journal-article,missing,unknown,6
JSTOR,journal-article,non_numeric_or_complex,unknown,1
JSTOR,journal-article,start_only,unknown,51843
Oxford University Press (OUP),journal-article,expanded_abbreviated_range,1-3,1
Oxford University Press (OUP),journal-article,expanded_abbreviated_range,40-200,1
Oxford University Press (OUP),journal-article,explicit_numeric_range,1-3,74246
Oxford University Press (OUP),journal-article,explicit_numeric_range,10-19,1589
Oxford University Press (OUP),journal-article,explicit_numeric_range,20-39,1913
Oxford University Press (OUP),journal-article,explicit_numeric_range,4-9,2355
Oxford University Press (OUP),journal-article,explicit_numeric_range,40-200,368
Oxford University Press (OUP),journal-article,missing,unknown,277
Oxford University Press (OUP),journal-article,non_numeric_or_complex,unknown,783
Oxford University Press (OUP),journal-article,range_needs_review,unknown,13
Oxford University Press (OUP),journal-article,reversed_range,unknown,73
Oxford University Press (OUP),journal-article,start_only,unknown,770
Oxford University Press (OUP),journal-issue,missing,unknown,336
Test accounts,journal-article,start_only,unknown,1
