lens,entry,entry_label,person,person_label,k,lens_reviews,person_reviews_all,lift,linked,surname_in_text,networks,years,top_cell_share,linked_elsewhere,judgement,note
approach,culture,New cultural history,hans_ulrich_wehler,Hans-Ulrich Wehler,35,381,267,17.04,False,False,2,11,0.57,bielefeld;micro,,
approach,culture,New cultural history,ute_frevert,Ute Frevert,25,381,144,22.56,False,False,1,5,0.84,bielefeld;gender;women,,
approach,culture,New cultural history,ernest_gellner,Ernest Gellner,21,381,94,29.04,False,False,2,2,0.95,nationalismstudies,,
approach,bielefeld,West German historical social science / Sonderweg,pratibha_parmar,Pratibha Parmar,20,1109,20,44.65,False,False,1,1,1.0,culturalstudies,,
approach,culture,New cultural history,pratibha_parmar,Pratibha Parmar,20,381,20,129.97,False,False,1,1,1.0,culturalstudies,,
approach,gender,Gender history,pratibha_parmar,Pratibha Parmar,20,789,20,62.76,False,False,1,1,1.0,culturalstudies,,
approach,culture,New cultural history,eric_hobsbawm,Eric Hobsbawm,28,381,289,12.59,False,False,6,8,0.71,anthropology;labourhistory;marx;nationalismstudies;revival;social;truthdebate,,
approach,gender,Gender history,arthur_marwick,Arthur Marwick,16,789,46,21.83,False,False,2,2,0.94,truthdebate,,
approach,bielefeld,West German historical social science / Sonderweg,ernest_gellner,Ernest Gellner,25,1109,94,11.88,False,False,3,5,0.8,nationalismstudies,,
approach,gender,Gender history,ernest_gellner,Ernest Gellner,20,789,94,13.35,False,False,1,1,1.0,nationalismstudies,,
approach,culture,New cultural history,benedict_anderson,Benedict Anderson,23,381,262,11.41,False,False,4,4,0.87,nationalismstudies,,
approach,gender,Gender history,hans_ulrich_wehler,Hans-Ulrich Wehler,32,789,267,7.52,False,False,2,10,0.62,bielefeld;micro,,
approach,social,New social history,fritz_fischer,Fritz Fischer,12,237,74,33.88,False,False,2,3,0.83,bielefeld,,
approach,memory,Memory studies,hans_mommsen,Hans Mommsen,37,2151,136,6.26,False,False,3,8,0.73,holocaust,,
approach,bielefeld,West German historical social science / Sonderweg,arthur_marwick,Arthur Marwick,15,1109,46,14.56,False,False,1,1,1.0,truthdebate,,
approach,bielefeld,West German historical social science / Sonderweg,eric_hobsbawm,Eric Hobsbawm,37,1109,289,5.72,False,False,4,11,0.54,anthropology;labourhistory;marx;nationalismstudies;revival;social;truthdebate,,
approach,social,New social history,leopold_von_ranke,Leopold von Ranke,10,237,74,28.24,False,False,1,1,1.0,historicism;philhistory;political;ranke,,
approach,social,New social history,wolfgang_j_mommsen,Wolfgang J. Mommsen,10,237,66,31.66,False,False,1,1,1.0,bielefeld,,
approach,bielefeld,West German historical social science / Sonderweg,immanuel_wallerstein,Immanuel Wallerstein,19,1109,87,9.75,False,False,3,4,0.79,dependency,,
approach,gender,Gender history,herbert_marcuse,Herbert Marcuse,17,789,98,10.89,False,False,1,2,0.88,frankfurt;psychohistory,,
approach,gender,Gender history,immanuel_wallerstein,Immanuel Wallerstein,16,789,87,11.54,False,False,1,2,0.94,dependency,,
approach,memory,Memory studies,arthur_marwick,Arthur Marwick,19,2151,46,9.51,False,False,4,5,0.79,truthdebate,,
approach,bielefeld,West German historical social science / Sonderweg,herbert_marcuse,Herbert Marcuse,19,1109,98,8.66,False,False,3,5,0.79,frankfurt;psychohistory,,
approach,bielefeld,West German historical social science / Sonderweg,benedict_anderson,Benedict Anderson,30,1109,262,5.11,False,False,3,7,0.67,nationalismstudies,,
approach,marx,Marxist social history,arthur_marwick,Arthur Marwick,17,2215,46,8.26,False,False,2,3,0.88,truthdebate,,
approach,memory,Memory studies,hans_ulrich_wehler,Hans-Ulrich Wehler,40,2151,267,3.45,False,False,2,10,0.68,bielefeld;micro,,
approach,gender,Gender history,benedict_anderson,Benedict Anderson,23,789,262,5.51,False,False,3,4,0.87,nationalismstudies,,
approach,gender,Gender history,eric_hobsbawm,Eric Hobsbawm,24,789,289,5.21,False,False,2,4,0.88,anthropology;labourhistory;marx;nationalismstudies;revival;social;truthdebate,,
approach,bielefeld,West German historical social science / Sonderweg,walter_benjamin,Walter Benjamin,28,1109,376,3.33,False,False,2,10,0.54,frankfurt,,
approach,marx,Marxist social history,fritz_fischer,Fritz Fischer,17,2215,74,5.14,False,False,2,5,0.59,bielefeld,,
approach,gender,Gender history,jurgen_habermas,Jürgen Habermas,19,789,311,3.83,False,False,1,5,0.79,frankfurt,,
approach,memory,Memory studies,fritz_fischer,Fritz Fischer,15,2151,74,4.67,False,False,2,4,0.73,bielefeld,,
approach,memory,Memory studies,wolfgang_j_mommsen,Wolfgang J. Mommsen,14,2151,66,4.88,False,False,1,4,0.71,bielefeld,,
approach,marx,Marxist social history,leopold_von_ranke,Leopold von Ranke,15,2215,74,4.53,False,False,2,6,0.67,historicism;philhistory;political;ranke,,
approach,memory,Memory studies,herbert_marcuse,Herbert Marcuse,17,2151,98,3.99,False,False,1,3,0.88,frankfurt;psychohistory,,
approach,memory,Memory studies,immanuel_wallerstein,Immanuel Wallerstein,16,2151,87,4.23,False,False,1,2,0.94,dependency,,
approach,memory,Memory studies,leopold_von_ranke,Leopold von Ranke,13,2151,74,4.04,False,False,3,4,0.77,historicism;philhistory;political;ranke,,
approach,social,New social history,max_weber,Max Weber,12,237,620,4.04,False,False,3,3,0.83,conceptual;historicalecon;weber,,
approach,gender,Gender history,walter_benjamin,Walter Benjamin,16,789,376,2.67,False,False,1,2,0.94,frankfurt,,
